dataproduct_type,obs_collection,instrument_name,project,filters,wavelength_region,target_name,target_classification,obs_id,s_ra,s_dec,proposal_id,proposal_pi,calib_level,t_min,t_max,t_exptime,em_min,em_max,obs_title,t_obs_release,s_region,jpegURL,obsid,objID,distance,group,litidx,Datasetml,group1,SimbadName
image,HST,WFPC2/WFC,,F450W,,NGC121,,,6.705,-71.535,5475,,,49378.977981,49378.984925,600.0,,,,,POLYGON J2000 6.6005871883918017 -71.519772918212382 6.6443931658373963 -71.558886039704234 6.7696691672559943 -71.544764235869749 6.7256398191647868 -71.505679940109275 6.6005871883918017 -71.519772918212382,,,,,,,u26m0101t,17,NGC121
image,HST,WFPC2/WFC,,F555W,,NGC121,,,6.705,-71.535,5475,,,49378.987703,49378.991175,300.0,,,,,POLYGON J2000 6.6005728812406446 -71.519770771527263 6.644378845784753 -71.55888389391491 6.7696548360449391 -71.544762092651453 6.7256255008765855 -71.505677795985832 6.6005728812406446 -71.519770771527263,,,,,,,u26m0102t,17,NGC121
image,HST,WFPC2/WFC,,F450W,,NGC330,,,14.075,-72.463889,5475,,,49379.206452,49379.207377,80.0,,,,,POLYGON J2000 13.9600397785103 -72.452675300668375 14.021118804168969 -72.489875253586945 14.14633514492378 -72.471162191359426 14.085062360295209 -72.434000623949501 13.9600397785103 -72.452675300668375,,,,,,,u26m0b01t,3,NGC330
image,HST,WFPC2/WFC,,F555W,,NGC330,,,14.075,-72.463889,5475,,,49379.209229,49379.209692000004,40.0,,,,,POLYGON J2000 13.960024000829597 -72.452673704569435 14.021103012149394 -72.4898736588205 14.146319346393247 -72.471160599331824 14.085046576093637 -72.433999030580523 13.960024000829597 -72.452673704569435,,,,,,,u26m0b02t,3,NGC330
image,HST,WFPC2/WFC,,F606W,,PARALLEL-FIELD,,,10.097760000000001,-72.731748,5091,,,49841.969642000004,49841.983531,1200.0,,,,,POLYGON J2000 10.163090081656096 -72.712545457198246 10.018786003042921 -72.711839726711034 10.01619838856457 -72.755277376468797 10.160854788956367 -72.755984830483257 10.163090081656096 -72.712545457198246,,,,,,,u27z6701t,12,Kron16
image,HST,WFPC2/WFC,,F814W,,PARALLEL-FIELD,,,10.097760000000001,-72.731748,5091,,,49842.040475,49842.054363999996,1200.0,,,,,POLYGON J2000 10.163114492249306 -72.7125448822012 10.018716960662326 -72.711838665241686 10.016129131858563 -72.75527631386764 10.160879213361479 -72.755984255546707 10.163114492249306 -72.7125448822012,,,,,,,u27z6702t,12,Kron16
image,HST,WFPC2/WFC,,F336W,,NGC346,,,14.75875,-72.175278,5678,,,49623.466162,49623.466209,4.0,,,,,POLYGON J2000 14.768767232482711 -72.191390444305625 14.848023077960741 -72.155990478432912 14.73118012848154 -72.131418113621677 14.65180579318208 -72.166770888709365 14.768767232482711 -72.191390444305625,,,,,,,u2i10101t,10,SSN2007Sc12
image,HST,WFPC2/WFC,,F336W,,NGC346,,,14.75875,-72.175278,5678,,,49623.467551,49623.467598,4.0,,,,,POLYGON J2000 14.768767232482711 -72.191390444305625 14.848023077960741 -72.155990478432912 14.73118012848154 -72.131418113621677 14.65180579318208 -72.166770888709365 14.768767232482711 -72.191390444305625,,,,,,,u2i10102t,10,SSN2007Sc12
image,HST,WFPC2/WFC,,F336W,,NGC346,,,14.75875,-72.175278,5678,,,49623.46894,49623.469033,8.0,,,,,POLYGON J2000 14.768767232482711 -72.191390444305625 14.848023077960741 -72.155990478432912 14.73118012848154 -72.131418113621677 14.65180579318208 -72.166770888709365 14.768767232482711 -72.191390444305625,,,,,,,u2i10103t,10,SSN2007Sc12
image,HST,WFPC2/WFC,,F439W,,NGC346,,,14.75875,-72.175278,5678,,,49623.471023000006,49623.47107,4.0,,,,,POLYGON J2000 14.768772595604167 -72.191397344351373 14.848028468985106 -72.155997378107145 14.731110866314733 -72.131409280379458 14.6517364277544 -72.166762025643251 14.768772595604167 -72.191397344351373,,,,,,,u2i10104t,10,SSN2007Sc12
image,HST,WFPC2/WFC,,F439W,,NGC346,,,14.75875,-72.175278,5678,,,49623.472412,49623.472459,4.0,,,,,POLYGON J2000 14.768772595604167 -72.191397344351373 14.848028468985106 -72.155997378107145 14.731110866314733 -72.131409280379458 14.6517364277544 -72.166762025643251 14.768772595604167 -72.191397344351373,,,,,,,u2i10105t,10,SSN2007Sc12
image,HST,WFPC2/WFC,,F439W,,NGC346,,,14.75875,-72.175278,5678,,,49623.473801,49623.473894,8.0,,,,,POLYGON J2000 14.768772595604167 -72.191397344351373 14.848028468985106 -72.155997378107145 14.731110866314733 -72.131409280379458 14.6517364277544 -72.166762025643251 14.768772595604167 -72.191397344351373,,,,,,,u2i10106t,10,SSN2007Sc12
image,HST,WFPC2/WFC,,F555W,,BRUCK-83,,,13.876833,-73.072861,6229,,,49910.173809,49910.177281000004,300.0,,,,,POLYGON J2000 14.007281885497436 -73.072501541663698 13.903069874852076 -73.042177111219956 13.797545117912751 -73.072865684566551 13.90175701965817 -73.103243576744106 14.007281885497436 -73.072501541663698,,,,,,,u2o90301t,1.0,Bruck83
image,HST,WFPC2/WFC,,F555W,,BRUCK-83,,,13.876833,-73.072861,6229,,,49910.179363999996,49910.190938,1000.0,,,,,POLYGON J2000 14.007281885497436 -73.072501541663698 13.903069874852076 -73.042177111219956 13.797545117912751 -73.072865684566551 13.90175701965817 -73.103243576744106 14.007281885497436 -73.072501541663698,,,,,,,u2o90302t,1.0,Bruck83
image,HST,WFPC2/WFC,,F555W,,BRUCK-83,,,13.876833,-73.072861,6229,,,49910.192558999996,49910.204133,1000.0,,,,,POLYGON J2000 14.007281885497436 -73.072501541663698 13.903069874852076 -73.042177111219956 13.797545117912751 -73.072865684566551 13.90175701965817 -73.103243576744106 14.007281885497436 -73.072501541663698,,,,,,,u2o90303t,1.0,Bruck83
image,HST,WFPC2/WFC,,F555W,,BRUCK-83,,,13.876833,-73.072861,6229,,,49910.225197,49910.240244,1300.0,,,,,POLYGON J2000 14.007281885497436 -73.072501541663698 13.903069874852076 -73.042177111219956 13.797545117912751 -73.072865684566551 13.90175701965817 -73.103243576744106 14.007281885497436 -73.072501541663698,,,,,,,u2o90304t,1.0,Bruck83
image,HST,WFPC2/WFC,,F555W,,BRUCK-83,,,13.876833,-73.072861,6229,,,49910.241863999996,49910.260383,1600.0,,,,,POLYGON J2000 14.007281885497436 -73.072501541663698 13.903069874852076 -73.042177111219956 13.797545117912751 -73.072865684566551 13.90175701965817 -73.103243576744106 14.007281885497436 -73.072501541663698,,,,,,,u2o90305t,1.0,Bruck83
image,HST,WFPC2/WFC,,F814W,,BRUCK-83,,,13.876833,-73.072861,6229,,,49910.291864,49910.294179000004,200.0,,,,,POLYGON J2000 14.007296357338115 -73.072501618695938 13.903084328906822 -73.042177193304965 13.79755958897395 -73.072865771767653 13.901771508632393 -73.103243658892765 14.007296357338115 -73.072501618695938,,,,,,,u2o90306t,1.0,Bruck83
image,HST,WFPC2/WFC,,F814W,,BRUCK-83,,,13.876833,-73.072861,6229,,,49910.296031,49910.30992,1200.0,,,,,POLYGON J2000 14.007296357338115 -73.072501618695938 13.903084328906822 -73.042177193304965 13.79755958897395 -73.072865771767653 13.901771508632393 -73.103243658892765 14.007296357338115 -73.072501618695938,,,,,,,u2o90307t,1.0,Bruck83
image,HST,WFPC2/WFC,,F814W,,BRUCK-83,,,13.876833,-73.072861,6229,,,49910.312003,49910.327049,1300.0,,,,,POLYGON J2000 14.007296357338115 -73.072501618695938 13.903084328906822 -73.042177193304965 13.79755958897395 -73.072865771767653 13.901771508632393 -73.103243658892765 14.007296357338115 -73.072501618695938,,,,,,,u2o90308t,1.0,Bruck83
image,HST,WFPC2/WFC,,F814W,,BRUCK-83,,,13.876833,-73.072861,6229,,,49910.358531,49910.373577,1300.0,,,,,POLYGON J2000 14.007296357338115 -73.072501618695938 13.903084328906822 -73.042177193304965 13.79755958897395 -73.072865771767653 13.901771508632393 -73.103243658892765 14.007296357338115 -73.072501618695938,,,,,,,u2o90309t,1.0,Bruck83
image,HST,WFPC2/WFC,,F814W,,BRUCK-83,,,13.876833,-73.072861,6229,,,49910.375197,49910.393716000006,1600.0,,,,,POLYGON J2000 14.007296357338115 -73.072501618695938 13.903084328906822 -73.042177193304965 13.79755958897395 -73.072865771767653 13.901771508632393 -73.103243658892765 14.007296357338115 -73.072501618695938,,,,,,,u2o9030at,1.0,Bruck83
image,HST,WFPC2/WFC,,F555W,,NGC121,,,6.70375,-71.53666700000001,6604,,,51316.72585,51316.730479000005,400.0,,,,,POLYGON J2000 6.7785780918660512 -71.50901780631412 6.6479942560211569 -71.511712013232966 6.6564796349377673 -71.553681583069007 6.787348946767036 -71.550981461091567 6.7785780918660512 -71.50901780631412,,,,,,,u3770501r,17,NGC121
image,HST,WFPC2/WFC,,F555W,,NGC121,,,6.70375,-71.53666700000001,6604,,,51316.7321,51316.736729000004,400.0,,,,,POLYGON J2000 6.7785780918660512 -71.50901780631412 6.6479942560211569 -71.511712013232966 6.6564796349377673 -71.553681583069007 6.787348946767036 -71.550981461091567 6.7785780918660512 -71.50901780631412,,,,,,,u3770502r,17,NGC121
image,HST,WFPC2/WFC,,F555W,,NGC121,,,6.70375,-71.53666700000001,6604,,,51316.783489,51316.788118000004,400.0,,,,,POLYGON J2000 6.7785780918660512 -71.50901780631412 6.6479942560211569 -71.511712013232966 6.6564796349377673 -71.553681583069007 6.787348946767036 -71.550981461091567 6.7785780918660512 -71.50901780631412,,,,,,,u3770503r,17,NGC121
image,HST,WFPC2/WFC,,F555W,,NGC121,,,6.70375,-71.53666700000001,6604,,,51316.789739,51316.794368,400.0,,,,,POLYGON J2000 6.7785780918660512 -71.50901780631412 6.6479942560211569 -71.511712013232966 6.6564796349377673 -71.553681583069007 6.787348946767036 -71.550981461091567 6.7785780918660512 -71.50901780631412,,,,,,,u3770504r,17,NGC121
image,HST,WFPC2/WFC,,F555W,,NGC121,,,6.70375,-71.53666700000001,6604,,,51316.820293000004,51316.820756,40.0,,,,,POLYGON J2000 6.7785780918660512 -71.50901780631412 6.6479942560211569 -71.511712013232966 6.6564796349377673 -71.553681583069007 6.787348946767036 -71.550981461091567 6.7785780918660512 -71.50901780631412,,,,,,,u3770505r,17,NGC121
image,HST,WFPC2/WFC,,F555W,,NGC121,,,6.70375,-71.53666700000001,6604,,,51316.821682,51316.822145,40.0,,,,,POLYGON J2000 6.7785780918660512 -71.50901780631412 6.6479942560211569 -71.511712013232966 6.6564796349377673 -71.553681583069007 6.787348946767036 -71.550981461091567 6.7785780918660512 -71.50901780631412,,,,,,,u3770506r,17,NGC121
image,HST,WFPC2/WFC,,F555W,,NGC121,,,6.70375,-71.53666700000001,6604,,,51316.823071,51316.823533999996,40.0,,,,,POLYGON J2000 6.7785780918660512 -71.50901780631412 6.6479942560211569 -71.511712013232966 6.6564796349377673 -71.553681583069007 6.787348946767036 -71.550981461091567 6.7785780918660512 -71.50901780631412,,,,,,,u3770507r,17,NGC121
image,HST,WFPC2/WFC,,F555W,,NGC121,,,6.70375,-71.53666700000001,6604,,,51316.82446,51316.824922,40.0,,,,,POLYGON J2000 6.7785780918660512 -71.50901780631412 6.6479942560211569 -71.511712013232966 6.6564796349377673 -71.553681583069007 6.787348946767036 -71.550981461091567 6.7785780918660512 -71.50901780631412,,,,,,,u3770508r,17,NGC121
image,HST,WFPC2/WFC,,F555W,,NGC121,,,6.70375,-71.53666700000001,6604,,,51316.825848,51316.826311000004,40.0,,,,,POLYGON J2000 6.7785780918660512 -71.50901780631412 6.6479942560211569 -71.511712013232966 6.6564796349377673 -71.553681583069007 6.787348946767036 -71.550981461091567 6.7785780918660512 -71.50901780631412,,,,,,,u3770509r,17,NGC121
image,HST,WFPC2/WFC,,F555W,,NGC121,,,6.70375,-71.53666700000001,6604,,,51316.829321,51316.829783999994,40.0,,,,,POLYGON J2000 6.7785780918660512 -71.50901780631412 6.6479942560211569 -71.511712013232966 6.6564796349377673 -71.553681583069007 6.787348946767036 -71.550981461091567 6.7785780918660512 -71.50901780631412,,,,,,,u377050ar,17,NGC121
image,HST,WFPC2/WFC,,F814W,,NGC121,,,6.70375,-71.53666700000001,6604,,,51316.854322,51316.860108999994,500.0,,,,,POLYGON J2000 6.77858251413946 -71.50900985603559 6.6479113156469927 -71.511705840589784 6.6563965135790966 -71.553675414034814 6.7873533789759346 -71.550973510527797 6.77858251413946 -71.50900985603559,,,,,,,u377050bm,17,NGC121
image,HST,WFPC2/WFC,,F814W,,NGC121,,,6.70375,-71.53666700000001,6604,,,51316.861961,51316.867748000004,500.0,,,,,POLYGON J2000 6.77858251413946 -71.50900985603559 6.6479113156469927 -71.511705840589784 6.6563965135790966 -71.553675414034814 6.7873533789759346 -71.550973510527797 6.77858251413946 -71.50900985603559,,,,,,,u377050cr,17,NGC121
image,HST,WFPC2/WFC,,F814W,,NGC121,,,6.70375,-71.53666700000001,6604,,,51316.886961000004,51316.892748,500.0,,,,,POLYGON J2000 6.77858251413946 -71.50900985603559 6.6479113156469927 -71.511705840589784 6.6563965135790966 -71.553675414034814 6.7873533789759346 -71.550973510527797 6.77858251413946 -71.50900985603559,,,,,,,u377050dm,17,NGC121
image,HST,WFPC2/WFC,,F814W,,NGC121,,,6.70375,-71.53666700000001,6604,,,51316.8946,51316.900387,500.0,,,,,POLYGON J2000 6.77858251413946 -71.50900985603559 6.6479113156469927 -71.511705840589784 6.6563965135790966 -71.553675414034814 6.7873533789759346 -71.550973510527797 6.77858251413946 -71.50900985603559,,,,,,,u377050er,17,NGC121
image,HST,WFPC2/WFC,,F814W,,NGC121,,,6.70375,-71.53666700000001,6604,,,51316.925154000004,51316.925385,20.0,,,,,POLYGON J2000 6.77858251413946 -71.50900985603559 6.6479113156469927 -71.511705840589784 6.6563965135790966 -71.553675414034814 6.7873533789759346 -71.550973510527797 6.77858251413946 -71.50900985603559,,,,,,,u377050fr,17,NGC121
image,HST,WFPC2/WFC,,F814W,,NGC121,,,6.70375,-71.53666700000001,6604,,,51316.926543,51316.926774,20.0,,,,,POLYGON J2000 6.77858251413946 -71.50900985603559 6.6479113156469927 -71.511705840589784 6.6563965135790966 -71.553675414034814 6.7873533789759346 -71.550973510527797 6.77858251413946 -71.50900985603559,,,,,,,u377050gr,17,NGC121
image,HST,WFPC2/WFC,,F814W,,NGC121,,,6.70375,-71.53666700000001,6604,,,51316.927932,51316.928163,20.0,,,,,POLYGON J2000 6.77858251413946 -71.50900985603559 6.6479113156469927 -71.511705840589784 6.6563965135790966 -71.553675414034814 6.7873533789759346 -71.550973510527797 6.77858251413946 -71.50900985603559,,,,,,,u377050hr,17,NGC121
image,HST,WFPC2/WFC,,F814W,,NGC121,,,6.70375,-71.53666700000001,6604,,,51316.929320999996,51316.929552,20.0,,,,,POLYGON J2000 6.77858251413946 -71.50900985603559 6.6479113156469927 -71.511705840589784 6.6563965135790966 -71.553675414034814 6.7873533789759346 -71.550973510527797 6.77858251413946 -71.50900985603559,,,,,,,u377050ir,17,NGC121
image,HST,WFPC2/WFC,,F555W,,NGC330,,,14.075,-72.463194,6425,,,50616.861974,50616.861993,1.6,,,,,POLYGON J2000 14.184911952162443 -72.448074665807681 14.056598053479364 -72.433119286964526 14.006136072119125 -72.472326510840688 14.134686528157381 -72.48731431752833 14.184911952162443 -72.448074665807681,,,,,,,u3js0101m,3,NGC330
image,HST,WFPC2/WFC,,F555W,,NGC330,,,14.075,-72.463194,6425,,,50616.863363,50616.863479,10.0,,,,,POLYGON J2000 14.184911952162443 -72.448074665807681 14.056598053479364 -72.433119286964526 14.006136072119125 -72.472326510840688 14.134686528157381 -72.48731431752833 14.184911952162443 -72.448074665807681,,,,,,,u3js0102m,3,NGC330
image,HST,WFPC2/WFC,,F814W,,SMC-N88,,,21.0365,-73.151611,6535,,,50691.433491,50691.433607,10.0,,,,,POLYGON J2000 21.125688745393674 -73.177278224143066 21.126708242791551 -73.135751501682151 20.981748077560891 -73.135401780280731 20.980381159051948 -73.176927664515873 21.125688745393674 -73.177278224143066,,,,,,,u3yo030pr,16,HW82
image,HST,WFPC2/WFC,,F814W,,SMC-N88,,,21.0365,-73.151611,6535,,,50691.541824,50691.541939999996,10.0,,,,,POLYGON J2000 21.12592766207813 -73.177348242450392 21.126946441638495 -73.135821518501899 20.981985685109457 -73.135472008469662 20.980619481442041 -73.176997894695276 21.12592766207813 -73.177348242450392,,,,,,,u3yo0312r,16,HW82
image,HST,WFPC2/WFC,,F555W,,NEB-012409-730917,,,21.038332999999998,-73.15472199999999,6839,,,50745.055714,50745.056408,60.0,,,,,POLYGON J2000 21.024144698419683 -73.19089173098051 21.137246450534292 -73.16537876791709 21.048035510507979 -73.132214433281163 20.935019079373063 -73.157678612918616 21.024144698419683 -73.19089173098051,,,,,,,u40e010lr,16,HW82
image,HST,WFPC2/WFC,,F555W,,NEB-012409-730917,,,21.038332999999998,-73.15472199999999,6839,,,50745.057797,50745.058492000004,60.0,,,,,POLYGON J2000 21.024144698419683 -73.19089173098051 21.137246450534292 -73.16537876791709 21.048035510507979 -73.132214433281163 20.935019079373063 -73.157678612918616 21.024144698419683 -73.19089173098051,,,,,,,u40e010mr,16,HW82
image,HST,WFPC2/WFC,,F439W,,NEB-012409-730917,,,21.038332999999998,-73.15472199999999,6839,,,50745.08141,50745.081416,0.5,,,,,POLYGON J2000 21.024146975351002 -73.190886106450691 21.137248689727954 -73.165373143009489 21.048037777310299 -73.132208808670057 20.935021383848607 -73.157672988699204 21.024146975351002 -73.190886106450691,,,,,,,u40e010rr,16,HW82
image,HST,WFPC2/WFC,,F439W,,NEB-012409-730917,,,21.038332999999998,-73.15472199999999,6839,,,50745.086271,50745.086276999995,0.5,,,,,POLYGON J2000 21.024146975351002 -73.190886106450691 21.137248689727954 -73.165373143009489 21.048037777310299 -73.132208808670057 20.935021383848607 -73.157672988699204 21.024146975351002 -73.190886106450691,,,,,,,u40e010sr,16,HW82
image,HST,WFPC2/WFC,,F336W,,NEB-012409-730917,,,21.038332999999998,-73.15472199999999,6839,,,51139.736969,51139.738126,100.0,,,,,POLYGON J2000 21.009993143505344 -73.167086936174059 21.150713464817471 -73.159428779150687 21.123821960917333 -73.118131154884878 20.983424287472477 -73.125771112912673 21.009993143505344 -73.167086936174059,,,,,,,u40e510dr,16,HW82
image,HST,WFPC2/WFC,,F336W,,NEB-012409-730917,,,21.038332999999998,-73.15472199999999,6839,,,51139.739052,51139.74021,100.0,,,,,POLYGON J2000 21.009993143505344 -73.167086936174059 21.150713464817471 -73.159428779150687 21.123821960917333 -73.118131154884878 20.983424287472477 -73.125771112912673 21.009993143505344 -73.167086936174059,,,,,,,u40e510er,16,HW82
image,HST,WFPC2/WFC,,F336W,,NEB-012409-730917,,,21.038332999999998,-73.15472199999999,6839,,,51139.741135000004,51139.742293,100.0,,,,,POLYGON J2000 21.009993143505344 -73.167086936174059 21.150713464817471 -73.159428779150687 21.123821960917333 -73.118131154884878 20.983424287472477 -73.125771112912673 21.009993143505344 -73.167086936174059,,,,,,,u40e510fr,16,HW82
image,HST,WFPC2/WFC,,F555W,,SMC-L31,,,11.641125,-72.742667,6860,,,50680.382798,50680.386269999995,300.0,,,,,POLYGON J2000 11.755247305444943 -72.756088010433217 11.701147533898187 -72.717819225467821 11.570462129085021 -72.7340290106211 11.624329722479233 -72.772332706366271 11.755247305444943 -72.756088010433217,,,,,,,u46c0101m,4,Lindsay31
image,HST,WFPC2/WFC,,F555W,,SMC-L31,,,11.641125,-72.742667,6860,,,50680.388352999995,50680.399928,1000.0,,,,,POLYGON J2000 11.755247305444943 -72.756088010433217 11.701147533898187 -72.717819225467821 11.570462129085021 -72.7340290106211 11.624329722479233 -72.772332706366271 11.755247305444943 -72.756088010433217,,,,,,,u46c0102m,4,Lindsay31
image,HST,WFPC2/WFC,,F555W,,SMC-L31,,,11.641125,-72.742667,6860,,,50680.401548,50680.416594,1300.0,,,,,POLYGON J2000 11.755247305444943 -72.756088010433217 11.701147533898187 -72.717819225467821 11.570462129085021 -72.7340290106211 11.624329722479233 -72.772332706366271 11.755247305444943 -72.756088010433217,,,,,,,u46c0103m,4,Lindsay31
image,HST,WFPC2/WFC,,F555W,,SMC-L31,,,11.641125,-72.742667,6860,,,50680.448769999995,50680.463816,1300.0,,,,,POLYGON J2000 11.755247305444943 -72.756088010433217 11.701147533898187 -72.717819225467821 11.570462129085021 -72.7340290106211 11.624329722479233 -72.772332706366271 11.755247305444943 -72.756088010433217,,,,,,,u46c0104m,4,Lindsay31
image,HST,WFPC2/WFC,,F555W,,SMC-L31,,,11.641125,-72.742667,6860,,,50680.465437,50680.483955,1600.0,,,,,POLYGON J2000 11.755247305444943 -72.756088010433217 11.701147533898187 -72.717819225467821 11.570462129085021 -72.7340290106211 11.624329722479233 -72.772332706366271 11.755247305444943 -72.756088010433217,,,,,,,u46c0105m,4,Lindsay31
image,HST,WFPC2/WFC,,F814W,,SMC-L31,,,11.641125,-72.742667,6860,,,50680.515437,50680.517752,200.0,,,,,POLYGON J2000 11.755282454714184 -72.756092591906253 11.701146516347006 -72.717798189526079 11.57046124125536 -72.734007957151732 11.62436484621211 -72.772337293656008 11.755282454714184 -72.756092591906253,,,,,,,u46c0106m,4,Lindsay31
image,HST,WFPC2/WFC,,F814W,,SMC-L31,,,11.641125,-72.742667,6860,,,50680.519603,50680.533492,1200.0,,,,,POLYGON J2000 11.755282454714184 -72.756092591906253 11.701146516347006 -72.717798189526079 11.57046124125536 -72.734007957151732 11.62436484621211 -72.772337293656008 11.755282454714184 -72.756092591906253,,,,,,,u46c0107m,4,Lindsay31
image,HST,WFPC2/WFC,,F814W,,SMC-L31,,,11.641125,-72.742667,6860,,,50680.535576,50680.550622,1300.0,,,,,POLYGON J2000 11.755282454714184 -72.756092591906253 11.701146516347006 -72.717798189526079 11.57046124125536 -72.734007957151732 11.62436484621211 -72.772337293656008 11.755282454714184 -72.756092591906253,,,,,,,u46c0108m,4,Lindsay31
image,HST,WFPC2/WFC,,F814W,,SMC-L31,,,11.641125,-72.742667,6860,,,50680.582798,50680.597843999996,1300.0,,,,,POLYGON J2000 11.755282454714184 -72.756092591906253 11.701146516347006 -72.717798189526079 11.57046124125536 -72.734007957151732 11.62436484621211 -72.772337293656008 11.755282454714184 -72.756092591906253,,,,,,,u46c0109m,4,Lindsay31
image,HST,WFPC2/WFC,,F814W,,SMC-L31,,,11.641125,-72.742667,6860,,,50680.599465,50680.617983,1600.0,,,,,POLYGON J2000 11.755282454714184 -72.756092591906253 11.701146516347006 -72.717798189526079 11.57046124125536 -72.734007957151732 11.62436484621211 -72.772337293656008 11.755282454714184 -72.756092591906253,,,,,,,u46c010am,4,Lindsay31
image,HST,WFPC2/WFC,,F336W,,SMC8,,,22.777917000000002,-73.433639,7282,,,50908.51266,50908.512775999996,10.0,,,,,POLYGON J2000 22.757216269172041 -73.397707024343873 22.671114300470744 -73.431111936672252 22.789935351766957 -73.4560094987593 22.875929996871076 -73.422555822483588 22.757216269172041 -73.397707024343873,,,,,,,u4837901r,18,Bruck165
image,HST,WFPC2/WFC,,F336W,,SMC8,,,22.777917000000002,-73.433639,7282,,,50908.514049,50908.514165,10.0,,,,,POLYGON J2000 22.757216269172041 -73.397707024343873 22.671114300470744 -73.431111936672252 22.789935351766957 -73.4560094987593 22.875929996871076 -73.422555822483588 22.757216269172041 -73.397707024343873,,,,,,,u4837902r,18,Bruck165
image,HST,WFPC2/WFC,,F439W,,SMC8,,,22.777917000000002,-73.433639,7282,,,50908.516132,50908.516271,12.0,,,,,POLYGON J2000 22.757210840782797 -73.397701166818109 22.671051116501005 -73.431128441275533 22.789950845695891 -73.456042470059202 22.876003103230069 -73.422566366711095 22.757210840782797 -73.397701166818109,,,,,,,u4837903r,18,Bruck165
image,HST,WFPC2/WFC,,F439W,,SMC8,,,22.777917000000002,-73.433639,7282,,,50908.517520999994,50908.517660000005,12.0,,,,,POLYGON J2000 22.757210840782797 -73.397701166818109 22.671051116501005 -73.431128441275533 22.789950845695891 -73.456042470059202 22.876003103230069 -73.422566366711095 22.757210840782797 -73.397701166818109,,,,,,,u4837904r,18,Bruck165
image,HST,WFPC2/WFC,,F555W,,SMC8,,,22.777917000000002,-73.433639,7282,,,50908.519604,50908.519651,4.0,,,,,POLYGON J2000 22.757207689979804 -73.397695576910209 22.671047992360791 -73.43112285103841 22.789947681359905 -73.4560368802792 22.875999912312686 -73.422560777274271 22.757207689979804 -73.397695576910209,,,,,,,u4837905r,18,Bruck165
image,HST,WFPC2/WFC,,F555W,,SMC8,,,22.777917000000002,-73.433639,7282,,,50908.520993,50908.52104,4.0,,,,,POLYGON J2000 22.757207689979804 -73.397695576910209 22.671047992360791 -73.43112285103841 22.789947681359905 -73.4560368802792 22.875999912312686 -73.422560777274271 22.757207689979804 -73.397695576910209,,,,,,,u4837906r,18,Bruck165
image,HST,WFPC2/WFC,,F606W,,LIST-1,,,14.715643,-72.260817,8059,,,51425.085572,51425.086035,40.0,,,,,POLYGON J2000 14.761780471614438 -72.282385383954207 14.791823975120105 -72.241907365014512 14.657392520239267 -72.232596114828453 14.627067301823079 -72.273053556850115 14.761780471614438 -72.282385383954207,,,,,,,u4wobn01r,8,H86183
image,HST,WFPC2/WFC,,F606W,,LIST-1,,,14.715643,-72.260817,8059,,,51425.086962,51425.089277,200.0,,,,,POLYGON J2000 14.761780471614438 -72.282385383954207 14.791823975120105 -72.241907365014512 14.657392520239267 -72.232596114828453 14.627067301823079 -72.273053556850115 14.761780471614438 -72.282385383954207,,,,,,,u4wobn02r,8,H86183
image,HST,WFPC2/WFC,,F450W,,LIST-1,,,14.715643,-72.260817,8059,,,51425.091822,51425.092285,40.0,,,,,POLYGON J2000 14.761762099490785 -72.282385084958861 14.79180561042735 -72.241907066563328 14.657462906711062 -72.232601994273978 14.627137866662014 -72.273059449401799 14.761762099490785 -72.282385084958861,,,,,,,u4wobn03r,8,H86183
image,HST,WFPC2/WFC,,F450W,,LIST-1,,,14.715643,-72.260817,8059,,,51425.093212,51425.096685000004,300.0,,,,,POLYGON J2000 14.761762099490785 -72.282385084958861 14.79180561042735 -72.241907066563328 14.657462906711062 -72.232601994273978 14.627137866662014 -72.273059449401799 14.761762099490785 -72.282385084958861,,,,,,,u4wobn04r,8,H86183
image,HST,WFPC2/WFC,,F814W,,LIST-1,,,14.715643,-72.260817,8059,,,51425.099461,51425.100618000004,100.0,,,,,POLYGON J2000 14.761774367095352 -72.282391537485964 14.79183793753834 -72.241886422733586 14.657406623902506 -72.232575188805342 14.627061150147913 -72.273059712894351 14.761774367095352 -72.282391537485964,,,,,,,u4wobn05r,8,H86183
image,HST,WFPC2/WFC,,F814W,,LIST-1,,,14.715643,-72.260817,8059,,,51425.101546,51425.105018,300.0,,,,,POLYGON J2000 14.761774367095352 -72.282391537485964 14.79183793753834 -72.241886422733586 14.657406623902506 -72.232575188805342 14.627061150147913 -72.273059712894351 14.761774367095352 -72.282391537485964,,,,,,,u4wobn06r,8,H86183
image,HST,WFPC2/WFC,,F606W,,LIST-1,,,17.050643,-73.23474,8059,,,51482.742517,51482.742633,10.0,,,,,POLYGON J2000 17.024787503599029 -73.259377260611103 17.152712109177546 -73.240324116790646 17.08575945780391 -73.202972702181043 16.958037849003428 -73.221984647015944 17.024787503599029 -73.259377260611103,,,,,,,u4wobz01r,14,Kron57
image,HST,WFPC2/WFC,,F606W,,LIST-1,,,17.050648000000002,-73.234739,8059,,,51482.757795,51482.758258,40.0,,,,,POLYGON J2000 17.024792202573025 -73.259376588845328 17.152716803221534 -73.240323445054628 17.08576415455844 -73.202972030429038 16.95804255067188 -73.221983975235986 17.024792202573025 -73.259376588845328,,,,,,,u4wobz02r,14,Kron57
image,HST,WFPC2/WFC,,F606W,,LIST-1,,,17.050648000000002,-73.234739,8059,,,51482.759185,51482.7615,200.0,,,,,POLYGON J2000 17.024792202573025 -73.259376588845328 17.152716803221534 -73.240323445054628 17.08576415455844 -73.202972030429038 16.95804255067188 -73.221983975235986 17.024792202573025 -73.259376588845328,,,,,,,u4wobz03r,14,Kron57
image,HST,WFPC2/WFC,,F606W,,LIST-1,,,17.050648000000002,-73.234739,8059,,,51482.763351999994,51482.770297,600.0,,,,,POLYGON J2000 17.024792202573025 -73.259376588845328 17.152716803221534 -73.240323445054628 17.08576415455844 -73.202972030429038 16.95804255067188 -73.221983975235986 17.024792202573025 -73.259376588845328,,,,,,,u4wobz04r,14,Kron57
image,HST,WFPC2/WFC,,F450W,,LIST-1,,,17.050648000000002,-73.234739,8059,,,51482.773073000004,51482.773189,10.0,,,,,POLYGON J2000 17.024770471762189 -73.25936649652526 17.15269499507562 -73.240313351355169 17.085786507609246 -73.202986615254943 16.958064846798813 -73.221998588624501 17.024770471762189 -73.25936649652526,,,,,,,u4wobz05r,14,Kron57
image,HST,WFPC2/WFC,,F450W,,LIST-1,,,17.050648000000002,-73.234739,8059,,,51482.774462,51482.775156,60.0,,,,,POLYGON J2000 17.024770471762189 -73.25936649652526 17.15269499507562 -73.240313351355169 17.085786507609246 -73.202986615254943 16.958064846798813 -73.221998588624501 17.024770471762189 -73.25936649652526,,,,,,,u4wobz06r,14,Kron57
image,HST,WFPC2/WFC,,F450W,,LIST-1,,,17.050648000000002,-73.234739,8059,,,51482.776547,51482.785806,800.0,,,,,POLYGON J2000 17.024770471762189 -73.25936649652526 17.15269499507562 -73.240313351355169 17.085786507609246 -73.202986615254943 16.958064846798813 -73.221998588624501 17.024770471762189 -73.25936649652526,,,,,,,u4wobz07r,14,Kron57
image,HST,WFPC2/WFC,,F450W,,LIST-1,,,17.037104,-73.237277,8059,,,51482.807102,51482.811732,400.0,,,,,POLYGON J2000 17.011203359872763 -73.261902717654451 17.139161711693905 -73.24285792732806 17.072272624474614 -73.205526824176928 16.944517326807532 -73.224530449359165 17.011203359872763 -73.261902717654451,,,,,,,u4wobz08r,14,Kron57
image,HST,WFPC2/WFC,,F814W,,LIST-1,,,17.037104,-73.237277,8059,,,51482.814045,51482.814277,20.0,,,,,POLYGON J2000 17.011204590548598 -73.261915345837366 17.139163041460328 -73.242870558507235 17.072229801687907 -73.205514773105037 16.944474539408681 -73.224518368110822 17.011204590548598 -73.261915345837366,,,,,,,u4wobz09r,14,Kron57
image,HST,WFPC2/WFC,,F814W,,LIST-1,,,17.037104,-73.237277,8059,,,51482.815434,51482.816591,100.0,,,,,POLYGON J2000 17.011204590548598 -73.261915345837366 17.139163041460328 -73.242870558507235 17.072229801687907 -73.205514773105037 16.944474539408681 -73.224518368110822 17.011204590548598 -73.261915345837366,,,,,,,u4wobz0ar,14,Kron57
image,HST,WFPC2/WFC,,F814W,,LIST-1,,,17.037104,-73.237277,8059,,,51482.817519,51482.823306,500.0,,,,,POLYGON J2000 17.011204590548598 -73.261915345837366 17.139163041460328 -73.242870558507235 17.072229801687907 -73.205514773105037 16.944474539408681 -73.224518368110822 17.011204590548598 -73.261915345837366,,,,,,,u4wobz0br,14,Kron57
image,HST,WFPC2/WFC,,F814W,,LIST-1,,,17.037104,-73.237277,8059,,,51482.825158,51482.840204,1300.0,,,,,POLYGON J2000 17.011204590548598 -73.261915345837366 17.139163041460328 -73.242870558507235 17.072229801687907 -73.205514773105037 16.944474539408681 -73.224518368110822 17.011204590548598 -73.261915345837366,,,,,,,u4wobz0cr,14,Kron57
image,HST,WFPC2/WFC,,F606W,,LIST-1,,,17.057959,-73.23830699999999,8059,,,51479.789045,51479.789508,40.0,,,,,POLYGON J2000 17.036132914169873 -73.263261560301075 17.160829817893156 -73.242496188047838 17.087866558113113 -73.20609309803551 16.963345034266482 -73.226814695880407 17.036132914169873 -73.263261560301075,,,,,,,u4woc301r,14,Kron57
image,HST,WFPC2/WFC,,F606W,,LIST-1,,,17.057959,-73.23830699999999,8059,,,51479.792519,51479.797148000005,400.0,,,,,POLYGON J2000 17.036132914169873 -73.263261560301075 17.160829817893156 -73.242496188047838 17.087866558113113 -73.20609309803551 16.963345034266482 -73.226814695880407 17.036132914169873 -73.263261560301075,,,,,,,u4woc302r,14,Kron57
image,HST,WFPC2/WFC,,F450W,,LIST-1,,,17.057959,-73.23830699999999,8059,,,51479.799462,51479.799925,40.0,,,,,POLYGON J2000 17.036120505319222 -73.263257250694949 17.160817375500599 -73.242491877258061 17.087902220751346 -73.206112840711398 16.963380614495588 -73.226834468612267 17.036120505319222 -73.263257250694949,,,,,,,u4woc303r,14,Kron57
image,HST,WFPC2/WFC,,F450W,,LIST-1,,,17.046539000000003,-73.240858,8059,,,51479.855019,51479.861963,600.0,,,,,POLYGON J2000 17.024680575542853 -73.265806900991834 17.149409731035838 -73.245048417099895 17.076507913027136 -73.208665354324253 16.951954191899407 -73.229380095319527 17.024680575542853 -73.265806900991834,,,,,,,u4woc304r,14,Kron57
image,HST,WFPC2/WFC,,F814W,,LIST-1,,,17.046539000000003,-73.240858,8059,,,51479.86474,51479.865897,100.0,,,,,POLYGON J2000 17.024683868232557 -73.265819498445794 17.149413119800879 -73.245061017011594 17.076463175003983 -73.208653897372415 16.951909474058144 -73.22936860702255 17.024683868232557 -73.265819498445794,,,,,,,u4woc305r,14,Kron57
image,HST,WFPC2/WFC,,F814W,,LIST-1,,,17.046539000000003,-73.240858,8059,,,51479.866824000004,51479.873769,600.0,,,,,POLYGON J2000 17.024683868232557 -73.265819498445794 17.149413119800879 -73.245061017011594 17.076463175003983 -73.208653897372415 16.951909474058144 -73.22936860702255 17.024683868232557 -73.265819498445794,,,,,,,u4woc306r,14,Kron57
image,HST,WFPC2/WFC,,F606W,,LIST-1,,,14.618767000000002,-72.25168199999999,8059,,,51815.893206,51815.893322,10.0,,,,,POLYGON J2000 14.634052470658562 -72.277006978460278 14.712969222124771 -72.243183073018074 14.600675115258543 -72.218806001977612 14.521656381363217 -72.252584944942114 14.634052470658562 -72.277006978460278,,,,,,,u4wodq01r,8,H86183
image,HST,WFPC2/WFC,,F606W,,LIST-1,,,14.618767000000002,-72.25168199999999,8059,,,51815.894595,51815.895058,40.0,,,,,POLYGON J2000 14.634052470658562 -72.277006978460278 14.712969222124771 -72.243183073018074 14.600675115258543 -72.218806001977612 14.521656381363217 -72.252584944942114 14.634052470658562 -72.277006978460278,,,,,,,u4wodq02r,8,H86183
image,HST,WFPC2/WFC,,F606W,,LIST-1,,,14.618767000000002,-72.25168199999999,8059,,,51815.895986,51815.8983,200.0,,,,,POLYGON J2000 14.634052470658562 -72.277006978460278 14.712969222124771 -72.243183073018074 14.600675115258543 -72.218806001977612 14.521656381363217 -72.252584944942114 14.634052470658562 -72.277006978460278,,,,,,,u4wodq03r,8,H86183
image,HST,WFPC2/WFC,,F450W,,LIST-1,,,14.618767000000002,-72.25168199999999,8059,,,51815.900845,51815.900961,10.0,,,,,POLYGON J2000 14.634031036885567 -72.276995727608082 14.712947741999066 -72.243171822613931 14.600727777466252 -72.218810873138452 14.521709156958291 -72.252589845379006 14.634031036885567 -72.276995727608082,,,,,,,u4wodq04r,8,H86183
image,HST,WFPC2/WFC,,F450W,,LIST-1,,,14.618767000000002,-72.25168199999999,8059,,,51815.902233999994,51815.902929,60.0,,,,,POLYGON J2000 14.634031036885567 -72.276995727608082 14.712947741999066 -72.243171822613931 14.600727777466252 -72.218810873138452 14.521709156958291 -72.252589845379006 14.634031036885567 -72.276995727608082,,,,,,,u4wodq05r,8,H86183
image,HST,WFPC2/WFC,,F450W,,LIST-1,,,14.618767000000002,-72.25168199999999,8059,,,51815.904319,51815.907791000005,300.0,,,,,POLYGON J2000 14.634031036885567 -72.276995727608082 14.712947741999066 -72.243171822613931 14.600727777466252 -72.218810873138452 14.521709156958291 -72.252589845379006 14.634031036885567 -72.276995727608082,,,,,,,u4wodq06r,8,H86183
image,HST,WFPC2/WFC,,F814W,,LIST-1,,,14.618767000000002,-72.25168199999999,8059,,,51815.910567,51815.910799,20.0,,,,,POLYGON J2000 14.634051083831665 -72.277006787729334 14.712967832620189 -72.24318288188509 14.60067372558791 -72.218805811416786 14.521654994362487 -72.252584754784124 14.634051083831665 -72.277006787729334,,,,,,,u4wodq07r,8,H86183
image,HST,WFPC2/WFC,,F814W,,LIST-1,,,14.618767000000002,-72.25168199999999,8059,,,51815.911956,51815.913113999995,100.0,,,,,POLYGON J2000 14.634051083831665 -72.277006787729334 14.712967832620189 -72.24318288188509 14.60067372558791 -72.218805811416786 14.521654994362487 -72.252584754784124 14.634051083831665 -72.277006787729334,,,,,,,u4wodq08r,8,H86183
image,HST,WFPC2/WFC,,F814W,,LIST-1,,,14.618767000000002,-72.25168199999999,8059,,,51815.914041,51815.925615,1000.0,,,,,POLYGON J2000 14.634051083831665 -72.277006787729334 14.712967832620189 -72.24318288188509 14.60067372558791 -72.218805811416786 14.521654994362487 -72.252584754784124 14.634051083831665 -72.277006787729334,,,,,,,u4wodq09r,8,H86183
image,HST,WFPC2/WFC,,F606W,,LIST-1,,,14.609157000000002,-72.25424,8059,,,51816.988345,51816.988808,40.0,,,,,POLYGON J2000 14.62510991256687 -72.279527136558357 14.703145841550796 -72.24551183104083 14.590201753044241 -72.221409431026316 14.512059104854748 -72.255380021666667 14.62510991256687 -72.279527136558357,,,,,,,u4wods01r,8,H86183
image,HST,WFPC2/WFC,,F606W,,LIST-1,,,14.609157000000002,-72.25424,8059,,,51816.989736,51816.993208,300.0,,,,,POLYGON J2000 14.62510991256687 -72.279527136558357 14.703145841550796 -72.24551183104083 14.590201753044241 -72.221409431026316 14.512059104854748 -72.255380021666667 14.62510991256687 -72.279527136558357,,,,,,,u4wods02r,8,H86183
image,HST,WFPC2/WFC,,F450W,,LIST-1,,,14.609157000000002,-72.25424,8059,,,51816.995983999994,51816.996447000005,40.0,,,,,POLYGON J2000 14.625088180729596 -72.279515938310624 14.70312406416252 -72.245500633242912 14.59025454792331 -72.221414173601929 14.512112015450288 -72.255384793354096 14.625088180729596 -72.279515938310624,,,,,,,u4wods03r,8,H86183
image,HST,WFPC2/WFC,,F450W,,LIST-1,,,14.609157000000002,-72.25424,8059,,,51816.997374,51817.004319,600.0,,,,,POLYGON J2000 14.625088180729596 -72.279515938310624 14.70312406416252 -72.245500633242912 14.59025454792331 -72.221414173601929 14.512112015450288 -72.255384793354096 14.625088180729596 -72.279515938310624,,,,,,,u4wods04r,8,H86183
image,HST,WFPC2/WFC,,F814W,,LIST-1,,,14.609157000000002,-72.25424,8059,,,51817.007095,51817.008253,100.0,,,,,POLYGON J2000 14.625108522233417 -72.279526954360605 14.703144448523629 -72.245511648434757 14.590200359784529 -72.221409249011245 14.512057714280699 -72.255379840060684 14.625108522233417 -72.279526954360605,,,,,,,u4wods05r,8,H86183
image,HST,WFPC2/WFC,,F814W,,LIST-1,,,14.621151000000001,-72.248951,8059,,,51817.014041,51817.01705,260.0,,,,,POLYGON J2000 14.637113880399104 -72.274236517730031 14.71510508205694 -72.240216485533907 14.602177857871173 -72.216120931233107 14.524079885009899 -72.250096269241737 14.637113880399104 -72.274236517730031,,,,,,,u4wods06r,8,H86183
image,HST,WFPC2/WFC,,F606W,,LIST-1,,,14.619066,-72.250134,8059,,,51816.845984,51816.846447,40.0,,,,,POLYGON J2000 14.635028536576883 -72.275420587292572 14.713028488837345 -72.241401345209312 14.600096603750687 -72.217304646195018 14.521989885317099 -72.251279189827073 14.635028536576883 -72.275420587292572,,,,,,,u4wodu01r,8,H86183
image,HST,WFPC2/WFC,,F606W,,LIST-1,,,14.622279,-72.250137,8059,,,51816.853624,51816.857097,300.0,,,,,POLYGON J2000 14.638245806300658 -72.275422888091612 14.716239914148185 -72.241402400258281 14.603303885565978 -72.217307504997123 14.525202980801566 -72.251283296077801 14.638245806300658 -72.275422888091612,,,,,,,u4wodu02r,8,H86183
image,HST,WFPC2/WFC,,F450W,,LIST-1,,,14.623185999999999,-72.249738,8059,,,51816.862650999996,51816.863114,40.0,,,,,POLYGON J2000 14.639132081657827 -72.275012336054488 14.717122693857331 -72.240991476075479 14.604262451881906 -72.216913055645378 14.526165108673528 -72.250889250003809 14.639132081657827 -72.275012336054488,,,,,,,u4wodu03r,8,H86183
image,HST,WFPC2/WFC,,F450W,,LIST-1,,,14.617256,-72.250433,8059,,,51816.879319,51816.883948,400.0,,,,,POLYGON J2000 14.633194624848848 -72.275708103747974 14.711199307028522 -72.241689607886045 14.59834262116364 -72.217607766286619 14.520231257740399 -72.251581591426046 14.633194624848848 -72.275708103747974,,,,,,,u4wodu04r,8,H86183
image,HST,WFPC2/WFC,,F814W,,LIST-1,,,14.61595,-72.25053199999999,8059,,,51816.887651,51816.888807999996,100.0,,,,,POLYGON J2000 14.631907201675737 -72.275818177090756 14.709914696348317 -72.241800180106281 14.596984493903566 -72.217701678242804 14.518870258905276 -72.25167497400372 14.631907201675737 -72.275818177090756,,,,,,,u4wodu05r,8,H86183
image,HST,WFPC2/WFC,,F814W,,LIST-1,,,14.619245000000001,-72.252634,8059,,,51816.895291,51816.8983,260.0,,,,,POLYGON J2000 14.635208874367496 -72.277920539531323 14.713219245122342 -72.243901250550692 14.600271831407595 -72.219804617934358 14.522154662807862 -72.25377920180641 14.635208874367496 -72.277920539531323,,,,,,,u4wodu06r,8,H86183
image,HST,WFPC2/WFC,,F606W,,LIST-1,,,14.621151000000001,-72.248951,8059,,,51817.028623,51817.029086,40.0,,,,,POLYGON J2000 14.637115271978486 -72.274236704973418 14.715106476436318 -72.240216673203747 14.60217925251245 -72.2161211182854 14.524081276859654 -72.250096455866739 14.637115271978486 -72.274236704973418,,,,,,,u4wodv01r,8,H86183
image,HST,WFPC2/WFC,,F606W,,LIST-1,,,14.631445999999999,-72.266059,8059,,,51817.081401999996,51817.083717,200.0,,,,,POLYGON J2000 14.647439824300523 -72.291344106703576 14.725484714161192 -72.257320001000153 14.612438698354774 -72.233230335704107 14.534286727590317 -72.267209706778615 14.647439824300523 -72.291344106703576,,,,,,,u4wodv02r,8,H86183
image,HST,WFPC2/WFC,,F450W,,LIST-1,,,14.631445999999999,-72.266059,8059,,,51817.086262,51817.086725,40.0,,,,,POLYGON J2000 14.647418064838634 -72.291332910908082 14.725462909181783 -72.257308805667094 14.612491532998385 -72.233235072340719 14.534339678155652 -72.267214472527556 14.647418064838634 -72.291332910908082,,,,,,,u4wodv03r,8,H86183
image,HST,WFPC2/WFC,,F450W,,LIST-1,,,14.631445999999999,-72.266059,8059,,,51817.087651999995,51817.092282,400.0,,,,,POLYGON J2000 14.647418064838634 -72.291332910908082 14.725462909181783 -72.257308805667094 14.612491532998385 -72.233235072340719 14.534339678155652 -72.267214472527556 14.647418064838634 -72.291332910908082,,,,,,,u4wodv04r,8,H86183
image,HST,WFPC2/WFC,,F814W,,LIST-1,,,14.631445999999999,-72.266059,8059,,,51817.094595,51817.095752999994,100.0,,,,,POLYGON J2000 14.647438431379532 -72.29134391950825 14.725483318444299 -72.257319813380064 14.61243730238245 -72.233230148699334 14.534285334405473 -72.267209520199458 14.647438431379532 -72.29134391950825,,,,,,,u4wodv05r,8,H86183
image,HST,WFPC2/WFC,,F814W,,LIST-1,,,14.598073000000001,-72.258932,8059,,,51817.104319,51817.107791,300.0,,,,,POLYGON J2000 14.61401267924057 -72.284220032684985 14.692089025906697 -72.250209075062415 14.579130484188241 -72.226100380598496 14.500947468326077 -72.260066604776341 14.61401267924057 -72.284220032684985,,,,,,,u4wodv06m,8,H86183
image,HST,WFPC2/WFC,,F606W,,LIST-1,,,18.520245000000003,-73.407916,8059,,,51824.734873,51824.734989,10.0,,,,,POLYGON J2000 18.529727064385895 -73.433522374340015 18.622792776167234 -73.401635164941268 18.509777220095682 -73.374713775505683 18.416647485093819 -73.406550705853434 18.529727064385895 -73.433522374340015,,,,,,,u4wodx01r,15,HW68
image,HST,WFPC2/WFC,,F606W,,LIST-1,,,18.520245000000003,-73.407916,8059,,,51824.736262,51824.736725,40.0,,,,,POLYGON J2000 18.529727064385895 -73.433522374340015 18.622792776167234 -73.401635164941268 18.509777220095682 -73.374713775505683 18.416647485093819 -73.406550705853434 18.529727064385895 -73.433522374340015,,,,,,,u4wodx02r,15,HW68
image,HST,WFPC2/WFC,,F606W,,LIST-1,,,18.520245000000003,-73.407916,8059,,,51824.737651999996,51824.739967,200.0,,,,,POLYGON J2000 18.529727064385895 -73.433522374340015 18.622792776167234 -73.401635164941268 18.509777220095682 -73.374713775505683 18.416647485093819 -73.406550705853434 18.529727064385895 -73.433522374340015,,,,,,,u4wodx03r,15,HW68
image,HST,WFPC2/WFC,,F606W,,LIST-1,,,18.520245000000003,-73.407916,8059,,,51824.741819,51824.749920999995,700.0,,,,,POLYGON J2000 18.529727064385895 -73.433522374340015 18.622792776167234 -73.401635164941268 18.509777220095682 -73.374713775505683 18.416647485093819 -73.406550705853434 18.529727064385895 -73.433522374340015,,,,,,,u4wodx04r,15,HW68
image,HST,WFPC2/WFC,,F450W,,LIST-1,,,18.520245000000003,-73.407916,8059,,,51824.752234,51824.75235,10.0,,,,,POLYGON J2000 18.52972144641145 -73.433505803341589 18.62272489229807 -73.401639951539394 18.509783933096099 -73.374736329957116 18.416716549012673 -73.406551969543017 18.52972144641145 -73.433505803341589,,,,,,,u4wodx05r,15,HW68
image,HST,WFPC2/WFC,,F450W,,LIST-1,,,18.520245000000003,-73.407916,8059,,,51824.753623000004,51824.754318,60.0,,,,,POLYGON J2000 18.52972144641145 -73.433505803341589 18.62272489229807 -73.401639951539394 18.509783933096099 -73.374736329957116 18.416716549012673 -73.406551969543017 18.52972144641145 -73.433505803341589,,,,,,,u4wodx06r,15,HW68
image,HST,WFPC2/WFC,,F450W,,LIST-1,,,18.520245000000003,-73.407916,8059,,,51824.755708,51824.763810000004,700.0,,,,,POLYGON J2000 18.52972144641145 -73.433505803341589 18.62272489229807 -73.401639951539394 18.509783933096099 -73.374736329957116 18.416716549012673 -73.406551969543017 18.52972144641145 -73.433505803341589,,,,,,,u4wodx07r,15,HW68
image,HST,WFPC2/WFC,,F450W,,LIST-1,,,18.520245000000003,-73.407916,8059,,,51824.795291,51824.798763,300.0,,,,,POLYGON J2000 18.52972144641145 -73.433505803341589 18.62272489229807 -73.401639951539394 18.509783933096099 -73.374736329957116 18.416716549012673 -73.406551969543017 18.52972144641145 -73.433505803341589,,,,,,,u4wodx08r,15,HW68
image,HST,WFPC2/WFC,,F814W,,LIST-1,,,18.520245000000003,-73.407916,8059,,,51824.80154,51824.801771,20.0,,,,,POLYGON J2000 18.529725638128365 -73.433522151952602 18.622791347745594 -73.401634942327817 18.509775792345291 -73.374713553166799 18.416646059503073 -73.406550483741199 18.529725638128365 -73.433522151952602,,,,,,,u4wodx09r,15,HW68
image,HST,WFPC2/WFC,,F814W,,LIST-1,,,18.520245000000003,-73.407916,8059,,,51824.802929000005,51824.804086000004,100.0,,,,,POLYGON J2000 18.529725638128365 -73.433522151952602 18.622791347745594 -73.401634942327817 18.509775792345291 -73.374713553166799 18.416646059503073 -73.406550483741199 18.529725638128365 -73.433522151952602,,,,,,,u4wodx0ar,15,HW68
image,HST,WFPC2/WFC,,F814W,,LIST-1,,,18.520245000000003,-73.407916,8059,,,51824.805013,51824.8108,500.0,,,,,POLYGON J2000 18.529725638128365 -73.433522151952602 18.622791347745594 -73.401634942327817 18.509775792345291 -73.374713553166799 18.416646059503073 -73.406550483741199 18.529725638128365 -73.433522151952602,,,,,,,u4wodx0br,15,HW68
image,HST,WFPC2/WFC,,F814W,,LIST-1,,,18.520245000000003,-73.407916,8059,,,51824.812652,51824.824226,1000.0,,,,,POLYGON J2000 18.529725638128365 -73.433522151952602 18.622791347745594 -73.401634942327817 18.509775792345291 -73.374713553166799 18.416646059503073 -73.406550483741199 18.529725638128365 -73.433522151952602,,,,,,,u4wodx0cr,15,HW68
image,HST,WFPC2/WFC,,F606W,,LIST-1,,,18.543809,-73.412678,8059,,,51819.094595,51819.094711,10.0,,,,,POLYGON J2000 18.561648528136519 -73.437918686272397 18.643870526933398 -73.403686835150552 18.522529672675184 -73.379900144182969 18.440179166151353 -73.414084281948249 18.561648528136519 -73.437918686272397,,,,,,,u4wody01r,15,HW68
image,HST,WFPC2/WFC,,F606W,,LIST-1,,,18.543809,-73.412678,8059,,,51819.095984,51819.096447,40.0,,,,,POLYGON J2000 18.561648528136519 -73.437918686272397 18.643870526933398 -73.403686835150552 18.522529672675184 -73.379900144182969 18.440179166151353 -73.414084281948249 18.561648528136519 -73.437918686272397,,,,,,,u4wody02r,15,HW68
image,HST,WFPC2/WFC,,F606W,,LIST-1,,,18.543809,-73.412678,8059,,,51819.097374000004,51819.099688999995,200.0,,,,,POLYGON J2000 18.561648528136519 -73.437918686272397 18.643870526933398 -73.403686835150552 18.522529672675184 -73.379900144182969 18.440179166151353 -73.414084281948249 18.561648528136519 -73.437918686272397,,,,,,,u4wody03r,15,HW68
image,HST,WFPC2/WFC,,F450W,,LIST-1,,,18.543809,-73.412678,8059,,,51819.102234,51819.10235,10.0,,,,,POLYGON J2000 18.561624968635236 -73.437907548726599 18.643846916396807 -73.403675698118803 18.522586177387605 -73.379904740767657 18.440235806386426 -73.414088909566544 18.561624968635236 -73.437907548726599,,,,,,,u4wody04r,15,HW68
image,HST,WFPC2/WFC,,F450W,,LIST-1,,,18.543809,-73.412678,8059,,,51819.103623,51819.104317000005,60.0,,,,,POLYGON J2000 18.561624968635236 -73.437907548726599 18.643846916396807 -73.403675698118803 18.522586177387605 -73.379904740767657 18.440235806386426 -73.414088909566544 18.561624968635236 -73.437907548726599,,,,,,,u4wody05r,15,HW68
image,HST,WFPC2/WFC,,F450W,,LIST-1,,,18.543809,-73.412678,8059,,,51819.105707999996,51819.10918,300.0,,,,,POLYGON J2000 18.561624968635236 -73.437907548726599 18.643846916396807 -73.403675698118803 18.522586177387605 -73.379904740767657 18.440235806386426 -73.414088909566544 18.561624968635236 -73.437907548726599,,,,,,,u4wody06r,15,HW68
image,HST,WFPC2/WFC,,F814W,,LIST-1,,,18.543809,-73.412678,8059,,,51819.111956,51819.112188,20.0,,,,,POLYGON J2000 18.561616236709366 -73.437920135565179 18.643893164528908 -73.403665360303421 18.522552384510881 -73.379878701903465 18.440146862780058 -73.414085731914753 18.561616236709366 -73.437920135565179,,,,,,,u4wody07r,15,HW68
image,HST,WFPC2/WFC,,F814W,,LIST-1,,,18.543809,-73.412678,8059,,,51819.113345,51819.114503,100.0,,,,,POLYGON J2000 18.561616236709366 -73.437920135565179 18.643893164528908 -73.403665360303421 18.522552384510881 -73.379878701903465 18.440146862780058 -73.414085731914753 18.561616236709366 -73.437920135565179,,,,,,,u4wody08r,15,HW68
image,HST,WFPC2/WFC,,F814W,,LIST-1,,,18.543809,-73.412678,8059,,,51819.11543,51819.127004,1000.0,,,,,POLYGON J2000 18.561616236709366 -73.437920135565179 18.643893164528908 -73.403665360303421 18.522552384510881 -73.379878701903465 18.440146862780058 -73.414085731914753 18.561616236709366 -73.437920135565179,,,,,,,u4wody09r,15,HW68
image,HST,WFPC2/WFC,,F555W,,NGC330,,,14.074542000000001,-72.463722,8134,,,51425.261268,51425.265319,350.0,,,,,POLYGON J2000 14.143221379197861 -72.493692723679487 14.169476958867842 -72.452952924761703 14.032594196088521 -72.444902205346494 14.00604199493216 -72.485623866234675 14.143221379197861 -72.493692723679487,,,,,,,u5ay1001r,3,NGC330
image,HST,WFPC2/WFC,,F555W,,NGC330,,,14.074542000000001,-72.463722,8134,,,51425.267518,51425.271569,350.0,,,,,POLYGON J2000 14.143221379197861 -72.493692723679487 14.169476958867842 -72.452952924761703 14.032594196088521 -72.444902205346494 14.00604199493216 -72.485623866234675 14.143221379197861 -72.493692723679487,,,,,,,u5ay1002r,3,NGC330
image,HST,WFPC2/WFC,,F555W,,NGC330,,,14.074542000000001,-72.463722,8134,,,51425.273767,51425.273882,10.0,,,,,POLYGON J2000 14.143221379197861 -72.493692723679487 14.169476958867842 -72.452952924761703 14.032594196088521 -72.444902205346494 14.00604199493216 -72.485623866234675 14.143221379197861 -72.493692723679487,,,,,,,u5ay1003r,3,NGC330
image,HST,WFPC2/WFC,,F814W,,NGC330,,,14.074542000000001,-72.463722,8134,,,51425.277239999996,51425.281291,350.0,,,,,POLYGON J2000 14.143225105737883 -72.493694902443693 14.169498211348476 -72.452927832748173 14.03261562793584 -72.444877129000716 14.00604570261263 -72.485626048559141 14.143225105737883 -72.493694902443693,,,,,,,u5ay1004r,3,NGC330
image,HST,WFPC2/WFC,,F814W,,NGC330,,,14.074542000000001,-72.463722,8134,,,51425.283489999994,51425.287541000005,350.0,,,,,POLYGON J2000 14.143225105737883 -72.493694902443693 14.169498211348476 -72.452927832748173 14.03261562793584 -72.444877129000716 14.00604570261263 -72.485626048559141 14.143225105737883 -72.493694902443693,,,,,,,u5ay1005r,3,NGC330
image,HST,WFPC2/WFC,,F814W,,NGC330,,,14.074542000000001,-72.463722,8134,,,51425.289739,51425.289855,10.0,,,,,POLYGON J2000 14.143225105737883 -72.493694902443693 14.169498211348476 -72.452927832748173 14.03261562793584 -72.444877129000716 14.00604570261263 -72.485626048559141 14.143225105737883 -72.493694902443693,,,,,,,u5ay1006r,3,NGC330
image,HST,WFPC2/WFC,,F814W,,NGC330,,,14.074542000000001,-72.463722,8134,,,51425.293212,51425.297263,350.0,,,,,POLYGON J2000 14.143407693829365 -72.493776316421673 14.169680450248961 -72.453009219409026 14.032797159605101 -72.444958657796874 14.006227579836697 -72.485707604890635 14.143407693829365 -72.493776316421673,,,,,,,u5ay1007r,3,NGC330
image,HST,WFPC2/WFC,,F814W,,NGC330,,,14.074542000000001,-72.463722,8134,,,51425.299462,51425.303513,350.0,,,,,POLYGON J2000 14.143407693829365 -72.493776316421673 14.169680450248961 -72.453009219409026 14.032797159605101 -72.444958657796874 14.006227579836697 -72.485707604890635 14.143407693829365 -72.493776316421673,,,,,,,u5ay1008r,3,NGC330
image,HST,WFPC2/WFC,,F555W,,NGC330,,,14.074542000000001,-72.463722,8134,,,51425.307796,51425.311847000004,350.0,,,,,POLYGON J2000 14.143403967304083 -72.493774137653247 14.169659197987494 -72.453034311434934 14.032775727968998 -72.444983734163912 14.006223872165446 -72.485705422570803 14.143403967304083 -72.493774137653247,,,,,,,u5ay1009r,3,NGC330
image,HST,WFPC2/WFC,,F555W,,NGC330,,,14.074542000000001,-72.463722,8134,,,51425.314046,51425.318097,350.0,,,,,POLYGON J2000 14.143403967304083 -72.493774137653247 14.169659197987494 -72.453034311434934 14.032775727968998 -72.444983734163912 14.006223872165446 -72.485705422570803 14.143403967304083 -72.493774137653247,,,,,,,u5ay100ar,3,NGC330
image,HST,WFPC2/WFC,,F336W,,ANY,,,17.04995,-73.243842,8196,,,51477.20988,51477.215667000004,500.0,,,,,POLYGON J2000 17.031737349723379 -73.269030546863405 17.153285008850041 -73.246804419253152 17.075180560768175 -73.21133006247841 16.953782392450584 -73.23351051266647 17.031737349723379 -73.269030546863405,,,,,,,u5ct0204r,14,Kron57
image,HST,WFPC2/WFC,,F336W,,ANY,,,17.04995,-73.243842,8196,,,51477.217519,51477.223306,500.0,,,,,POLYGON J2000 17.031737349723379 -73.269030546863405 17.153285008850041 -73.246804419253152 17.075180560768175 -73.21133006247841 16.953782392450584 -73.23351051266647 17.031737349723379 -73.269030546863405,,,,,,,u5ct0205r,14,Kron57
image,HST,WFPC2/WFC,,F336W,,ANY,,,17.04995,-73.243842,8196,,,51477.225158,51477.230944999996,500.0,,,,,POLYGON J2000 17.031737349723379 -73.269030546863405 17.153285008850041 -73.246804419253152 17.075180560768175 -73.21133006247841 16.953782392450584 -73.23351051266647 17.031737349723379 -73.269030546863405,,,,,,,u5ct0206r,14,Kron57
image,HST,WFPC2/WFC,,F814W,,ANY,,,17.04995,-73.243842,8196,,,51477.289741,51477.294370999996,400.0,,,,,POLYGON J2000 17.031727967259307 -73.269044412445581 17.153357037195384 -73.246803376991579 17.075200920523123 -73.211305592925299 16.95372154019449 -73.233500890157742 17.031727967259307 -73.269044412445581,,,,,,,u5ct020dr,14,Kron57
image,HST,WFPC2/WFC,,F814W,,ANY,,,17.04995,-73.243842,8196,,,51477.295991,51477.300620999995,400.0,,,,,POLYGON J2000 17.031727967259307 -73.269044412445581 17.153357037195384 -73.246803376991579 17.075200920523123 -73.211305592925299 16.95372154019449 -73.233500890157742 17.031727967259307 -73.269044412445581,,,,,,,u5ct020er,14,Kron57
image,HST,WFPC2/WFC,,F814W,,ANY,,,17.04995,-73.243842,8196,,,51477.302241000005,51477.306871,400.0,,,,,POLYGON J2000 17.031727967259307 -73.269044412445581 17.153357037195384 -73.246803376991579 17.075200920523123 -73.211305592925299 16.95372154019449 -73.233500890157742 17.031727967259307 -73.269044412445581,,,,,,,u5ct020fr,14,Kron57
image,HST,WFPC2/WFC,,F606W,,CSTAR120-2,,,10.375,-73.38194399999999,8604,,,52038.855032,52038.857116,180.0,,,,,POLYGON J2000 10.448428050008925 -73.352183189713415 10.305365435358917 -73.358745496448222 10.32846954645014 -73.400278582703052 10.471870910295902 -73.39370032696813 10.448428050008925 -73.352183189713415,,,,,,,u6740702r,13,OGLE-SMC172
image,HST,WFPC2/WFC,,F814W,,CSTAR120-2,,,10.375,-73.38194399999999,8604,,,52038.859895,52038.863367,300.0,,,,,POLYGON J2000 10.448425084048251 -73.352177380466941 10.305362519711762 -73.358739690425608 10.328466634447954 -73.400272776157465 10.47186794773349 -73.393694517196664 10.448425084048251 -73.352177380466941,,,,,,,u6740703r,13,OGLE-SMC172
image,HST,WFPC2/WFC,,F606W,,TOPL-5,,,15.854167000000002,-72.483333,8604,,,52036.98906,52036.991143,180.0,,,,,POLYGON J2000 15.909013886225084 -72.450860162896674 15.777604478641967 -72.463243119806449 15.819197171115022 -72.50339223427558 15.950869822865075 -72.490981774103844 15.909013886225084 -72.450860162896674,,,,,,,u6744002r,11,OGLE-SMC136
image,HST,WFPC2/WFC,,F814W,,TOPL-5,,,15.854167000000002,-72.483333,8604,,,52036.993923,52036.997395,300.0,,,,,POLYGON J2000 15.909008329213275 -72.450854535765529 15.777598964955043 -72.463237495087867 15.819191652657098 -72.503386608790436 15.950864260898477 -72.49097614620996 15.909008329213275 -72.450854535765529,,,,,,,u6744003r,11,OGLE-SMC136
image,HST,WFPC2/WFC,,F606W,,MID2-4,,,12.854167,-72.56666700000001,8604,,,52037.992532,52037.994616,180.0,,,,,POLYGON J2000 12.916169936525637 -72.535332583049779 12.781757923518928 -72.545123699301683 12.814759265097114 -72.58600038467705 12.949458733561151 -72.576187012601991 12.916169936525637 -72.535332583049779,,,,,,,u6744902r,0.0,H86119
image,HST,WFPC2/WFC,,F814W,,MID2-4,,,12.854167,-72.56666700000001,8604,,,52037.997395,52038.000867,300.0,,,,,POLYGON J2000 12.916165580161419 -72.535326859272942 12.781753612071244 -72.545117978280615 12.814754952527709 -72.585994662976702 12.949454375873685 -72.576181288147197 12.916165580161419 -72.535326859272942,,,,,,,u6744903r,0.0,H86119
image,HST,WFPC2/WFC,,F439W,,NGC346-WF4,,,14.760329999999998,-72.174814,8629,,,51816.961262,51816.961378,10.0,,,,,POLYGON J2000 14.825909408455491 -72.201413328213448 14.903243649964134 -72.16731909854164 14.790591666525833 -72.143347246782639 14.713149791731951 -72.177397108739271 14.825909408455491 -72.201413328213448,,,,,,,u675a401r,10,SSN2007Sc12
image,HST,WFPC2/WFC,,F606W,,ANY,,,18.48861,-73.401827,8805,,,51814.832791,51814.838577999995,500.0,,,,,POLYGON J2000 18.490290693638254 -73.427571017154719 18.592647810040216 -73.398101934099671 18.488219734828267 -73.368489979533663 18.385860211112 -73.397907979957736 18.490290693638254 -73.427571017154719,,,,,,,u67fn001r,15,HW68
image,HST,WFPC2/WFC,,F606W,,ANY,,,18.48861,-73.401827,8805,,,51814.840430000004,51814.846217,500.0,,,,,POLYGON J2000 18.490290693638254 -73.427571017154719 18.592647810040216 -73.398101934099671 18.488219734828267 -73.368489979533663 18.385860211112 -73.397907979957736 18.490290693638254 -73.427571017154719,,,,,,,u67fn002r,15,HW68
image,HST,WFPC2/WFC,,F606W,,ANY,,,14.604099,-72.250922,8805,,,51816.909874000004,51816.915661,500.0,,,,,POLYGON J2000 14.620041539754018 -72.276209892465914 14.698072689355417 -72.242196575983087 14.585155593710178 -72.218091299416912 14.507017814404184 -72.25205990722587 14.620041539754018 -72.276209892465914,,,,,,,u67fn201r,8,H86183
image,HST,WFPC2/WFC,,F606W,,ANY,,,14.610605,-72.25322800000001,8805,,,51816.920986000005,51816.923995,260.0,,,,,POLYGON J2000 14.626559042162729 -72.278514551234366 14.704587929374531 -72.244498664577605 14.591648141943878 -72.220397106296005 14.513512533547855 -72.254368281593429 14.626559042162729 -72.278514551234366,,,,,,,u67fn202r,8,H86183
image,HST,WFPC2/WFC,,F606W,,ANY,,,14.598073000000001,-72.258932,8805,,,51817.123069,51817.128856,500.0,,,,,POLYGON J2000 14.614014071428082 -72.28422022009029 14.692090420814633 -72.250209262876936 14.579131879299485 -72.226100567820936 14.50094886072495 -72.260066791588798 14.614014071428082 -72.28422022009029,,,,,,,u67fn301r,8,H86183
image,HST,WFPC2/WFC,,F606W,,ANY,,,14.598073000000001,-72.258932,8805,,,51817.130708,51817.136495,500.0,,,,,POLYGON J2000 14.614014071428082 -72.28422022009029 14.692090420814633 -72.250209262876936 14.579131879299485 -72.226100567820936 14.50094886072495 -72.260066791588798 14.614014071428082 -72.28422022009029,,,,,,,u67fn302r,8,H86183
image,HST,WFPC2/WFC,,F606W,,ANY,,,18.543809,-73.412678,8805,,,51819.05293,51819.064504,1000.0,,,,,POLYGON J2000 18.561648528136519 -73.437918686272397 18.643870526933398 -73.403686835150552 18.522529672675184 -73.379900144182969 18.440179166151353 -73.414084281948249 18.561648528136519 -73.437918686272397,,,,,,,u67fna01r,15,HW68
image,HST,WFPC2/WFC,,F606W,,ANY,,,18.543809,-73.412678,8805,,,51819.066124000004,51819.078856,1100.0,,,,,POLYGON J2000 18.561648528136519 -73.437918686272397 18.643870526933398 -73.403686835150552 18.522529672675184 -73.379900144182969 18.440179166151353 -73.414084281948249 18.561648528136519 -73.437918686272397,,,,,,,u67fna02r,15,HW68
image,HST,WFPC2/WFC,,F606W,,ANY,,,18.543809,-73.412678,8805,,,51819.130708,51819.136495,500.0,,,,,POLYGON J2000 18.561648528136519 -73.437918686272397 18.643870526933398 -73.403686835150552 18.522529672675184 -73.379900144182969 18.440179166151353 -73.414084281948249 18.561648528136519 -73.437918686272397,,,,,,,u67fnh01r,15,HW68
image,HST,WFPC2/WFC,,F606W,,ANY,,,18.543809,-73.412678,8805,,,51819.138347,51819.146449,700.0,,,,,POLYGON J2000 18.561648528136519 -73.437918686272397 18.643870526933398 -73.403686835150552 18.522529672675184 -73.379900144182969 18.440179166151353 -73.414084281948249 18.561648528136519 -73.437918686272397,,,,,,,u67fnh02r,15,HW68
image,HST,WFPC2/WFC,,F606W,,ANY,,,14.721335999999999,-72.254251,9249,,,52151.191841,52151.197627999994,500.0,,,,,POLYGON J2000 14.772848409458529 -72.274665207137687 14.792444233672068 -72.23359726024718 14.656095845575726 -72.227504196911511 14.636200974727648 -72.268558486351552 14.772848409458529 -72.274665207137687,,,,,,,u6gzhw01m,8,H86183
image,HST,WFPC2/WFC,,F606W,,ANY,,,14.721335999999999,-72.254251,9249,,,52151.223785,52151.229572000004,500.0,,,,,POLYGON J2000 14.772848409458529 -72.274665207137687 14.792444233672068 -72.23359726024718 14.656095845575726 -72.227504196911511 14.636200974727648 -72.268558486351552 14.772848409458529 -72.274665207137687,,,,,,,u6gzhx01m,8,H86183
image,HST,WFPC2/WFC,,F606W,,ANY,,,14.721335999999999,-72.254251,9249,,,52151.260591000006,52151.266378,500.0,,,,,POLYGON J2000 14.772848409458529 -72.274665207137687 14.792444233672068 -72.23359726024718 14.656095845575726 -72.227504196911511 14.636200974727648 -72.268558486351552 14.772848409458529 -72.274665207137687,,,,,,,u6gzhy01m,8,H86183
image,HST,WFPC2/WFC,,F606W,,ANY,,,14.721335999999999,-72.254251,9249,,,52151.325174,52151.330961,500.0,,,,,POLYGON J2000 14.772848409458529 -72.274665207137687 14.792444233672068 -72.23359726024718 14.656095845575726 -72.227504196911511 14.636200974727648 -72.268558486351552 14.772848409458529 -72.274665207137687,,,,,,,u6gzhz01m,8,H86183
image,HST,WFPC2/WFC,,F606W,,ANY,,,14.693388,-72.252886,9677,,,52538.907836,52538.912466,400.0,,,,,POLYGON J2000 14.738087682114324 -72.274740800053905 14.770784176185344 -72.234455087221349 14.637050221575475 -72.224321899869366 14.60407792251635 -72.264585337063579 14.738087682114324 -72.274740800053905,,,,,,,u8hhtt01m,8,H86183
image,HST,WFPC2/WFC,,F606W,,ANY,,,14.693388,-72.252886,9676,,,52538.940475,52538.948576999996,700.0,,,,,POLYGON J2000 14.738087682114324 -72.274740800053905 14.770784176185344 -72.234455087221349 14.637050221575475 -72.224321899869366 14.60407792251635 -72.264585337063579 14.738087682114324 -72.274740800053905,,,,,,,u8ixg201m,8,H86183
image,HST,WFPC2/WFC,,F606W,,ANY,,,14.693388,-72.252886,9676,,,52538.950197000006,52538.958299,700.0,,,,,POLYGON J2000 14.738087682114324 -72.274740800053905 14.770784176185344 -72.234455087221349 14.637050221575475 -72.224321899869366 14.60407792251635 -72.264585337063579 14.738087682114324 -72.274740800053905,,,,,,,u8ixg202m,8,H86183
image,HST,WFPC2/WFC,,F606W,,ANY,,,14.693388,-72.252886,9676,,,52538.959919,52538.969179,800.0,,,,,POLYGON J2000 14.738087682114324 -72.274740800053905 14.770784176185344 -72.234455087221349 14.637050221575475 -72.224321899869366 14.60407792251635 -72.264585337063579 14.738087682114324 -72.274740800053905,,,,,,,u8ixg203m,8,H86183
image,HST,WFPC2/WFC,,F606W,,ANY,,,14.693388,-72.252886,9709,,,52875.145319,52875.151106,500.0,,,,,POLYGON J2000 14.738095236251704 -72.274736230951575 14.770791713131088 -72.234450517437196 14.637057789521975 -72.224317332882151 14.604085507768197 -72.264580770769243 14.738095236251704 -72.274736230951575,,,,,,,u8l8nh01m,8,H86183
image,HST,WFPC2/WFC,,F606W,,ANY,,,14.693388,-72.252886,9709,,,52875.155042,52875.160829,500.0,,,,,POLYGON J2000 14.738095236251704 -72.274736230951575 14.770791713131088 -72.234450517437196 14.637057789521975 -72.224317332882151 14.604085507768197 -72.264580770769243 14.738095236251704 -72.274736230951575,,,,,,,u8l8nh02m,8,H86183
image,HST,WFPC2/WFC,,F606W,,ANY,,,14.693388,-72.252886,9710,,,52875.168236000005,52875.171708,300.0,,,,,POLYGON J2000 14.738095236251704 -72.274736230951575 14.770791713131088 -72.234450517437196 14.637057789521975 -72.224317332882151 14.604085507768197 -72.264580770769243 14.738095236251704 -72.274736230951575,,,,,,,u8lkvt01m,8,H86183
image,HST,WFPC2/WFC,,F606W,,SMC-DEEP-FIELD1D-ALT,,,13.344167,-72.373611,10766,,,54421.440475999996,54421.449735,800.0,,,,,POLYGON J2000 13.294767763537731 -72.394567591994459 13.430393797673158 -72.388329750346301 13.409394223083256 -72.346758036508675 13.274070424995999 -72.352981649669459 13.294767763537731 -72.394567591994459,,,,,,,u9k61201m,5,H86146
image,HST,WFPC2/WFC,,F814W,,SMC-DEEP-FIELD1D-ALT,,,13.344167,-72.373611,10766,,,54421.502975999996,54421.512235,800.0,,,,,POLYGON J2000 13.294770357647057 -72.394573406061241 13.430396436687895 -72.388335567470349 13.409383026951806 -72.346736394230788 13.274059383360013 -72.352959994959619 13.294770357647057 -72.394573406061241,,,,,,,u9k61202m,5,H86146
image,HST,WFPC2/WFC,,F606W,,SMC-DEEP-FIELD1D-ALT,,,13.344167,-72.373611,10766,,,54421.570337,54421.579596,800.0,,,,,POLYGON J2000 13.294575442984346 -72.394646702699532 13.430202139224816 -72.38840900340567 13.409202948187524 -72.346837267555983 13.273878491407782 -72.353060738611688 13.294575442984346 -72.394646702699532,,,,,,,u9k61203m,5,H86146
image,HST,WFPC2/WFC,,F814W,,SMC-DEEP-FIELD1D-ALT,,,13.344167,-72.373611,10766,,,54421.636309,54421.64556799999,800.0,,,,,POLYGON J2000 13.294578037094464 -72.394652516713137 13.430204778251081 -72.388414820497857 13.409191752392038 -72.346815625228459 13.273867450099306 -72.353039083831078 13.294578037094464 -72.394652516713137,,,,,,,u9k61204m,5,H86146
image,HST,WFPC2/WFC,,F606W,,SMC-DEEP-FIELD1D-ALT,,,13.344167,-72.373611,10766,,,54421.64950399999,54421.658763,800.0,,,,,POLYGON J2000 13.294383103124279 -72.394725810026145 13.430010466430884 -72.388488262926586 13.409011691815001 -72.346916503541891 13.273686571426843 -72.353139822674393 13.294383103124279 -72.394725810026145,,,,,,,u9k61205m,5,H86146
image,HST,WFPC2/WFC,,F814W,,SMC-DEEP-FIELD1D-ALT,,,13.344167,-72.373611,10766,,,54421.702976,54421.712235,800.0,,,,,POLYGON J2000 13.294385697131801 -72.394731624025454 13.430013105366564 -72.388494080027641 13.409000496281209 -72.346894861204106 13.273675530370371 -72.353118167860586 13.294385697131801 -72.394731624025454,,,,,,,u9k61206m,5,H86146
image,HST,WFPC2/WFC,,F606W,,SMC-DEEP-FIELD2A-ALT,,,12.529167,-73.273972,10766,,,54420.64117,54420.650429999994,800.0,,,,,POLYGON J2000 12.477095528224567 -73.294908913764871 12.619832101326457 -73.288722987997232 12.597912014514767 -73.247143614846138 12.455511921641438 -73.253314620415694 12.477095528224567 -73.294908913764871,,,,,,,u9k62101m,6,H86107
image,HST,WFPC2/WFC,,F814W,,SMC-DEEP-FIELD2A-ALT,,,12.529167,-73.273972,10766,,,54420.654364999995,54420.663624,800.0,,,,,POLYGON J2000 12.477098230063888 -73.294914728690415 12.619834853174215 -73.288728806241281 12.597900327246258 -73.247121968563434 12.455500406343344 -73.253292960985746 12.477098230063888 -73.294914728690415,,,,,,,u9k62102m,6,H86107
image,HST,WFPC2/WFC,,F606W,,SMC-DEEP-FIELD2A-ALT,,,12.529167,-73.273972,10766,,,54420.704365,54420.713624,800.0,,,,,POLYGON J2000 12.476892796093502 -73.29498794707257 12.619630099904967 -73.288802162805737 12.59771040893216 -73.247222767956487 12.455309589293945 -73.253393632284201 12.476892796093502 -73.29498794707257,,,,,,,u9k62103m,6,H86107
image,HST,WFPC2/WFC,,F814W,,SMC-DEEP-FIELD2A-ALT,,,12.529167,-73.273972,10766,,,54420.717559000004,54420.726817999996,800.0,,,,,POLYGON J2000 12.476895497813349 -73.294993761987371 12.619632851648319 -73.288807981066867 12.597698721918178 -73.247201121672347 12.455298074238057 -73.253371972825235 12.476895497813349 -73.294993761987371,,,,,,,u9k62104m,6,H86107
image,HST,WFPC2/WFC,,F606W,,SMC-DEEP-FIELD2A-ALT,,,12.529167,-73.273972,10766,,,54420.771031,54420.780290999995,800.0,,,,,POLYGON J2000 12.476690176754133 -73.295067004131212 12.619428177083602 -73.288881296281644 12.597508653257824 -73.247301889729229 12.455107140717795 -73.253472677745208 12.476690176754133 -73.295067004131212,,,,,,,u9k62105m,6,H86107
image,HST,WFPC2/WFC,,F814W,,SMC-DEEP-FIELD2A-ALT,,,12.529167,-73.273972,10766,,,54420.784225999996,54420.793485,800.0,,,,,POLYGON J2000 12.476692878736808 -73.295072819121884 12.619430929015815 -73.28888711447668 12.59749696604392 -73.247280243393064 12.455095625537485 -73.253451018375898 12.476692878736808 -73.295072819121884,,,,,,,u9k62106m,6,H86107
image,HST,WFPC2/WFC,,F606W,,SMC-DEEP-FIELD2C-ALT,,,12.643333,-73.330833,10766,,,54418.041170000004,54418.050428999995,800.0,,,,,POLYGON J2000 12.594307067889707 -73.35239982414673 12.736442788696074 -73.344438144588153 12.708189810702388 -73.30317148551832 12.566382581801196 -73.311114036453958 12.594307067889707 -73.35239982414673,,,,,,,u9k62301m,7,NAMEH86106E
image,HST,WFPC2/WFC,,F814W,,SMC-DEEP-FIELD2C-ALT,,,12.643333,-73.330833,10766,,,54418.054364999996,54418.063624,800.0,,,,,POLYGON J2000 12.594310657070235 -73.352405599736699 12.736446427862752 -73.344443923220425 12.708174834734624 -73.303150005576484 12.566367772578502 -73.311092540865531 12.594310657070235 -73.352405599736699,,,,,,,u9k62302m,7,NAMEH86106E
image,HST,WFPC2/WFC,,F606W,,SMC-DEEP-FIELD2C-ALT,,,12.643333,-73.330833,10766,,,54418.067559,54418.076817999994,800.0,,,,,POLYGON J2000 12.594115826203268 -73.352481313366795 12.736252319765386 -73.34451977494534 12.707999704323896 -73.30325308786125 12.56619170685263 -73.311195497887041 12.594115826203268 -73.352481313366795,,,,,,,u9k62303m,7,NAMEH86106E
image,HST,WFPC2/WFC,,F814W,,SMC-DEEP-FIELD2C-ALT,,,12.643333,-73.330833,10766,,,54418.080753999995,54418.090013,800.0,,,,,POLYGON J2000 12.594119415262174 -73.352487089014687 12.736255958802273 -73.344525553622177 12.707984728418458 -73.303231607948192 12.566176897703027 -73.311174002340849 12.594119415262174 -73.352487089014687,,,,,,,u9k62304m,7,NAMEH86106E
image,HST,WFPC2/WFC,,F606W,,SMC-DEEP-FIELD2C-ALT,,,12.643333,-73.330833,10766,,,54418.095337,54418.104596000005,800.0,,,,,POLYGON J2000 12.593924583710269 -73.35256280292738 12.736061849559151 -73.344601404946999 12.707809594219524 -73.303334689987537 12.566000828642554 -73.311276959797922 12.593924583710269 -73.35256280292738,,,,,,,u9k62305m,7,NAMEH86106E
image,HST,WFPC2/WFC,,F814W,,SMC-DEEP-FIELD2C-ALT,,,12.643333,-73.330833,10766,,,54418.10853099999,54418.117791,800.0,,,,,POLYGON J2000 12.593928172532113 -73.352568578601947 12.73606548839601 -73.344607183703431 12.707794618538331 -73.303313210125168 12.565986019683338 -73.311255464249712 12.593928172532113 -73.352568578601947,,,,,,,u9k62306m,7,NAMEH86106E
image,HST,WFPC2/WFC,,F555W,,NGC121,,,6.702333,-71.53575,11218,,,54423.189086,54423.18943300001,30.0,,,,,POLYGON J2000 6.6499073635140915 -71.553462524653867 6.7810420191653495 -71.552776067919027 6.7787045099286134 -71.510727036290206 6.6478576289908498 -71.511411986179908 6.6499073635140915 -71.553462524653867,,,,,,,u9yv0j01m,17,NGC121
image,HST,WFPC2/WFC,,F555W,,NGC121,,,6.702333,-71.53575,11218,,,54423.197419000004,54423.197766,30.0,,,,,POLYGON J2000 6.6503398368229512 -71.55332092557677 6.7814735049127339 -71.552634181775176 6.7791350968850637 -71.5105851552579 6.6482891988761921 -71.511270391596781 6.6503398368229512 -71.55332092557677,,,,,,,u9yv0j03m,17,NGC121
