,i,instrument,detector,propid,target,ra,dec,filter1,filter2,pr_inv,exptime,date-obs,filename,group,galaxy,targname,s_region
40,772,WFC3,UVIS,12257,NGC-1651,69.388333,-70.588889,...,...,Girardi,120,2011-10-16,clusters/WFC3/12257_NGC-1651/ibhy23nyq_flt.fits,6.0,lmc,NGC1651,POLYGON 69.45137407 -70.56077085 69.31472765 -70.56068283 69.32329434 -70.60589944 69.45865687 -70.60649993 69.45137407 -70.56077085 69.45137407 -70.56077085
41,773,WFC3,UVIS,12257,NGC-1651,69.388333,-70.588889,...,...,Girardi,30,2011-10-16,clusters/WFC3/12257_NGC-1651/ibhy23nzq_flt.fits,6.0,lmc,NGC1651,POLYGON 69.45137407 -70.56077085 69.31472765 -70.56068283 69.32329434 -70.60589944 69.45865687 -70.60649993 69.45137407 -70.56077085 69.45137407 -70.56077085
42,774,WFC3,UVIS,12257,NGC-1651,69.388333,-70.588889,...,...,Girardi,700,2011-10-16,clusters/WFC3/12257_NGC-1651/ibhy23o0q_flt.fits,6.0,lmc,NGC1651,POLYGON 69.45137407 -70.56077085 69.31472765 -70.56068283 69.32329434 -70.60589944 69.45865687 -70.60649993 69.45137407 -70.56077085 69.45137407 -70.56077085
43,775,WFC3,UVIS,12257,NGC-1651,69.388333,-70.588889,...,...,Girardi,700,2011-10-16,clusters/WFC3/12257_NGC-1651/ibhy23o3q_flt.fits,6.0,lmc,NGC1651,POLYGON 69.45137407 -70.56077085 69.31472765 -70.56068283 69.32329434 -70.60589944 69.45865687 -70.60649993 69.45137407 -70.56077085 69.45137407 -70.56077085
44,776,WFC3,UVIS,12257,NGC-1651,69.388333,-70.588889,...,...,Girardi,720,2011-10-16,clusters/WFC3/12257_NGC-1651/ibhy23o7q_flt.fits,6.0,lmc,NGC1651,POLYGON 69.45137407 -70.56077085 69.31472765 -70.56068283 69.32329434 -70.60589944 69.45865687 -70.60649993 69.45137407 -70.56077085 69.45137407 -70.56077085
45,777,WFC3,UVIS,12257,NGC-1651,69.388333,-70.588889,...,...,Girardi,600,2011-10-16,clusters/WFC3/12257_NGC-1651/ibhy23obq_flt.fits,6.0,lmc,NGC1651,POLYGON 69.45137407 -70.56077085 69.31472765 -70.56068283 69.32329434 -70.60589944 69.45865687 -70.60649993 69.45137407 -70.56077085 69.45137407 -70.56077085
46,939,WFC3,UVIS,12257,NGC-1651,69.388333,-70.588889,...,...,Girardi,120,2011-10-16,stage/ibhy23nyq_flt.fits,6.0,lmc,NGC1651,POLYGON 69.45137407 -70.56077085 69.31472765 -70.56068283 69.32329434 -70.60589944 69.45865687 -70.60649993 69.45137407 -70.56077085 69.45137407 -70.56077085
47,940,WFC3,UVIS,12257,NGC-1651,69.388333,-70.588889,...,...,Girardi,720,2011-10-16,stage/ibhy23o7q_flt.fits,6.0,lmc,NGC1651,POLYGON 69.45137407 -70.56077085 69.31472765 -70.56068283 69.32329434 -70.60589944 69.45865687 -70.60649993 69.45137407 -70.56077085 69.45137407 -70.56077085
48,941,WFC3,UVIS,12257,NGC-1651,69.388333,-70.588889,...,...,Girardi,600,2011-10-16,stage/ibhy23obq_flt.fits,6.0,lmc,NGC1651,POLYGON 69.45137407 -70.56077085 69.31472765 -70.56068283 69.32329434 -70.60589944 69.45865687 -70.60649993 69.45137407 -70.56077085 69.45137407 -70.56077085
139,133,WFC3,UVIS,12940,LH-117EAST,87.34926,-70.078664,...,...,Massey,1,2012-12-14,lmc_fields/WFC3/12940_LH-117EAST/iby720g1q_flt.fits,23.0,lmc,LH117,POLYGON 87.34267468 -70.04587635 87.25780949 -70.08073715 87.3525875 -70.11203592 87.43959363 -70.07711461 87.34267468 -70.04587635 87.34267468 -70.04587635
140,134,WFC3,UVIS,12940,LH-117EAST,87.34926,-70.078664,...,...,Massey,1,2012-12-14,lmc_fields/WFC3/12940_LH-117EAST/iby720g2q_flt.fits,23.0,lmc,LH117,POLYGON 87.34267468 -70.04587635 87.25780949 -70.08073715 87.3525875 -70.11203592 87.43959363 -70.07711461 87.34267468 -70.04587635 87.34267468 -70.04587635
141,1035,WFC3,UVIS,12940,LH-117EAST,87.34926,-70.078664,...,...,Massey,1,2012-12-14,stage/iby720g1q_flt.fits,23.0,lmc,LH117,POLYGON 87.34267468 -70.04587635 87.25780949 -70.08073715 87.3525875 -70.11203592 87.43959363 -70.07711461 87.34267468 -70.04587635 87.34267468 -70.04587635
142,1036,WFC3,UVIS,12940,LH-117EAST,87.34926,-70.078664,...,...,Massey,1,2012-12-14,stage/iby720g2q_flt.fits,23.0,lmc,LH117,POLYGON 87.34267468 -70.04587635 87.25780949 -70.08073715 87.3525875 -70.11203592 87.43959363 -70.07711461 87.34267468 -70.04587635 87.34267468 -70.04587635
143,135,WFC3,UVIS,12940,LH-117NORTH,87.254244,-70.052031,...,...,Massey,1,2012-10-04,lmc_fields/WFC3/12940_LH-117NORTH/iby718z5q_flt.fits,24.0,lmc,LH117,POLYGON 87.27240439 -70.02184104 87.15956498 -70.04599796 87.23737601 -70.08272357 87.3498268 -70.05923814 87.27240439 -70.02184104 87.27240439 -70.02184104
144,136,WFC3,UVIS,12940,LH-117NORTH,87.254244,-70.052031,...,...,Massey,1,2012-10-04,lmc_fields/WFC3/12940_LH-117NORTH/iby718z6q_flt.fits,24.0,lmc,LH117,POLYGON 87.27240439 -70.02184104 87.15956498 -70.04599796 87.23737601 -70.08272357 87.3498268 -70.05923814 87.27240439 -70.02184104 87.27240439 -70.02184104
145,137,WFC3,UVIS,12940,LH-117SOUTH,87.175767,-70.084678,...,...,Massey,1,2012-11-24,lmc_fields/WFC3/12940_LH-117SOUTH/iby719ioq_flt.fits,24.0,lmc,LH117,POLYGON 87.13755296 -70.05450524 87.09151749 -70.0970087 87.21157425 -70.1157652 87.25943835 -70.07296989 87.13755296 -70.05450524 87.13755296 -70.05450524
146,138,WFC3,UVIS,12940,LH-117SOUTH,87.175767,-70.084678,...,...,Massey,1,2012-11-24,lmc_fields/WFC3/12940_LH-117SOUTH/iby719ipq_flt.fits,24.0,lmc,LH117,POLYGON 87.13755296 -70.05450524 87.09151749 -70.0970087 87.21157425 -70.1157652 87.25943835 -70.07296989 87.13755296 -70.05450524 87.13755296 -70.05450524
147,1031,WFC3,UVIS,12940,LH-117NORTH,87.254244,-70.052031,...,...,Massey,1,2012-10-04,stage/iby718z5q_flt.fits,24.0,lmc,LH117,POLYGON 87.27240439 -70.02184104 87.15956498 -70.04599796 87.23737601 -70.08272357 87.3498268 -70.05923814 87.27240439 -70.02184104 87.27240439 -70.02184104
148,1032,WFC3,UVIS,12940,LH-117NORTH,87.254244,-70.052031,...,...,Massey,1,2012-10-04,stage/iby718z6q_flt.fits,24.0,lmc,LH117,POLYGON 87.27240439 -70.02184104 87.15956498 -70.04599796 87.23737601 -70.08272357 87.3498268 -70.05923814 87.27240439 -70.02184104 87.27240439 -70.02184104
149,1033,WFC3,UVIS,12940,LH-117SOUTH,87.175767,-70.084678,...,...,Massey,1,2012-11-24,stage/iby719ioq_flt.fits,24.0,lmc,LH117,POLYGON 87.13755296 -70.05450524 87.09151749 -70.0970087 87.21157425 -70.1157652 87.25943835 -70.07296989 87.13755296 -70.05450524 87.13755296 -70.05450524
150,1034,WFC3,UVIS,12940,LH-117SOUTH,87.175767,-70.084678,...,...,Massey,1,2012-11-24,stage/iby719ipq_flt.fits,24.0,lmc,LH117,POLYGON 87.13755296 -70.05450524 87.09151749 -70.0970087 87.21157425 -70.1157652 87.25943835 -70.07296989 87.13755296 -70.05450524 87.13755296 -70.05450524
151,123,WFC3,UVIS,12581,ANY,85.757886,-69.039386,...,...,Roman-Duval,2,2012-01-25,lmc_fields/WFC3/12581_ANY/ibp503stq_flt.fits,25.0,lmc,LMC-FIELD-NW-1,POLYGON 85.81672211 -69.01381943 85.69122505 -69.01956841 85.69735796 -69.06446722 85.82465284 -69.05920787 85.81672211 -69.01381943 85.81672211 -69.01381943
152,124,WFC3,UVIS,12581,ANY,85.757886,-69.039386,...,...,Roman-Duval,1,2012-01-25,lmc_fields/WFC3/12581_ANY/ibp503suq_flt.fits,25.0,lmc,LMC-FIELD-NW-1,POLYGON 85.81672211 -69.01381943 85.69122505 -69.01956841 85.69735796 -69.06446722 85.82465284 -69.05920787 85.81672211 -69.01381943 85.81672211 -69.01381943
153,125,WFC3,UVIS,12581,ANY,85.757886,-69.039386,...,...,Roman-Duval,1,2012-01-25,lmc_fields/WFC3/12581_ANY/ibp503syq_flt.fits,25.0,lmc,LMC-FIELD-NW-1,POLYGON 85.81672211 -69.01381943 85.69122505 -69.01956841 85.69735796 -69.06446722 85.82465284 -69.05920787 85.81672211 -69.01381943 85.81672211 -69.01381943
154,126,WFC3,UVIS,12581,ANY,85.757886,-69.039386,...,...,Roman-Duval,1030,2012-01-25,lmc_fields/WFC3/12581_ANY/ibp503t5q_flt.fits,25.0,lmc,LMC-FIELD-NW-1,POLYGON 85.81672211 -69.01381943 85.69122505 -69.01956841 85.69735796 -69.06446722 85.82465284 -69.05920787 85.81672211 -69.01381943 85.81672211 -69.01381943
155,127,WFC3,UVIS,12581,ANY,85.757886,-69.039386,...,...,Roman-Duval,1215,2012-01-25,lmc_fields/WFC3/12581_ANY/ibp503t9q_flt.fits,25.0,lmc,LMC-FIELD-NW-1,POLYGON 85.81672211 -69.01381943 85.69122505 -69.01956841 85.69735796 -69.06446722 85.82465284 -69.05920787 85.81672211 -69.01381943 85.81672211 -69.01381943
156,128,WFC3,UVIS,12581,ANY,85.757886,-69.039386,...,...,Roman-Duval,1030,2012-01-25,lmc_fields/WFC3/12581_ANY/ibp503tfq_flt.fits,25.0,lmc,LMC-FIELD-NW-1,POLYGON 85.81672211 -69.01381943 85.69122505 -69.01956841 85.69735796 -69.06446722 85.82465284 -69.05920787 85.81672211 -69.01381943 85.81672211 -69.01381943
157,129,WFC3,UVIS,12581,ANY,85.757886,-69.039386,...,...,Roman-Duval,1030,2012-01-25,lmc_fields/WFC3/12581_ANY/ibp503tnq_flt.fits,25.0,lmc,LMC-FIELD-NW-1,POLYGON 85.81672211 -69.01381943 85.69122505 -69.01956841 85.69735796 -69.06446722 85.82465284 -69.05920787 85.81672211 -69.01381943 85.81672211 -69.01381943
158,130,WFC3,UVIS,12581,ANY,85.757886,-69.039386,...,...,Roman-Duval,1180,2012-01-25,lmc_fields/WFC3/12581_ANY/ibp503tsq_flt.fits,25.0,lmc,LMC-FIELD-NW-1,POLYGON 85.81672211 -69.01381943 85.69122505 -69.01956841 85.69735796 -69.06446722 85.82465284 -69.05920787 85.81672211 -69.01381943 85.81672211 -69.01381943
159,131,WFC3,UVIS,12581,ANY,85.757886,-69.039386,...,...,Roman-Duval,1230,2012-01-25,lmc_fields/WFC3/12581_ANY/ibp503tyq_flt.fits,25.0,lmc,LMC-FIELD-NW-1,POLYGON 85.81672211 -69.01381943 85.69122505 -69.01956841 85.69735796 -69.06446722 85.82465284 -69.05920787 85.81672211 -69.01381943 85.81672211 -69.01381943
160,132,WFC3,UVIS,12581,ANY,85.757886,-69.039386,...,...,Roman-Duval,730,2012-01-25,lmc_fields/WFC3/12581_ANY/ibp503u6q_flt.fits,25.0,lmc,LMC-FIELD-NW-1,POLYGON 85.81672211 -69.01381943 85.69122505 -69.01956841 85.69735796 -69.06446722 85.82465284 -69.05920787 85.81672211 -69.01381943 85.81672211 -69.01381943
161,139,WFC3,UVIS,13009,HIGH-30DOR-OFF,85.757917,-69.039389,...,...,De Marchi,45,2013-09-23,lmc_fields/WFC3/13009_HIGH-30DOR-OFF/ibyy31mgq_flt.fits,25.0,lmc,LMC-FIELD-NW-1,POLYGON 85.76623443 -69.00818539 85.66488845 -69.03560266 85.74776704 -69.06987696 85.84887037 -69.04314342 85.76623443 -69.00818539 85.76623443 -69.00818539
162,140,WFC3,UVIS,13009,HIGH-30DOR-OFF,85.757917,-69.039389,...,...,De Marchi,352,2013-09-23,lmc_fields/WFC3/13009_HIGH-30DOR-OFF/ibyy31mhq_flt.fits,25.0,lmc,LMC-FIELD-NW-1,POLYGON 85.76623443 -69.00818539 85.66488845 -69.03560266 85.74776704 -69.06987696 85.84887037 -69.04314342 85.76623443 -69.00818539 85.76623443 -69.00818539
163,141,WFC3,UVIS,13009,HIGH-30DOR-OFF,85.757917,-69.039389,...,...,De Marchi,600,2013-09-23,lmc_fields/WFC3/13009_HIGH-30DOR-OFF/ibyy31mmq_flt.fits,25.0,lmc,LMC-FIELD-NW-1,POLYGON 85.76623443 -69.00818539 85.66488845 -69.03560266 85.74776704 -69.06987696 85.84887037 -69.04314342 85.76623443 -69.00818539 85.76623443 -69.00818539
164,142,WFC3,UVIS,13009,HIGH-30DOR-OFF,85.757917,-69.039389,...,...,De Marchi,700,2013-09-23,lmc_fields/WFC3/13009_HIGH-30DOR-OFF/ibyy31moq_flt.fits,25.0,lmc,LMC-FIELD-NW-1,POLYGON 85.76623443 -69.00818539 85.66488845 -69.03560266 85.74776704 -69.06987696 85.84887037 -69.04314342 85.76623443 -69.00818539 85.76623443 -69.00818539
165,143,WFC3,UVIS,13009,HIGH-30DOR-OFF,85.757917,-69.039389,...,...,De Marchi,882,2013-09-23,lmc_fields/WFC3/13009_HIGH-30DOR-OFF/ibyy31msq_flt.fits,25.0,lmc,LMC-FIELD-NW-1,POLYGON 85.76623443 -69.00818539 85.66488845 -69.03560266 85.74776704 -69.06987696 85.84887037 -69.04314342 85.76623443 -69.00818539 85.76623443 -69.00818539
166,1009,WFC3,UVIS,12581,ANY,85.757886,-69.039386,...,...,Roman-Duval,2,2012-01-25,stage/ibp503stq_flt.fits,25.0,lmc,LMC-FIELD-NW-1,POLYGON 85.81672211 -69.01381943 85.69122505 -69.01956841 85.69735796 -69.06446722 85.82465284 -69.05920787 85.81672211 -69.01381943 85.81672211 -69.01381943
167,1010,WFC3,UVIS,12581,ANY,85.757886,-69.039386,...,...,Roman-Duval,1,2012-01-25,stage/ibp503suq_flt.fits,25.0,lmc,LMC-FIELD-NW-1,POLYGON 85.81672211 -69.01381943 85.69122505 -69.01956841 85.69735796 -69.06446722 85.82465284 -69.05920787 85.81672211 -69.01381943 85.81672211 -69.01381943
168,1011,WFC3,UVIS,12581,ANY,85.757886,-69.039386,...,...,Roman-Duval,1030,2012-01-25,stage/ibp503t5q_flt.fits,25.0,lmc,LMC-FIELD-NW-1,POLYGON 85.81672211 -69.01381943 85.69122505 -69.01956841 85.69735796 -69.06446722 85.82465284 -69.05920787 85.81672211 -69.01381943 85.81672211 -69.01381943
169,1012,WFC3,UVIS,12581,ANY,85.757886,-69.039386,...,...,Roman-Duval,1030,2012-01-25,stage/ibp503tnq_flt.fits,25.0,lmc,LMC-FIELD-NW-1,POLYGON 85.81672211 -69.01381943 85.69122505 -69.01956841 85.69735796 -69.06446722 85.82465284 -69.05920787 85.81672211 -69.01381943 85.81672211 -69.01381943
170,1013,WFC3,UVIS,12581,ANY,85.757886,-69.039386,...,...,Roman-Duval,1180,2012-01-25,stage/ibp503tsq_flt.fits,25.0,lmc,LMC-FIELD-NW-1,POLYGON 85.81672211 -69.01381943 85.69122505 -69.01956841 85.69735796 -69.06446722 85.82465284 -69.05920787 85.81672211 -69.01381943 85.81672211 -69.01381943
171,1014,WFC3,UVIS,12581,ANY,85.757886,-69.039386,...,...,Roman-Duval,1230,2012-01-25,stage/ibp503tyq_flt.fits,25.0,lmc,LMC-FIELD-NW-1,POLYGON 85.81672211 -69.01381943 85.69122505 -69.01956841 85.69735796 -69.06446722 85.82465284 -69.05920787 85.81672211 -69.01381943 85.81672211 -69.01381943
172,1015,WFC3,UVIS,12581,ANY,85.757886,-69.039386,...,...,Roman-Duval,730,2012-01-25,stage/ibp503u6q_flt.fits,25.0,lmc,LMC-FIELD-NW-1,POLYGON 85.81672211 -69.01381943 85.69122505 -69.01956841 85.69735796 -69.06446722 85.82465284 -69.05920787 85.81672211 -69.01381943 85.81672211 -69.01381943
173,1043,WFC3,UVIS,13009,HIGH-30DOR-OFF,85.757917,-69.039389,...,...,De Marchi,45,2013-09-23,stage/ibyy31mgq_flt.fits,25.0,lmc,LMC-FIELD-NW-1,POLYGON 85.76623443 -69.00818539 85.66488845 -69.03560266 85.74776704 -69.06987696 85.84887037 -69.04314342 85.76623443 -69.00818539 85.76623443 -69.00818539
174,1044,WFC3,UVIS,13009,HIGH-30DOR-OFF,85.757917,-69.039389,...,...,De Marchi,352,2013-09-23,stage/ibyy31mhq_flt.fits,25.0,lmc,LMC-FIELD-NW-1,POLYGON 85.76623443 -69.00818539 85.66488845 -69.03560266 85.74776704 -69.06987696 85.84887037 -69.04314342 85.76623443 -69.00818539 85.76623443 -69.00818539
175,144,WFC3,UVIS,13282,SNR0548-70.4,86.952083,-70.414811,...,...,Chu,20,2013-09-20,lmc_fields/WFC3/13282_SNR0548-70.4/icco05moq_flt.fits,26.0,lmc,LMC-FIELD-W,POLYGON ICRS  86.88190365 -70.42537929  86.96857957 -70.39072716  87.02259852 -70.40414399  86.93585478 -70.43846471  86.88190365 -70.42537929
176,145,WFC3,UVIS,13282,SNR0548-70.4,86.952083,-70.414811,...,...,Chu,350,2013-09-20,lmc_fields/WFC3/13282_SNR0548-70.4/icco05mpq_flt.fits,26.0,lmc,LMC-FIELD-W,POLYGON ICRS  86.88190365 -70.42537929  86.96857957 -70.39072716  87.02259852 -70.40414399  86.93585478 -70.43846471  86.88190365 -70.42537929
177,146,WFC3,UVIS,13282,SNR0548-70.4,86.952083,-70.414811,...,...,Chu,350,2013-09-20,lmc_fields/WFC3/13282_SNR0548-70.4/icco05mrq_flt.fits,26.0,lmc,LMC-FIELD-W,POLYGON ICRS  86.88190365 -70.42537929  86.96857957 -70.39072716  87.02259852 -70.40414399  86.93585478 -70.43846471  86.88190365 -70.42537929
178,147,WFC3,UVIS,13282,SNR0548-70.4,86.952083,-70.414811,...,...,Chu,350,2013-09-20,lmc_fields/WFC3/13282_SNR0548-70.4/icco05mtq_flt.fits,26.0,lmc,LMC-FIELD-W,POLYGON ICRS  86.88190365 -70.42537929  86.96857957 -70.39072716  87.02259852 -70.40414399  86.93585478 -70.43846471  86.88190365 -70.42537929
179,148,WFC3,UVIS,13282,SNR0548-70.4,86.952083,-70.414811,...,...,Chu,350,2013-09-20,lmc_fields/WFC3/13282_SNR0548-70.4/icco05mvq_flt.fits,26.0,lmc,LMC-FIELD-W,POLYGON ICRS  86.88190365 -70.42537929  86.96857957 -70.39072716  87.02259852 -70.40414399  86.93585478 -70.43846471  86.88190365 -70.42537929
180,149,WFC3,UVIS,13282,SNR0548-70.4,86.952083,-70.414811,...,...,Chu,350,2013-09-20,lmc_fields/WFC3/13282_SNR0548-70.4/icco05mxq_flt.fits,26.0,lmc,LMC-FIELD-W,POLYGON ICRS  86.88190365 -70.42537929  86.96857957 -70.39072716  87.02259852 -70.40414399  86.93585478 -70.43846471  86.88190365 -70.42537929
181,150,WFC3,UVIS,13282,SNR0548-70.4,86.952083,-70.414811,...,...,Chu,470,2013-09-20,lmc_fields/WFC3/13282_SNR0548-70.4/icco05mzq_flt.fits,26.0,lmc,LMC-FIELD-W,POLYGON ICRS  86.88190365 -70.42537929  86.96857957 -70.39072716  87.02259852 -70.40414399  86.93585478 -70.43846471  86.88190365 -70.42537929
182,151,WFC3,UVIS,13282,SNR0548-70.4,86.952083,-70.414811,...,...,Chu,20,2013-09-20,lmc_fields/WFC3/13282_SNR0548-70.4/icco05n1q_flt.fits,26.0,lmc,LMC-FIELD-W,POLYGON ICRS  86.88190365 -70.42537929  86.96857957 -70.39072716  87.02259852 -70.40414399  86.93585478 -70.43846471  86.88190365 -70.42537929
183,152,WFC3,UVIS,13282,SNR0548-70.4,86.952083,-70.414811,...,...,Chu,450,2013-09-20,lmc_fields/WFC3/13282_SNR0548-70.4/icco05n3q_flt.fits,26.0,lmc,LMC-FIELD-W,POLYGON ICRS  86.88190365 -70.42537929  86.96857957 -70.39072716  87.02259852 -70.40414399  86.93585478 -70.43846471  86.88190365 -70.42537929
184,153,WFC3,UVIS,13282,SNR0548-70.4,86.952083,-70.414811,...,...,Chu,411,2013-09-20,lmc_fields/WFC3/13282_SNR0548-70.4/icco05n4q_flt.fits,26.0,lmc,LMC-FIELD-W,POLYGON ICRS  86.88190365 -70.42537929  86.96857957 -70.39072716  87.02259852 -70.40414399  86.93585478 -70.43846471  86.88190365 -70.42537929
185,154,WFC3,UVIS,13282,SNR0548-70.4,86.952083,-70.414811,...,...,Chu,450,2013-09-20,lmc_fields/WFC3/13282_SNR0548-70.4/icco05n6q_flt.fits,26.0,lmc,LMC-FIELD-W,POLYGON ICRS  86.88190365 -70.42537929  86.96857957 -70.39072716  87.02259852 -70.40414399  86.93585478 -70.43846471  86.88190365 -70.42537929
186,155,WFC3,UVIS,13282,SNR0548-70.4,86.952083,-70.414811,...,...,Chu,350,2013-09-20,lmc_fields/WFC3/13282_SNR0548-70.4/icco05n8q_flt.fits,26.0,lmc,LMC-FIELD-W,POLYGON ICRS  86.88190365 -70.42537929  86.96857957 -70.39072716  87.02259852 -70.40414399  86.93585478 -70.43846471  86.88190365 -70.42537929
187,156,WFC3,UVIS,13282,SNR0548-70.4,86.952083,-70.414811,...,...,Chu,450,2013-09-20,lmc_fields/WFC3/13282_SNR0548-70.4/icco05naq_flt.fits,26.0,lmc,LMC-FIELD-W,POLYGON ICRS  86.88190365 -70.42537929  86.96857957 -70.39072716  87.02259852 -70.40414399  86.93585478 -70.43846471  86.88190365 -70.42537929
188,157,WFC3,UVIS,13282,SNR0548-70.4,86.952083,-70.414811,...,...,Chu,350,2013-09-20,lmc_fields/WFC3/13282_SNR0548-70.4/icco05ncq_flt.fits,26.0,lmc,LMC-FIELD-W,POLYGON ICRS  86.88190365 -70.42537929  86.96857957 -70.39072716  87.02259852 -70.40414399  86.93585478 -70.43846471  86.88190365 -70.42537929
189,158,WFC3,UVIS,13282,SNR0548-70.4,86.952083,-70.414811,...,...,Chu,20,2013-09-20,lmc_fields/WFC3/13282_SNR0548-70.4/icco05neq_flt.fits,26.0,lmc,LMC-FIELD-W,POLYGON ICRS  86.88190365 -70.42537929  86.96857957 -70.39072716  87.02259852 -70.40414399  86.93585478 -70.43846471  86.88190365 -70.42537929
190,1210,WFC3,UVIS,13282,SNR0548-70.4,86.952083,-70.414811,...,...,Chu,20,2013-09-20,stage/icco05moq_flt.fits,26.0,lmc,LMC-FIELD-W,POLYGON ICRS  86.88190365 -70.42537929  86.96857957 -70.39072716  87.02259852 -70.40414399  86.93585478 -70.43846471  86.88190365 -70.42537929
445,738,WFC3,UVIS,12116,NGC1818,76.0615,-66.434489,...,...,Dalcanton,460,2013-03-13,clusters/WFC3/12116_NGC1818/ibxg01o2q_flt.fits,110.0,lmc,NGC1818,POLYGON 76.07186939 -66.40375307 75.97962612 -66.42941888 76.05103328 -66.4652356 76.14365275 -66.4387982 76.07186939 -66.40375307 76.07186939 -66.40375307
446,739,WFC3,UVIS,12116,NGC1818,76.0615,-66.434489,...,...,Dalcanton,2,2013-03-13,clusters/WFC3/12116_NGC1818/ibxg01o5q_flt.fits,110.0,lmc,NGC1818,POLYGON 76.07186939 -66.40375307 75.97962612 -66.42941888 76.05103328 -66.4652356 76.14365275 -66.4387982 76.07186939 -66.40375307 76.07186939 -66.40375307
447,740,WFC3,UVIS,12116,NGC1818,76.0615,-66.434489,...,...,Dalcanton,750,2013-03-13,clusters/WFC3/12116_NGC1818/ibxg01o6q_flt.fits,110.0,lmc,NGC1818,POLYGON 76.07186939 -66.40375307 75.97962612 -66.42941888 76.05103328 -66.4652356 76.14365275 -66.4387982 76.07186939 -66.40375307 76.07186939 -66.40375307
448,741,WFC3,UVIS,12116,NGC1818,76.0615,-66.434489,...,...,Dalcanton,750,2013-03-13,clusters/WFC3/12116_NGC1818/ibxg01o9q_flt.fits,110.0,lmc,NGC1818,POLYGON 76.07186939 -66.40375307 75.97962612 -66.42941888 76.05103328 -66.4652356 76.14365275 -66.4387982 76.07186939 -66.40375307 76.07186939 -66.40375307
449,742,WFC3,UVIS,12116,NGC1818,76.0615,-66.434489,...,...,Dalcanton,100,2013-03-13,clusters/WFC3/12116_NGC1818/ibxg01oeq_flt.fits,110.0,lmc,NGC1818,POLYGON 76.07186939 -66.40375307 75.97962612 -66.42941888 76.05103328 -66.4652356 76.14365275 -66.4387982 76.07186939 -66.40375307 76.07186939 -66.40375307
450,894,WFC3,UVIS,11730,QSO-050436-662417,76.15,-66.404361,...,...,Kallivayalil,160,2010-02-11,stage/ib5y25t3q_flt.fits,110.0,lmc,NGC1818-FIELD,
451,895,WFC3,UVIS,11730,QSO-050436-662417,76.15,-66.404361,...,...,Kallivayalil,160,2010-02-11,stage/ib5y25t4q_flt.fits,110.0,lmc,NGC1818-FIELD,
452,896,WFC3,UVIS,11730,QSO-050436-662417,76.15,-66.404361,...,...,Kallivayalil,160,2010-02-11,stage/ib5y25t5q_flt.fits,110.0,lmc,NGC1818-FIELD,
453,897,WFC3,UVIS,11730,QSO-050436-662417,76.15,-66.404361,...,...,Kallivayalil,160,2010-02-11,stage/ib5y25t6q_flt.fits,110.0,lmc,NGC1818-FIELD,
454,1027,WFC3,UVIS,12116,NGC1818,76.0615,-66.434489,...,...,Dalcanton,460,2013-03-13,stage/ibxg01o2q_flt.fits,110.0,lmc,NGC1818,POLYGON 76.07186939 -66.40375307 75.97962612 -66.42941888 76.05103328 -66.4652356 76.14365275 -66.4387982 76.07186939 -66.40375307 76.07186939 -66.40375307
455,1028,WFC3,UVIS,12116,NGC1818,76.0615,-66.434489,...,...,Dalcanton,2,2013-03-13,stage/ibxg01o5q_flt.fits,110.0,lmc,NGC1818,POLYGON 76.07186939 -66.40375307 75.97962612 -66.42941888 76.05103328 -66.4652356 76.14365275 -66.4387982 76.07186939 -66.40375307 76.07186939 -66.40375307
456,1029,WFC3,UVIS,12116,NGC1818,76.0615,-66.434489,...,...,Dalcanton,750,2013-03-13,stage/ibxg01o6q_flt.fits,110.0,lmc,NGC1818,POLYGON 76.07186939 -66.40375307 75.97962612 -66.42941888 76.05103328 -66.4652356 76.14365275 -66.4387982 76.07186939 -66.40375307 76.07186939 -66.40375307
457,1030,WFC3,UVIS,12116,NGC1818,76.0615,-66.434489,...,...,Dalcanton,750,2013-03-13,stage/ibxg01o9q_flt.fits,110.0,lmc,NGC1818,POLYGON 76.07186939 -66.40375307 75.97962612 -66.42941888 76.05103328 -66.4652356 76.14365275 -66.4387982 76.07186939 -66.40375307 76.07186939 -66.40375307
458,760,WFC3,UVIS,12257,H-2,79.45,-69.645278,...,...,Girardi,120,2012-01-21,clusters/WFC3/12257_H-2/ibhy24e3q_flt.fits,111.0,lmc,HODGE2,POLYGON 79.53721853 -69.61987397 79.40761204 -69.62385648 79.40884269 -69.6688068 79.54025266 -69.66533875 79.53721853 -69.61987397 79.53721853 -69.61987397
459,761,WFC3,UVIS,12257,H-2,79.45,-69.645278,...,...,Girardi,30,2012-01-21,clusters/WFC3/12257_H-2/ibhy24e4q_flt.fits,111.0,lmc,HODGE2,POLYGON 79.53721853 -69.61987397 79.40761204 -69.62385648 79.40884269 -69.6688068 79.54025266 -69.66533875 79.53721853 -69.61987397 79.53721853 -69.61987397
460,762,WFC3,UVIS,12257,H-2,79.45,-69.645278,...,...,Girardi,700,2012-01-21,clusters/WFC3/12257_H-2/ibhy24e5q_flt.fits,111.0,lmc,HODGE2,POLYGON 79.53721853 -69.61987397 79.40761204 -69.62385648 79.40884269 -69.6688068 79.54025266 -69.66533875 79.53721853 -69.61987397 79.53721853 -69.61987397
461,763,WFC3,UVIS,12257,H-2,79.45,-69.645278,...,...,Girardi,700,2012-01-21,clusters/WFC3/12257_H-2/ibhy24e8q_flt.fits,111.0,lmc,HODGE2,POLYGON 79.53721853 -69.61987397 79.40761204 -69.62385648 79.40884269 -69.6688068 79.54025266 -69.66533875 79.53721853 -69.61987397 79.53721853 -69.61987397
462,764,WFC3,UVIS,12257,H-2,79.45,-69.645278,...,...,Girardi,720,2012-01-21,clusters/WFC3/12257_H-2/ibhy24ecq_flt.fits,111.0,lmc,HODGE2,POLYGON 79.53721853 -69.61987397 79.40761204 -69.62385648 79.40884269 -69.6688068 79.54025266 -69.66533875 79.53721853 -69.61987397 79.53721853 -69.61987397
463,765,WFC3,UVIS,12257,H-2,79.45,-69.645278,...,...,Girardi,600,2012-01-21,clusters/WFC3/12257_H-2/ibhy24egq_flt.fits,111.0,lmc,HODGE2,POLYGON 79.53721853 -69.61987397 79.40761204 -69.62385648 79.40884269 -69.6688068 79.54025266 -69.66533875 79.53721853 -69.61987397 79.53721853 -69.61987397
464,942,WFC3,UVIS,12257,H-2,79.45,-69.645278,...,...,Girardi,120,2012-01-21,stage/ibhy24e3q_flt.fits,111.0,lmc,HODGE2,POLYGON 79.53721853 -69.61987397 79.40761204 -69.62385648 79.40884269 -69.6688068 79.54025266 -69.66533875 79.53721853 -69.61987397 79.53721853 -69.61987397
465,943,WFC3,UVIS,12257,H-2,79.45,-69.645278,...,...,Girardi,30,2012-01-21,stage/ibhy24e4q_flt.fits,111.0,lmc,HODGE2,POLYGON 79.53721853 -69.61987397 79.40761204 -69.62385648 79.40884269 -69.6688068 79.54025266 -69.66533875 79.53721853 -69.61987397 79.53721853 -69.61987397
466,944,WFC3,UVIS,12257,H-2,79.45,-69.645278,...,...,Girardi,700,2012-01-21,stage/ibhy24e5q_flt.fits,111.0,lmc,HODGE2,POLYGON 79.53721853 -69.61987397 79.40761204 -69.62385648 79.40884269 -69.6688068 79.54025266 -69.66533875 79.53721853 -69.61987397 79.53721853 -69.61987397
467,945,WFC3,UVIS,12257,H-2,79.45,-69.645278,...,...,Girardi,700,2012-01-21,stage/ibhy24e8q_flt.fits,111.0,lmc,HODGE2,POLYGON 79.53721853 -69.61987397 79.40761204 -69.62385648 79.40884269 -69.6688068 79.54025266 -69.66533875 79.53721853 -69.61987397 79.53721853 -69.61987397
468,946,WFC3,UVIS,12257,H-2,79.45,-69.645278,...,...,Girardi,720,2012-01-21,stage/ibhy24ecq_flt.fits,111.0,lmc,HODGE2,POLYGON 79.53721853 -69.61987397 79.40761204 -69.62385648 79.40884269 -69.6688068 79.54025266 -69.66533875 79.53721853 -69.61987397 79.53721853 -69.61987397
469,947,WFC3,UVIS,12257,H-2,79.45,-69.645278,...,...,Girardi,600,2012-01-21,stage/ibhy24egq_flt.fits,111.0,lmc,HODGE2,POLYGON 79.53721853 -69.61987397 79.40761204 -69.62385648 79.40884269 -69.6688068 79.54025266 -69.66533875 79.53721853 -69.61987397 79.53721853 -69.61987397
470,766,WFC3,UVIS,12257,H-6,85.570833,-71.591667,...,...,Girardi,120,2011-08-16,clusters/WFC3/12257_H-6/ibhy21kyq_flt.fits,112.0,lmc,HODGE6,POLYGON 85.62408971 -71.56773506 85.47976357 -71.57161015 85.48407227 -71.61706684 85.62704223 -71.61267775 85.62408971 -71.56773506 85.62408971 -71.56773506
471,767,WFC3,UVIS,12257,H-6,85.570833,-71.591667,...,...,Girardi,30,2011-08-16,clusters/WFC3/12257_H-6/ibhy21kzq_flt.fits,112.0,lmc,HODGE6,POLYGON 85.62408971 -71.56773506 85.47976357 -71.57161015 85.48407227 -71.61706684 85.62704223 -71.61267775 85.62408971 -71.56773506 85.62408971 -71.56773506
472,768,WFC3,UVIS,12257,H-6,85.570833,-71.591667,...,...,Girardi,700,2011-08-16,clusters/WFC3/12257_H-6/ibhy21l0q_flt.fits,112.0,lmc,HODGE6,POLYGON 85.62408971 -71.56773506 85.47976357 -71.57161015 85.48407227 -71.61706684 85.62704223 -71.61267775 85.62408971 -71.56773506 85.62408971 -71.56773506
473,769,WFC3,UVIS,12257,H-6,85.570833,-71.591667,...,...,Girardi,700,2011-08-16,clusters/WFC3/12257_H-6/ibhy21l3q_flt.fits,112.0,lmc,HODGE6,POLYGON 85.62408971 -71.56773506 85.47976357 -71.57161015 85.48407227 -71.61706684 85.62704223 -71.61267775 85.62408971 -71.56773506 85.62408971 -71.56773506
474,770,WFC3,UVIS,12257,H-6,85.570833,-71.591667,...,...,Girardi,720,2011-08-16,clusters/WFC3/12257_H-6/ibhy21l7q_flt.fits,112.0,lmc,HODGE6,POLYGON 85.62408971 -71.56773506 85.47976357 -71.57161015 85.48407227 -71.61706684 85.62704223 -71.61267775 85.62408971 -71.56773506 85.62408971 -71.56773506
475,771,WFC3,UVIS,12257,H-6,85.570833,-71.591667,...,...,Girardi,600,2011-08-16,clusters/WFC3/12257_H-6/ibhy21lbq_flt.fits,112.0,lmc,HODGE6,POLYGON 85.62408971 -71.56773506 85.47976357 -71.57161015 85.48407227 -71.61706684 85.62704223 -71.61267775 85.62408971 -71.56773506 85.62408971 -71.56773506
476,930,WFC3,UVIS,12257,H-6,85.570833,-71.591667,...,...,Girardi,120,2011-08-16,stage/ibhy21kyq_flt.fits,112.0,lmc,HODGE6,POLYGON 85.62408971 -71.56773506 85.47976357 -71.57161015 85.48407227 -71.61706684 85.62704223 -71.61267775 85.62408971 -71.56773506 85.62408971 -71.56773506
477,931,WFC3,UVIS,12257,H-6,85.570833,-71.591667,...,...,Girardi,720,2011-08-16,stage/ibhy21l7q_flt.fits,112.0,lmc,HODGE6,POLYGON 85.62408971 -71.56773506 85.47976357 -71.57161015 85.48407227 -71.61706684 85.62704223 -71.61267775 85.62408971 -71.56773506 85.62408971 -71.56773506
478,932,WFC3,UVIS,12257,H-6,85.570833,-71.591667,...,...,Girardi,600,2011-08-16,stage/ibhy21lbq_flt.fits,112.0,lmc,HODGE6,POLYGON 85.62408971 -71.56773506 85.47976357 -71.57161015 85.48407227 -71.61706684 85.62704223 -71.61267775 85.62408971 -71.56773506 85.62408971 -71.56773506
479,778,WFC3,UVIS,12257,NGC-1718,73.112917,-67.050556,...,...,Girardi,120,2011-12-02,clusters/WFC3/12257_NGC-1718/ibhy22raq_flt.fits,113.0,lmc,NGC1718,POLYGON 73.1177085 -67.01325513 73.04273875 -67.04784887 73.1247917 -67.07944324 73.20164023 -67.04480244 73.1177085 -67.01325513 73.1177085 -67.01325513
480,779,WFC3,UVIS,12257,NGC-1718,73.112917,-67.050556,...,...,Girardi,30,2011-12-02,clusters/WFC3/12257_NGC-1718/ibhy22rbq_flt.fits,113.0,lmc,NGC1718,POLYGON 73.1177085 -67.01325513 73.04273875 -67.04784887 73.1247917 -67.07944324 73.20164023 -67.04480244 73.1177085 -67.01325513 73.1177085 -67.01325513
481,780,WFC3,UVIS,12257,NGC-1718,73.112917,-67.050556,...,...,Girardi,700,2011-12-02,clusters/WFC3/12257_NGC-1718/ibhy22rcq_flt.fits,113.0,lmc,NGC1718,POLYGON 73.1177085 -67.01325513 73.04273875 -67.04784887 73.1247917 -67.07944324 73.20164023 -67.04480244 73.1177085 -67.01325513 73.1177085 -67.01325513
482,781,WFC3,UVIS,12257,NGC-1718,73.112917,-67.050556,...,...,Girardi,700,2011-12-02,clusters/WFC3/12257_NGC-1718/ibhy22rfq_flt.fits,113.0,lmc,NGC1718,POLYGON 73.1177085 -67.01325513 73.04273875 -67.04784887 73.1247917 -67.07944324 73.20164023 -67.04480244 73.1177085 -67.01325513 73.1177085 -67.01325513
483,782,WFC3,UVIS,12257,NGC-1718,73.112917,-67.050556,...,...,Girardi,720,2011-12-02,clusters/WFC3/12257_NGC-1718/ibhy22rjq_flt.fits,113.0,lmc,NGC1718,POLYGON 73.1177085 -67.01325513 73.04273875 -67.04784887 73.1247917 -67.07944324 73.20164023 -67.04480244 73.1177085 -67.01325513 73.1177085 -67.01325513
484,783,WFC3,UVIS,12257,NGC-1718,73.112917,-67.050556,...,...,Girardi,600,2011-12-02,clusters/WFC3/12257_NGC-1718/ibhy22rnq_flt.fits,113.0,lmc,NGC1718,POLYGON 73.1177085 -67.01325513 73.04273875 -67.04784887 73.1247917 -67.07944324 73.20164023 -67.04480244 73.1177085 -67.01325513 73.1177085 -67.01325513
485,933,WFC3,UVIS,12257,NGC-1718,73.112917,-67.050556,...,...,Girardi,120,2011-12-02,stage/ibhy22raq_flt.fits,113.0,lmc,NGC1718,POLYGON 73.1177085 -67.01325513 73.04273875 -67.04784887 73.1247917 -67.07944324 73.20164023 -67.04480244 73.1177085 -67.01325513 73.1177085 -67.01325513
486,934,WFC3,UVIS,12257,NGC-1718,73.112917,-67.050556,...,...,Girardi,30,2011-12-02,stage/ibhy22rbq_flt.fits,113.0,lmc,NGC1718,POLYGON 73.1177085 -67.01325513 73.04273875 -67.04784887 73.1247917 -67.07944324 73.20164023 -67.04480244 73.1177085 -67.01325513 73.1177085 -67.01325513
487,935,WFC3,UVIS,12257,NGC-1718,73.112917,-67.050556,...,...,Girardi,700,2011-12-02,stage/ibhy22rcq_flt.fits,113.0,lmc,NGC1718,POLYGON 73.1177085 -67.01325513 73.04273875 -67.04784887 73.1247917 -67.07944324 73.20164023 -67.04480244 73.1177085 -67.01325513 73.1177085 -67.01325513
488,936,WFC3,UVIS,12257,NGC-1718,73.112917,-67.050556,...,...,Girardi,700,2011-12-02,stage/ibhy22rfq_flt.fits,113.0,lmc,NGC1718,POLYGON 73.1177085 -67.01325513 73.04273875 -67.04784887 73.1247917 -67.07944324 73.20164023 -67.04480244 73.1177085 -67.01325513 73.1177085 -67.01325513
489,937,WFC3,UVIS,12257,NGC-1718,73.112917,-67.050556,...,...,Girardi,720,2011-12-02,stage/ibhy22rjq_flt.fits,113.0,lmc,NGC1718,POLYGON 73.1177085 -67.01325513 73.04273875 -67.04784887 73.1247917 -67.07944324 73.20164023 -67.04480244 73.1177085 -67.01325513 73.1177085 -67.01325513
490,938,WFC3,UVIS,12257,NGC-1718,73.112917,-67.050556,...,...,Girardi,600,2011-12-02,stage/ibhy22rnq_flt.fits,113.0,lmc,NGC1718,POLYGON 73.1177085 -67.01325513 73.04273875 -67.04784887 73.1247917 -67.07944324 73.20164023 -67.04480244 73.1177085 -67.01325513 73.1177085 -67.01325513
519,734,WFC3,UVIS,11714,NGC2005,82.542875,-69.75275,...,...,Bond,300,2009-12-05,clusters/WFC3/11714_NGC2005/ib7790zbq_flt.fits,116.0,lmc,NGC2005,POLYGON 82.48141303 -69.71452738 82.44510882 -69.73295173 82.54648587 -69.76108212 82.58377836 -69.74259216 82.48141303 -69.71452738 82.48141303 -69.71452738
520,735,WFC3,UVIS,11714,NGC2005,82.542875,-69.75275,...,...,Bond,60,2009-12-05,clusters/WFC3/11714_NGC2005/ib7790zcq_flt.fits,116.0,lmc,NGC2005,POLYGON 82.48141303 -69.71452738 82.44510882 -69.73295173 82.54648587 -69.76108212 82.58377836 -69.74259216 82.48141303 -69.71452738 82.48141303 -69.71452738
521,736,WFC3,UVIS,11714,NGC2005,82.542875,-69.75275,...,...,Bond,300,2009-12-05,clusters/WFC3/11714_NGC2005/ib7790zdq_flt.fits,116.0,lmc,NGC2005,POLYGON 82.48141303 -69.71452738 82.44510882 -69.73295173 82.54648587 -69.76108212 82.58377836 -69.74259216 82.48141303 -69.71452738 82.48141303 -69.71452738
522,737,WFC3,UVIS,11714,NGC2005,82.542875,-69.75275,...,...,Bond,60,2009-12-05,clusters/WFC3/11714_NGC2005/ib7790zeq_flt.fits,116.0,lmc,NGC2005,POLYGON 82.48141303 -69.71452738 82.44510882 -69.73295173 82.54648587 -69.76108212 82.58377836 -69.74259216 82.48141303 -69.71452738 82.48141303 -69.71452738
523,805,WFC3,UVIS,12257,NGC-2005,82.541667,-69.752167,...,...,Girardi,120,2011-10-12,clusters/WFC3/12257_NGC-2005/ibhy20rbq_flt.fits,116.0,lmc,NGC2005,POLYGON 82.57729751 -69.71933538 82.45113486 -69.73186321 82.4953251 -69.77451044 82.62066653 -69.76259616 82.57729751 -69.71933538 82.57729751 -69.71933538
524,806,WFC3,UVIS,12257,NGC-2005,82.541667,-69.752167,...,...,Girardi,30,2011-10-12,clusters/WFC3/12257_NGC-2005/ibhy20rcq_flt.fits,116.0,lmc,NGC2005,POLYGON 82.57729751 -69.71933538 82.45113486 -69.73186321 82.4953251 -69.77451044 82.62066653 -69.76259616 82.57729751 -69.71933538 82.57729751 -69.71933538
525,807,WFC3,UVIS,12257,NGC-2005,82.541667,-69.752167,...,...,Girardi,700,2011-10-12,clusters/WFC3/12257_NGC-2005/ibhy20rdq_flt.fits,116.0,lmc,NGC2005,POLYGON 82.57729751 -69.71933538 82.45113486 -69.73186321 82.4953251 -69.77451044 82.62066653 -69.76259616 82.57729751 -69.71933538 82.57729751 -69.71933538
526,808,WFC3,UVIS,12257,NGC-2005,82.541667,-69.752167,...,...,Girardi,700,2011-10-12,clusters/WFC3/12257_NGC-2005/ibhy20rgq_flt.fits,116.0,lmc,NGC2005,POLYGON 82.57729751 -69.71933538 82.45113486 -69.73186321 82.4953251 -69.77451044 82.62066653 -69.76259616 82.57729751 -69.71933538 82.57729751 -69.71933538
527,809,WFC3,UVIS,12257,NGC-2005,82.541667,-69.752167,...,...,Girardi,720,2011-10-12,clusters/WFC3/12257_NGC-2005/ibhy20rkq_flt.fits,116.0,lmc,NGC2005,POLYGON 82.57729751 -69.71933538 82.45113486 -69.73186321 82.4953251 -69.77451044 82.62066653 -69.76259616 82.57729751 -69.71933538 82.57729751 -69.71933538
528,810,WFC3,UVIS,12257,NGC-2005,82.541667,-69.752167,...,...,Girardi,600,2011-10-12,clusters/WFC3/12257_NGC-2005/ibhy20roq_flt.fits,116.0,lmc,NGC2005,POLYGON 82.57729751 -69.71933538 82.45113486 -69.73186321 82.4953251 -69.77451044 82.62066653 -69.76259616 82.57729751 -69.71933538 82.57729751 -69.71933538
529,902,WFC3,UVIS,11714,NGC2005,82.542875,-69.75275,...,...,Bond,60,2009-12-05,stage/ib7790zcq_flt.fits,116.0,lmc,NGC2005,POLYGON 82.48141303 -69.71452738 82.44510882 -69.73295173 82.54648587 -69.76108212 82.58377836 -69.74259216 82.48141303 -69.71452738 82.48141303 -69.71452738
530,903,WFC3,UVIS,11714,NGC2005,82.542875,-69.75275,...,...,Bond,60,2009-12-05,stage/ib7790zeq_flt.fits,116.0,lmc,NGC2005,POLYGON 82.48141303 -69.71452738 82.44510882 -69.73295173 82.54648587 -69.76108212 82.58377836 -69.74259216 82.48141303 -69.71452738 82.48141303 -69.71452738
531,924,WFC3,UVIS,12257,NGC-2005,82.541667,-69.752167,...,...,Girardi,120,2011-10-12,stage/ibhy20rbq_flt.fits,116.0,lmc,NGC2005,POLYGON 82.57729751 -69.71933538 82.45113486 -69.73186321 82.4953251 -69.77451044 82.62066653 -69.76259616 82.57729751 -69.71933538 82.57729751 -69.71933538
532,925,WFC3,UVIS,12257,NGC-2005,82.541667,-69.752167,...,...,Girardi,30,2011-10-12,stage/ibhy20rcq_flt.fits,116.0,lmc,NGC2005,POLYGON 82.57729751 -69.71933538 82.45113486 -69.73186321 82.4953251 -69.77451044 82.62066653 -69.76259616 82.57729751 -69.71933538 82.57729751 -69.71933538
533,926,WFC3,UVIS,12257,NGC-2005,82.541667,-69.752167,...,...,Girardi,700,2011-10-12,stage/ibhy20rdq_flt.fits,116.0,lmc,NGC2005,POLYGON 82.57729751 -69.71933538 82.45113486 -69.73186321 82.4953251 -69.77451044 82.62066653 -69.76259616 82.57729751 -69.71933538 82.57729751 -69.71933538
534,927,WFC3,UVIS,12257,NGC-2005,82.541667,-69.752167,...,...,Girardi,700,2011-10-12,stage/ibhy20rgq_flt.fits,116.0,lmc,NGC2005,POLYGON 82.57729751 -69.71933538 82.45113486 -69.73186321 82.4953251 -69.77451044 82.62066653 -69.76259616 82.57729751 -69.71933538 82.57729751 -69.71933538
535,928,WFC3,UVIS,12257,NGC-2005,82.541667,-69.752167,...,...,Girardi,720,2011-10-12,stage/ibhy20rkq_flt.fits,116.0,lmc,NGC2005,POLYGON 82.57729751 -69.71933538 82.45113486 -69.73186321 82.4953251 -69.77451044 82.62066653 -69.76259616 82.57729751 -69.71933538 82.57729751 -69.71933538
536,929,WFC3,UVIS,12257,NGC-2005,82.541667,-69.752167,...,...,Girardi,600,2011-10-12,stage/ibhy20roq_flt.fits,116.0,lmc,NGC2005,POLYGON 82.57729751 -69.71933538 82.45113486 -69.73186321 82.4953251 -69.77451044 82.62066653 -69.76259616 82.57729751 -69.71933538 82.57729751 -69.71933538
537,817,WFC3,UVIS,12257,NGC-2173,89.494167,-72.97925,...,...,Girardi,30,2011-10-09,clusters/WFC3/12257_NGC-2173/ibhy11nzq_flt.fits,117.0,lmc,NGC2173,POLYGON 89.51682875 -72.94481017 89.37699066 -72.96450637 89.45301497 -73.00397418 89.59223121 -72.98492318 89.51682875 -72.94481017 89.51682875 -72.94481017
538,818,WFC3,UVIS,12257,NGC-2173,89.494167,-72.97925,...,...,Girardi,800,2011-10-09,clusters/WFC3/12257_NGC-2173/ibhy11o1q_flt.fits,117.0,lmc,NGC2173,POLYGON 89.51682875 -72.94481017 89.37699066 -72.96450637 89.45301497 -73.00397418 89.59223121 -72.98492318 89.51682875 -72.94481017 89.51682875 -72.94481017
539,819,WFC3,UVIS,12257,NGC-2173,89.494167,-72.97925,...,...,Girardi,700,2011-10-09,clusters/WFC3/12257_NGC-2173/ibhy11o5q_flt.fits,117.0,lmc,NGC2173,POLYGON 89.51682875 -72.94481017 89.37699066 -72.96450637 89.45301497 -73.00397418 89.59223121 -72.98492318 89.51682875 -72.94481017 89.51682875 -72.94481017
540,820,WFC3,UVIS,12257,NGC-2173,89.494167,-72.97925,...,...,Girardi,700,2011-10-09,clusters/WFC3/12257_NGC-2173/ibhy11o9q_flt.fits,117.0,lmc,NGC2173,POLYGON 89.51682875 -72.94481017 89.37699066 -72.96450637 89.45301497 -73.00397418 89.59223121 -72.98492318 89.51682875 -72.94481017 89.51682875 -72.94481017
541,821,WFC3,UVIS,12257,NGC-2173,89.494167,-72.97925,...,...,Girardi,550,2011-10-09,clusters/WFC3/12257_NGC-2173/ibhy11odq_flt.fits,117.0,lmc,NGC2173,POLYGON 89.51682875 -72.94481017 89.37699066 -72.96450637 89.45301497 -73.00397418 89.59223121 -72.98492318 89.51682875 -72.94481017 89.51682875 -72.94481017
542,822,WFC3,UVIS,12257,NGC-2173,89.494167,-72.97925,...,...,Girardi,120,2011-10-09,clusters/WFC3/12257_NGC-2173/ibhy11oiq_flt.fits,117.0,lmc,NGC2173,POLYGON 89.51682875 -72.94481017 89.37699066 -72.96450637 89.45301497 -73.00397418 89.59223121 -72.98492318 89.51682875 -72.94481017 89.51682875 -72.94481017
543,823,WFC3,UVIS,12257,NGC-2173,89.494167,-72.97925,...,...,Girardi,700,2011-10-09,clusters/WFC3/12257_NGC-2173/ibhy11okq_flt.fits,117.0,lmc,NGC2173,POLYGON 89.51682875 -72.94481017 89.37699066 -72.96450637 89.45301497 -73.00397418 89.59223121 -72.98492318 89.51682875 -72.94481017 89.51682875 -72.94481017
544,824,WFC3,UVIS,12257,NGC-2173,89.494167,-72.97925,...,...,Girardi,700,2011-10-09,clusters/WFC3/12257_NGC-2173/ibhy11ooq_flt.fits,117.0,lmc,NGC2173,POLYGON 89.51682875 -72.94481017 89.37699066 -72.96450637 89.45301497 -73.00397418 89.59223121 -72.98492318 89.51682875 -72.94481017 89.51682875 -72.94481017
545,825,WFC3,UVIS,12257,NGC-2173,89.494167,-72.97925,...,...,Girardi,700,2011-10-09,clusters/WFC3/12257_NGC-2173/ibhy11osq_flt.fits,117.0,lmc,NGC2173,POLYGON 89.51682875 -72.94481017 89.37699066 -72.96450637 89.45301497 -73.00397418 89.59223121 -72.98492318 89.51682875 -72.94481017 89.51682875 -72.94481017
546,826,WFC3,UVIS,12257,NGC-2173,89.494167,-72.97925,...,...,Girardi,700,2011-10-09,clusters/WFC3/12257_NGC-2173/ibhy11owq_flt.fits,117.0,lmc,NGC2173,POLYGON 89.51682875 -72.94481017 89.37699066 -72.96450637 89.45301497 -73.00397418 89.59223121 -72.98492318 89.51682875 -72.94481017 89.51682875 -72.94481017
547,910,WFC3,UVIS,12257,NGC-2173,89.494167,-72.97925,...,...,Girardi,30,2011-10-09,stage/ibhy11nzq_flt.fits,117.0,lmc,NGC2173,POLYGON 89.51682875 -72.94481017 89.37699066 -72.96450637 89.45301497 -73.00397418 89.59223121 -72.98492318 89.51682875 -72.94481017 89.51682875 -72.94481017
548,911,WFC3,UVIS,12257,NGC-2173,89.494167,-72.97925,...,...,Girardi,700,2011-10-09,stage/ibhy11o5q_flt.fits,117.0,lmc,NGC2173,POLYGON 89.51682875 -72.94481017 89.37699066 -72.96450637 89.45301497 -73.00397418 89.59223121 -72.98492318 89.51682875 -72.94481017 89.51682875 -72.94481017
549,912,WFC3,UVIS,12257,NGC-2173,89.494167,-72.97925,...,...,Girardi,700,2011-10-09,stage/ibhy11o9q_flt.fits,117.0,lmc,NGC2173,POLYGON 89.51682875 -72.94481017 89.37699066 -72.96450637 89.45301497 -73.00397418 89.59223121 -72.98492318 89.51682875 -72.94481017 89.51682875 -72.94481017
550,913,WFC3,UVIS,12257,NGC-2173,89.494167,-72.97925,...,...,Girardi,550,2011-10-09,stage/ibhy11odq_flt.fits,117.0,lmc,NGC2173,POLYGON 89.51682875 -72.94481017 89.37699066 -72.96450637 89.45301497 -73.00397418 89.59223121 -72.98492318 89.51682875 -72.94481017 89.51682875 -72.94481017
551,827,WFC3,UVIS,12257,NGC-2203,91.172083,-75.436389,...,...,Girardi,30,2011-10-08,clusters/WFC3/12257_NGC-2203/ibhy10fuq_flt.fits,118.0,lmc,NGC2203,POLYGON 91.19465555 -75.40284366 91.0358974 -75.42451512 91.13196749 -75.46285115 91.29014154 -75.44182344 91.19465555 -75.40284366 91.19465555 -75.40284366
552,828,WFC3,UVIS,12257,NGC-2203,91.172083,-75.436389,...,...,Girardi,800,2011-10-08,clusters/WFC3/12257_NGC-2203/ibhy10fwq_flt.fits,118.0,lmc,NGC2203,POLYGON 91.19465555 -75.40284366 91.0358974 -75.42451512 91.13196749 -75.46285115 91.29014154 -75.44182344 91.19465555 -75.40284366 91.19465555 -75.40284366
553,829,WFC3,UVIS,12257,NGC-2203,91.172083,-75.436389,...,...,Girardi,700,2011-10-08,clusters/WFC3/12257_NGC-2203/ibhy10g8q_flt.fits,118.0,lmc,NGC2203,POLYGON 91.19465555 -75.40284366 91.0358974 -75.42451512 91.13196749 -75.46285115 91.29014154 -75.44182344 91.19465555 -75.40284366 91.19465555 -75.40284366
554,830,WFC3,UVIS,12257,NGC-2203,91.172083,-75.436389,...,...,Girardi,700,2011-10-08,clusters/WFC3/12257_NGC-2203/ibhy10gcq_flt.fits,118.0,lmc,NGC2203,POLYGON 91.19465555 -75.40284366 91.0358974 -75.42451512 91.13196749 -75.46285115 91.29014154 -75.44182344 91.19465555 -75.40284366 91.19465555 -75.40284366
555,831,WFC3,UVIS,12257,NGC-2203,91.172083,-75.436389,...,...,Girardi,550,2011-10-08,clusters/WFC3/12257_NGC-2203/ibhy10ggq_flt.fits,118.0,lmc,NGC2203,POLYGON 91.19465555 -75.40284366 91.0358974 -75.42451512 91.13196749 -75.46285115 91.29014154 -75.44182344 91.19465555 -75.40284366 91.19465555 -75.40284366
556,832,WFC3,UVIS,12257,NGC-2203,91.172083,-75.436389,...,...,Girardi,120,2011-10-08,clusters/WFC3/12257_NGC-2203/ibhy10grq_flt.fits,118.0,lmc,NGC2203,POLYGON 91.19465555 -75.40284366 91.0358974 -75.42451512 91.13196749 -75.46285115 91.29014154 -75.44182344 91.19465555 -75.40284366 91.19465555 -75.40284366
557,833,WFC3,UVIS,12257,NGC-2203,91.172083,-75.436389,...,...,Girardi,700,2011-10-08,clusters/WFC3/12257_NGC-2203/ibhy10guq_flt.fits,118.0,lmc,NGC2203,POLYGON 91.19465555 -75.40284366 91.0358974 -75.42451512 91.13196749 -75.46285115 91.29014154 -75.44182344 91.19465555 -75.40284366 91.19465555 -75.40284366
558,834,WFC3,UVIS,12257,NGC-2203,91.172083,-75.436389,...,...,Girardi,700,2011-10-08,clusters/WFC3/12257_NGC-2203/ibhy10gyq_flt.fits,118.0,lmc,NGC2203,POLYGON 91.19465555 -75.40284366 91.0358974 -75.42451512 91.13196749 -75.46285115 91.29014154 -75.44182344 91.19465555 -75.40284366 91.19465555 -75.40284366
559,835,WFC3,UVIS,12257,NGC-2203,91.172083,-75.436389,...,...,Girardi,700,2011-10-08,clusters/WFC3/12257_NGC-2203/ibhy10h2q_flt.fits,118.0,lmc,NGC2203,POLYGON 91.19465555 -75.40284366 91.0358974 -75.42451512 91.13196749 -75.46285115 91.29014154 -75.44182344 91.19465555 -75.40284366 91.19465555 -75.40284366
560,836,WFC3,UVIS,12257,NGC-2203,91.172083,-75.436389,...,...,Girardi,700,2011-10-08,clusters/WFC3/12257_NGC-2203/ibhy10h6q_flt.fits,118.0,lmc,NGC2203,POLYGON 91.19465555 -75.40284366 91.0358974 -75.42451512 91.13196749 -75.46285115 91.29014154 -75.44182344 91.19465555 -75.40284366 91.19465555 -75.40284366
561,906,WFC3,UVIS,12257,NGC-2203,91.172083,-75.436389,...,...,Girardi,30,2011-10-08,stage/ibhy10fuq_flt.fits,118.0,lmc,NGC2203,POLYGON 91.19465555 -75.40284366 91.0358974 -75.42451512 91.13196749 -75.46285115 91.29014154 -75.44182344 91.19465555 -75.40284366 91.19465555 -75.40284366
562,907,WFC3,UVIS,12257,NGC-2203,91.172083,-75.436389,...,...,Girardi,700,2011-10-08,stage/ibhy10g8q_flt.fits,118.0,lmc,NGC2203,POLYGON 91.19465555 -75.40284366 91.0358974 -75.42451512 91.13196749 -75.46285115 91.29014154 -75.44182344 91.19465555 -75.40284366 91.19465555 -75.40284366
563,908,WFC3,UVIS,12257,NGC-2203,91.172083,-75.436389,...,...,Girardi,700,2011-10-08,stage/ibhy10gcq_flt.fits,118.0,lmc,NGC2203,POLYGON 91.19465555 -75.40284366 91.0358974 -75.42451512 91.13196749 -75.46285115 91.29014154 -75.44182344 91.19465555 -75.40284366 91.19465555 -75.40284366
564,909,WFC3,UVIS,12257,NGC-2203,91.172083,-75.436389,...,...,Girardi,550,2011-10-08,stage/ibhy10ggq_flt.fits,118.0,lmc,NGC2203,POLYGON 91.19465555 -75.40284366 91.0358974 -75.42451512 91.13196749 -75.46285115 91.29014154 -75.44182344 91.19465555 -75.40284366 91.19465555 -75.40284366
565,837,WFC3,UVIS,12257,NGC-2213,92.674583,-71.528111,...,...,Girardi,120,2011-11-29,clusters/WFC3/12257_NGC-2213/ibhy25kaq_flt.fits,119.0,lmc,NGC2213,POLYGON 92.63710407 -71.49270565 92.59105149 -71.53559431 92.72156865 -71.55330209 92.76953436 -71.51010329 92.63710407 -71.49270565 92.63710407 -71.49270565
566,838,WFC3,UVIS,12257,NGC-2213,92.674583,-71.528111,...,...,Girardi,30,2011-11-29,clusters/WFC3/12257_NGC-2213/ibhy25kbq_flt.fits,119.0,lmc ,NGC2213,POLYGON 92.63710407 -71.49270565 92.59105149 -71.53559431 92.72156865 -71.55330209 92.76953436 -71.51010329 92.63710407 -71.49270565 92.63710407 -71.49270565
567,839,WFC3,UVIS,12257,NGC-2213,92.674583,-71.528111,...,...,Girardi,700,2011-11-29,clusters/WFC3/12257_NGC-2213/ibhy25kcq_flt.fits,119.0,lmc,NGC2213,POLYGON 92.63710407 -71.49270565 92.59105149 -71.53559431 92.72156865 -71.55330209 92.76953436 -71.51010329 92.63710407 -71.49270565 92.63710407 -71.49270565
568,840,WFC3,UVIS,12257,NGC-2213,92.674583,-71.528111,...,...,Girardi,700,2011-11-29,clusters/WFC3/12257_NGC-2213/ibhy25kfq_flt.fits,119.0,lmc,NGC2213,POLYGON 92.63710407 -71.49270565 92.59105149 -71.53559431 92.72156865 -71.55330209 92.76953436 -71.51010329 92.63710407 -71.49270565 92.63710407 -71.49270565
569,841,WFC3,UVIS,12257,NGC-2213,92.674583,-71.528111,...,...,Girardi,720,2011-11-29,clusters/WFC3/12257_NGC-2213/ibhy25kjq_flt.fits,119.0,lmc,NGC2213,POLYGON 92.63710457 -71.49270558 92.5910513 -71.53559416 92.72156818 -71.55330215 92.76953458 -71.51010343 92.63710457 -71.49270558 92.63710457 -71.49270558
570,842,WFC3,UVIS,12257,NGC-2213,92.674583,-71.528111,...,...,Girardi,600,2011-11-29,clusters/WFC3/12257_NGC-2213/ibhy25knq_flt.fits,119.0,lmc,NGC2213,POLYGON 92.63710457 -71.49270558 92.5910513 -71.53559416 92.72156818 -71.55330215 92.76953458 -71.51010343 92.63710457 -71.49270558 92.63710457 -71.49270558
571,948,WFC3,UVIS,12257,NGC-2213,92.674583,-71.528111,...,...,Girardi,120,2011-11-29,stage/ibhy25kaq_flt.fits,119.0,lmc,NGC2213,POLYGON 92.63710407 -71.49270565 92.59105149 -71.53559431 92.72156865 -71.55330209 92.76953436 -71.51010329 92.63710407 -71.49270565 92.63710407 -71.49270565
572,949,WFC3,UVIS,12257,NGC-2213,92.674583,-71.528111,...,...,Girardi,30,2011-11-29,stage/ibhy25kbq_flt.fits,119.0,lmc,NGC2213,POLYGON 92.63710407 -71.49270565 92.59105149 -71.53559431 92.72156865 -71.55330209 92.76953436 -71.51010329 92.63710407 -71.49270565 92.63710407 -71.49270565
573,950,WFC3,UVIS,12257,NGC-2213,92.674583,-71.528111,...,...,Girardi,700,2011-11-29,stage/ibhy25kcq_flt.fits,119.0,lmc,NGC2213,POLYGON 92.63710407 -71.49270565 92.59105149 -71.53559431 92.72156865 -71.55330209 92.76953436 -71.51010329 92.63710407 -71.49270565 92.63710407 -71.49270565
574,951,WFC3,UVIS,12257,NGC-2213,92.674583,-71.528111,...,...,Girardi,700,2011-11-29,stage/ibhy25kfq_flt.fits,119.0,lmc,NGC2213,POLYGON 92.63710407 -71.49270565 92.59105149 -71.53559431 92.72156865 -71.55330209 92.76953436 -71.51010329 92.63710407 -71.49270565 92.63710407 -71.49270565
575,952,WFC3,UVIS,12257,NGC-2213,92.674583,-71.528111,...,...,Girardi,720,2011-11-29,stage/ibhy25kjq_flt.fits,119.0,lmc,NGC2213,POLYGON 92.63710457 -71.49270558 92.5910513 -71.53559416 92.72156818 -71.55330215 92.76953458 -71.51010343 92.63710457 -71.49270558 92.63710457 -71.49270558
576,953,WFC3,UVIS,12257,NGC-2213,92.674583,-71.528111,...,...,Girardi,600,2011-11-29,stage/ibhy25knq_flt.fits,119.0,lmc,NGC2213,POLYGON 92.63710457 -71.49270558 92.5910513 -71.53559416 92.72156818 -71.55330215 92.76953458 -71.51010343 92.63710457 -71.49270558 92.63710457 -71.49270558
616,904,WFC3,UVIS,11714,NGC2019,82.986083,-70.1595,...,...,Bond,60,2009-10-28,stage/ib7791puq_flt.fits,125.0,lmc,NGC2019,
617,905,WFC3,UVIS,11714,NGC2019,82.986083,-70.1595,...,...,Bond,60,2009-10-29,stage/ib7791pwq_flt.fits,125.0,lmc,NGC2019,
630,1006,WFC3,UVIS,12581,ANY,85.694935,-69.572722,...,...,Roman-Duval,550,2012-10-25,stage/ibp502sbq_flt.fits,127.0,lmc,LMC-FIELD-NW-2,
631,1007,WFC3,UVIS,12581,ANY,85.694935,-69.572722,...,...,Roman-Duval,700,2012-10-25,stage/ibp502snq_flt.fits,127.0,lmc,LMC-FIELD-NW-2,
632,1008,WFC3,UVIS,12581,ANY,85.694935,-69.572722,...,...,Roman-Duval,900,2012-10-25,stage/ibp502t9q_flt.fits,127.0,lmc,LMC-FIELD-NW-2,
633,1061,WFC3,UVIS,12941,045403.6-671618.5,73.515083,-67.271806,...,...,Stephens,400,2013-01-29,stage/ic2o01jqq_flt.fits,129.0,lmc,LMC-FIELD-NE-1,
634,1062,WFC3,UVIS,12941,045403.6-671618.5,73.515083,-67.271806,...,...,Stephens,1000,2013-01-29,stage/ic2o01jtq_flt.fits,129.0,lm,LMC-FIELD-NE-1,
635,1063,WFC3,UVIS,12941,045403.6-671618.5,73.515083,-67.271806,...,...,Stephens,400,2013-01-29,stage/ic2o01k0q_flt.fits,129.0,lmc,LMC-FIELD-NE-1,
636,1064,WFC3,UVIS,12941,045403.6-671618.5,73.515083,-67.271806,...,...,Stephens,600,2013-01-29,stage/ic2o01k3q_flt.fits,129.0,lmc,LMC-FIELD-NE-1,
637,1065,WFC3,UVIS,12941,045403.6-671618.5,73.515083,-67.271806,...,...,Stephens,400,2013-01-29,stage/ic2o01k6q_flt.fits,129.0,lmc,LMC-FIELD-NE-1,
638,1066,WFC3,UVIS,12941,045403.6-671618.5,73.515083,-67.271806,...,...,Stephens,404,2013-01-29,stage/ic2o01kbq_flt.fits,129.0,lmc,LMC-FIELD-NE-1,
639,1067,WFC3,IR,12941,045403.6-671618.5,73.515083,-67.271806,...,...,Stephens,299,2013-01-29,stage/ic2o01keq_flt.fits,129.0,lmc,LMC-FIELD-NE-1,
640,1068,WFC3,IR,12941,045403.6-671618.5,73.515083,-67.271806,...,...,Stephens,499,2013-01-29,stage/ic2o01khq_flt.fits,129.0,lmc,LMC-FIELD-NE-1,
641,1069,WFC3,IR,12941,045403.6-671618.5,73.515083,-67.271806,...,...,Stephens,299,2013-01-29,stage/ic2o01kjq_flt.fits,129.0,lmc,LMC-FIELD-NE-1,
642,1070,WFC3,IR,12941,045403.6-671618.5,73.515083,-67.271806,...,...,Stephens,499,2013-01-29,stage/ic2o01kmq_flt.fits,129.0,lmc,LMC-FIELD-NE-1,
643,1071,WFC3,IR,12941,045403.6-671618.5,73.515083,-67.271806,...,...,Stephens,299,2013-01-29,stage/ic2o01koq_flt.fits,129.0,lmc,LMC-FIELD-NE-1,
644,1072,WFC3,IR,12941,045403.6-671618.5,73.515083,-67.271806,...,...,Stephens,599,2013-01-29,stage/ic2o01krq_flt.fits,129.0,lmc,LMC-FIELD-NE-1,
645,1099,WFC3,UVIS,12941,053244.3-693005.7,83.184375,-69.501583,...,...,Stephens,400,2013-02-09,stage/ic2o05wpq_flt.fits,131.0,lmc,LMC-FIELD-N,
646,1100,WFC3,UVIS,12941,053244.3-693005.7,83.184375,-69.501583,...,...,Stephens,1000,2013-02-09,stage/ic2o05wsq_flt.fits,131.0,lmc,LMC-FIELD-N,
647,1101,WFC3,UVIS,12941,053244.3-693005.7,83.184375,-69.501583,...,...,Stephens,393,2013-02-09,stage/ic2o05wyq_flt.fits,131.0,lmc,LMC-FIELD-N,
648,1102,WFC3,UVIS,12941,053244.3-693005.7,83.184375,-69.501583,...,...,Stephens,1000,2013-02-09,stage/ic2o05wzq_flt.fits,131.0,lmc,LMC-FIELD-N,
649,1103,WFC3,UVIS,12941,053244.3-693005.7,83.184375,-69.501583,...,...,Stephens,400,2013-02-09,stage/ic2o05x3q_flt.fits,131.0,lmc,LMC-FIELD-N,
650,1104,WFC3,UVIS,12941,053244.3-693005.7,83.184375,-69.501583,...,...,Stephens,666,2013-02-09,stage/ic2o05x8q_flt.fits,131.0,lmc,LMC-FIELD-N,
651,1105,WFC3,IR,12941,053244.3-693005.7,83.184375,-69.501583,...,...,Stephens,299,2013-02-09,stage/ic2o05xcq_flt.fits,131.0,lmc,LMC-FIELD-N,
652,1106,WFC3,IR,12941,053244.3-693005.7,83.184375,-69.501583,...,...,Stephens,499,2013-02-09,stage/ic2o05xfq_flt.fits,131.0,lmc,LMC-FIELD-N,
653,1107,WFC3,IR,12941,053244.3-693005.7,83.184375,-69.501583,...,...,Stephens,299,2013-02-09,stage/ic2o05xhq_flt.fits,131.0,lmc,LMC-FIELD-N,
654,1108,WFC3,IR,12941,053244.3-693005.7,83.184375,-69.501583,...,...,Stephens,499,2013-02-09,stage/ic2o05xkq_flt.fits,131.0,lmc,LMC-FIELD-N,
655,1109,WFC3,IR,12941,053244.3-693005.7,83.184375,-69.501583,...,...,Stephens,299,2013-02-09,stage/ic2o05xmq_flt.fits,131.0,lmc,LMC-FIELD-N,
656,1110,WFC3,IR,12941,053244.3-693005.7,83.184375,-69.501583,...,...,Stephens,499,2013-02-09,stage/ic2o05xpq_flt.fits,131.0,lmc,LMC-FIELD-N,
657,1186,WFC3,UVIS,13282,N103B,77.253333,-68.726389,...,...,Chu,20,2014-06-29,stage/icco03laq_flt.fits,133.0,lmc,NGC1850-FIELD,
658,1187,WFC3,UVIS,13282,N103B,77.253333,-68.726389,...,...,Chu,350,2014-06-29,stage/icco03lbq_flt.fits,133.0,lmc,NGC1850-FIELD,
659,1188,WFC3,UVIS,13282,N103B,77.253333,-68.726389,...,...,Chu,350,2014-06-29,stage/icco03ldq_flt.fits,133.0,lmc,NGC1850-FIELD,
660,1189,WFC3,UVIS,13282,N103B,77.253333,-68.726389,...,...,Chu,350,2014-06-29,stage/icco03lfq_flt.fits,133.0,lmc,NGC1850-FIELD,
661,1190,WFC3,UVIS,13282,N103B,77.253333,-68.726389,...,...,Chu,350,2014-06-29,stage/icco03lhq_flt.fits,133.0,lmc,NGC1850-FIELD,
662,1191,WFC3,UVIS,13282,N103B,77.253333,-68.726389,...,...,Chu,350,2014-06-29,stage/icco03ljq_flt.fits,133.0,lmc,NGC1850-FIELD,
663,1192,WFC3,UVIS,13282,N103B,77.253333,-68.726389,...,...,Chu,417,2014-06-29,stage/icco03llq_flt.fits,133.0,lmc,NGC1850-FIELD,
664,1193,WFC3,UVIS,13282,N103B,77.253333,-68.726389,...,...,Chu,20,2014-06-29,stage/icco03lnq_flt.fits,133.0,lmc,NGC1850-FIELD,
665,1194,WFC3,UVIS,13282,N103B,77.253333,-68.726389,...,...,Chu,350,2014-06-29,stage/icco03lqq_flt.fits,133.0,lmc,NGC1850-FIELD,
666,1195,WFC3,UVIS,13282,N103B,77.253333,-68.726389,...,...,Chu,350,2014-06-29,stage/icco03luq_flt.fits,133.0,lmc,NGC1850-FIELD,
667,1196,WFC3,UVIS,13282,N103B,77.253333,-68.726389,...,...,Chu,350,2014-06-29,stage/icco03lyq_flt.fits,133.0,lmc,NGC1850-FIELD,
668,1197,WFC3,UVIS,13282,N103B,77.253333,-68.726389,...,...,Chu,20,2014-06-29,stage/icco03m0q_flt.fits,133.0,lmc,NGC1850-FIELD,
669,1198,WFC3,UVIS,13282,DEML71,76.42375,-67.87775,...,...,Chu,20,2014-03-04,stage/icco04ohq_flt.fits,134.0,lmc,LMC-FIELD-NE-2,
670,1199,WFC3,UVIS,13282,DEML71,76.42375,-67.87775,...,...,Chu,350,2014-03-04,stage/icco04oiq_flt.fits,134.0,lmc,LMC-FIELD-NE-2,
671,1200,WFC3,UVIS,13282,DEML71,76.42375,-67.87775,...,...,Chu,350,2014-03-04,stage/icco04okq_flt.fits,134.0,lmc,LMC-FIELD-NE-2,
672,1201,WFC3,UVIS,13282,DEML71,76.42375,-67.87775,...,...,Chu,350,2014-03-04,stage/icco04omq_flt.fits,134.0,lmc,LMC-FIELD-NE-2,
673,1202,WFC3,UVIS,13282,DEML71,76.42375,-67.87775,...,...,Chu,350,2014-03-04,stage/icco04ooq_flt.fits,134.0,lmc,LMC-FIELD-NE-2,
674,1203,WFC3,UVIS,13282,DEML71,76.42375,-67.87775,...,...,Chu,350,2014-03-04,stage/icco04oqq_flt.fits,134.0,lmc,LMC-FIELD-NE-2,
675,1204,WFC3,UVIS,13282,DEML71,76.42375,-67.87775,...,...,Chu,417,2014-03-05,stage/icco04ovq_flt.fits,134.0,lmc,LMC-FIELD-NE-2,
676,1205,WFC3,UVIS,13282,DEML71,76.42375,-67.87775,...,...,Chu,20,2014-03-05,stage/icco04oxq_flt.fits,134.0,lmc,LMC-FIELD-NE-2,
677,1206,WFC3,UVIS,13282,DEML71,76.42375,-67.87775,...,...,Chu,350,2014-03-05,stage/icco04p7q_flt.fits,134.0,lmc,LMC-FIELD-NE-2,
678,1207,WFC3,UVIS,13282,DEML71,76.42375,-67.87775,...,...,Chu,350,2014-03-05,stage/icco04pcq_flt.fits,134.0,lmc,LMC-FIELD-NE-2,
679,1208,WFC3,UVIS,13282,DEML71,76.42375,-67.87775,...,...,Chu,350,2014-03-05,stage/icco04pgq_flt.fits,134.0,lmc,LMC-FIELD-NE-2,
680,1209,WFC3,UVIS,13282,DEML71,76.42375,-67.87775,...,...,Chu,20,2014-03-05,stage/icco04piq_flt.fits,134.0,lmc,LMC-FIELD-NE-2,
681,1211,WFC3,UVIS,13282,DEML249,84.030833,-70.645017,...,...,Chu,20,2014-02-17,stage/icco07j9q_flt.fits,135.0,lmc,NGC2056-FIELD,
682,1212,WFC3,UVIS,13282,DEML249,84.030833,-70.645017,...,...,Chu,350,2014-02-17,stage/icco07jaq_flt.fits,135.0,lmc,NGC2056-FIELD,
683,1213,WFC3,UVIS,13282,DEML249,84.030833,-70.645017,...,...,Chu,350,2014-02-17,stage/icco07jcq_flt.fits,135.0,lmc,NGC2056-FIELD,
684,1214,WFC3,UVIS,13282,DEML249,84.030833,-70.645017,...,...,Chu,350,2014-02-17,stage/icco07jeq_flt.fits,135.0,lmc,NGC2056-FIELD,
685,1215,WFC3,UVIS,13282,DEML249,84.030833,-70.645017,...,...,Chu,350,2014-02-17,stage/icco07jgq_flt.fits,135.0,lmc,NGC2056-FIELD,
686,1216,WFC3,UVIS,13282,DEML249,84.030833,-70.645017,...,...,Chu,350,2014-02-18,stage/icco07jlq_flt.fits,135.0,lmc,NGC2056-FIELD,
687,1217,WFC3,UVIS,13282,DEML249,84.030833,-70.645017,...,...,Chu,470,2014-02-18,stage/icco07jnq_flt.fits,135.0,lmc,NGC2056-FIELD,
688,1218,WFC3,UVIS,13282,DEML249,84.030833,-70.645017,...,...,Chu,20,2014-02-18,stage/icco07jpq_flt.fits,135.0,lmc,NGC2056-FIELD,
689,1219,WFC3,UVIS,13282,DEML249,84.030833,-70.645017,...,...,Chu,411,2014-02-18,stage/icco07khq_flt.fits,135.0,lmc,NGC2056-FIELD,
690,1220,WFC3,UVIS,13282,DEML249,84.030833,-70.645017,...,...,Chu,350,2014-02-18,stage/icco07klq_flt.fits,135.0,lmc,NGC2056-FIELD,
691,1221,WFC3,UVIS,13282,DEML249,84.030833,-70.645017,...,...,Chu,350,2014-02-18,stage/icco07kpq_flt.fits,135.0,lmc,NGC2056-FIELD,
692,1222,WFC3,UVIS,13282,DEML249,84.030833,-70.645017,...,...,Chu,20,2014-02-18,stage/icco07krq_flt.fits,135.0,lmc,NGC2056-FIELD,
693,1223,WFC3,UVIS,13282,SNR0454-67.2,73.63125,-67.2162,...,...,Chu,350,2014-10-15,stage/icco09aqq_flt.fits,136.0,lmc,LMC-FIELD-E,
694,1224,WFC3,UVIS,13282,SNR0454-67.2,73.63125,-67.2162,...,...,Chu,350,2014-10-15,stage/icco09auq_flt.fits,136.0,lmc,LMC-FIELD-E,
695,1225,WFC3,UVIS,13282,SNR0454-67.2,73.63125,-67.2162,...,...,Chu,417,2014-10-15,stage/icco09ayq_flt.fits,136.0,lmc,LMC-FIELD-E,
696,1226,WFC3,UVIS,13282,SNR0454-67.2,73.63125,-67.2162,...,...,Chu,20,2014-10-15,stage/icco09b0q_flt.fits,136.0,lmc,LMC-FIELD-E,
697,1227,WFC3,UVIS,13282,SNR0454-67.2,73.63125,-67.2162,...,...,Chu,350,2014-10-15,stage/icco09b3q_flt.fits,136.0,lmc,LMC-FIELD-E,
698,1228,WFC3,UVIS,13282,SNR0454-67.2,73.63125,-67.2162,...,...,Chu,350,2014-10-15,stage/icco09b7q_flt.fits,136.0,lmc,LMC-FIELD-E,
699,1229,WFC3,UVIS,13282,SNR0454-67.2,73.63125,-67.2162,...,...,Chu,350,2014-10-15,stage/icco09bbq_flt.fits,136.0,lmc,LMC-FIELD-E,
700,1230,WFC3,UVIS,13282,SNR0454-67.2,73.63125,-67.2162,...,...,Chu,20,2014-10-15,stage/icco09bdq_flt.fits,136.0,lmc,LMC-FIELD-E,
701,1231,WFC3,IR,13860,LMC-FIELD-1,75.756292,-66.404306,...,...,Gennaro,1399,2015-01-24,stage/ickh01lbq_flt.fits,137.0,lmc,NGC1818-FIELD,
702,1232,WFC3,IR,13860,LMC-FIELD-1,75.756292,-66.404306,...,...,Gennaro,1599,2015-01-24,stage/ickh01lgq_flt.fits,137.0,lmc,NGC1818-FIELD,
703,1233,WFC3,IR,13860,LMC-FIELD-1,75.756292,-66.404306,...,...,Gennaro,1599,2015-01-24,stage/ickh01lmq_flt.fits,137.0,lmc,NGC1818-FIELD,
704,1234,WFC3,IR,13860,LMC-FIELD-1,75.756292,-66.404306,...,...,Gennaro,1599,2015-01-24,stage/ickh01lrq_flt.fits,137.0,lmc,NGC1818-FIELD,
705,1235,WFC3,IR,13860,LMC-FIELD-1,75.756292,-66.404306,...,...,Gennaro,1399,2015-01-25,stage/ickh02soq_flt.fits,137.0,lmc,NGC1818-FIELD,
706,1236,WFC3,IR,13860,LMC-FIELD-1,75.756292,-66.404306,...,...,Gennaro,1599,2015-01-25,stage/ickh02sqq_flt.fits,137.0,lmc,NGC1818-FIELD,
707,1237,WFC3,IR,13860,LMC-FIELD-1,75.756292,-66.404306,...,...,Gennaro,1599,2015-01-25,stage/ickh02suq_flt.fits,137.0,lmc,NGC1818-FIELD,
708,1238,WFC3,IR,13860,LMC-FIELD-1,75.756292,-66.404306,...,...,Gennaro,1599,2015-01-25,stage/ickh02sxq_flt.fits,137.0,lmc,NGC1818-FIELD,
709,1239,WFC3,IR,13860,LMC-FIELD-1,75.756292,-66.404306,...,...,Gennaro,1399,2015-01-25,stage/ickh03qxq_flt.fits,137.0,lmc,NGC1818-FIELD,
710,1240,WFC3,IR,13860,LMC-FIELD-1,75.756292,-66.404306,...,...,Gennaro,1599,2015-01-25,stage/ickh03qzq_flt.fits,137.0,lmc,NGC1818-FIELD,
711,1241,WFC3,IR,13860,LMC-FIELD-1,75.756292,-66.404306,...,...,Gennaro,1599,2015-01-25,stage/ickh03r3q_flt.fits,137.0,lmc,NGC1818-FIELD,
712,1242,WFC3,IR,13860,LMC-FIELD-1,75.756292,-66.404306,...,...,Gennaro,1599,2015-01-25,stage/ickh03r6q_flt.fits,137.0,lmc,NGC1818-FIELD,
713,1243,WFC3,IR,13860,LMC-FIELD-1,75.756292,-66.404306,...,...,Gennaro,1399,2015-01-25,stage/ickh04rnq_flt.fits,137.0,lmc,NGC1818-FIELD,
714,1244,WFC3,IR,13860,LMC-FIELD-1,75.756292,-66.404306,...,...,Gennaro,1599,2015-01-25,stage/ickh04rpq_flt.fits,137.0,lmc,NGC1818-FIELD,
715,1245,WFC3,IR,13860,LMC-FIELD-1,75.756292,-66.404306,...,...,Gennaro,1599,2015-01-25,stage/ickh04rtq_flt.fits,137.0,lmc,NGC1818-FIELD,
716,1246,WFC3,IR,13860,LMC-FIELD-1,75.756292,-66.404306,...,...,Gennaro,1599,2015-01-25,stage/ickh04rwq_flt.fits,137.0,lmc,NGC1818-FIELD,
717,1247,WFC3,IR,13860,LMC-FIELD-1,75.756292,-66.404306,...,...,Gennaro,1399,2015-01-25,stage/ickh05qaq_flt.fits,137.0,lmc,NGC1818-FIELD,
718,1248,WFC3,IR,13860,LMC-FIELD-1,75.756292,-66.404306,...,...,Gennaro,1599,2015-01-25,stage/ickh05qfq_flt.fits,137.0,lmc,NGC1818-FIELD,
719,1249,WFC3,IR,13860,LMC-FIELD-1,75.756292,-66.404306,...,...,Gennaro,1599,2015-01-25,stage/ickh05qlq_flt.fits,137.0,lmc,NGC1818-FIELD,
720,1250,WFC3,IR,13860,LMC-FIELD-1,75.756292,-66.404306,...,...,Gennaro,1599,2015-01-25,stage/ickh05qqq_flt.fits,137.0,lmc,NGC1818-FIELD,
721,1251,WFC3,IR,13860,LMC-FIELD-1,75.756292,-66.404306,...,...,Gennaro,1399,2015-01-24,stage/ickh06m9q_flt.fits,137.0,lmc,NGC1818-FIELD,
722,1252,WFC3,IR,13860,LMC-FIELD-1,75.756292,-66.404306,...,...,Gennaro,1599,2015-01-24,stage/ickh06mbq_flt.fits,137.0,lmc,NGC1818-FIELD,
723,1253,WFC3,IR,13860,LMC-FIELD-1,75.756292,-66.404306,...,...,Gennaro,1599,2015-01-24,stage/ickh06mfq_flt.fits,137.0,lmc,NGC1818-FIELD,
724,1254,WFC3,IR,13860,LMC-FIELD-1,75.756292,-66.404306,...,...,Gennaro,1599,2015-01-24,stage/ickh06miq_flt.fits,137.0,lmc,NGC1818-FIELD,
935,276,WFC3,UVIS,12581,ANY,18.72921,-73.320268,...,...,Roman-Duval,2,2012-09-15,smc_fields/WFC3/12581_ANY/ibp509k1q_flt.fits,45.0,smc,NGC460,
936,277,WFC3,UVIS,12581,ANY,18.72921,-73.320268,...,...,Roman-Duval,1,2012-09-15,smc_fields/WFC3/12581_ANY/ibp509k5q_flt.fits,45.0,smc,NGC460,
937,278,WFC3,UVIS,12581,ANY,18.72921,-73.320268,...,...,Roman-Duval,980,2012-09-15,smc_fields/WFC3/12581_ANY/ibp509kbq_flt.fits,45.0,smc,NGC460,
938,279,WFC3,UVIS,12581,ANY,18.72921,-73.320268,...,...,Roman-Duval,500,2012-09-15,smc_fields/WFC3/12581_ANY/ibp509kfq_flt.fits,45.0,smc,NGC460,
939,280,WFC3,UVIS,12581,ANY,18.72921,-73.320268,...,...,Roman-Duval,930,2012-09-15,smc_fields/WFC3/12581_ANY/ibp509klq_flt.fits,45.0,smc,NGC460,
940,281,WFC3,UVIS,12581,ANY,18.72921,-73.320268,...,...,Roman-Duval,1030,2012-09-15,smc_fields/WFC3/12581_ANY/ibp509kqq_flt.fits,45.0,smc,NGC460,
941,282,WFC3,UVIS,12581,ANY,18.72921,-73.320268,...,...,Roman-Duval,1180,2012-09-15,smc_fields/WFC3/12581_ANY/ibp509kwq_flt.fits,45.0,smc,NGC460,
942,283,WFC3,UVIS,12581,ANY,18.72921,-73.320268,...,...,Roman-Duval,600,2012-09-15,smc_fields/WFC3/12581_ANY/ibp509l2q_flt.fits,45.0,smc,NGC460,
943,284,WFC3,UVIS,12581,ANY,18.72921,-73.320268,...,...,Roman-Duval,730,2012-09-15,smc_fields/WFC3/12581_ANY/ibp509l8q_flt.fits,45.0,smc,NGC460,
983,305,WFC3,UVIS,13476,AGNC-S1188,17.7625,-72.343389,...,...,Kallivayalil,354,2014-01-07,smc_fields/WFC3/13476_AGNC-S1188/icc220hsq_flt.fits,49.0,smc,BS146,
984,306,WFC3,UVIS,13476,AGNC-S1188,17.7625,-72.343389,...,...,Kallivayalil,354,2014-01-07,smc_fields/WFC3/13476_AGNC-S1188/icc220huq_flt.fits,49.0,smc,BS146,
985,307,WFC3,UVIS,13476,AGNC-S1188,17.7625,-72.343389,...,...,Kallivayalil,354,2014-01-07,smc_fields/WFC3/13476_AGNC-S1188/icc220hxq_flt.fits,49.0,smc,BS146,
986,308,WFC3,UVIS,13476,AGNC-S1188,17.7625,-72.343389,...,...,Kallivayalil,354,2014-01-07,smc_fields/WFC3/13476_AGNC-S1188/icc220i0q_flt.fits,49.0,smc,BS146,
987,309,WFC3,UVIS,13476,AGNC-S1188,17.7625,-72.343389,...,...,Kallivayalil,354,2014-01-07,smc_fields/WFC3/13476_AGNC-S1188/icc220i3q_flt.fits,49.0,smc,BS146,
988,310,WFC3,UVIS,13476,AGNC-S1188,17.7625,-72.343389,...,...,Kallivayalil,354,2014-01-07,smc_fields/WFC3/13476_AGNC-S1188/icc220i6q_flt.fits,49.0,smc,BS146,
989,1174,WFC3,UVIS,13476,AGNC-S1188,17.7625,-72.343389,...,...,Kallivayalil,354,2014-01-07,stage/icc220hsq_flt.fits,49.0,smc,BS146,
990,1175,WFC3,UVIS,13476,AGNC-S1188,17.7625,-72.343389,...,...,Kallivayalil,354,2014-01-07,stage/icc220huq_flt.fits,49.0,smc,BS146,
991,1176,WFC3,UVIS,13476,AGNC-S1188,17.7625,-72.343389,...,...,Kallivayalil,354,2014-01-07,stage/icc220hxq_flt.fits,49.0,smc,BS146,
992,1177,WFC3,UVIS,13476,AGNC-S1188,17.7625,-72.343389,...,...,Kallivayalil,354,2014-01-07,stage/icc220i0q_flt.fits,49.0,smc,BS146,
993,1178,WFC3,UVIS,13476,AGNC-S1188,17.7625,-72.343389,...,...,Kallivayalil,354,2014-01-07,stage/icc220i3q_flt.fits,49.0,smc,BS146,
994,1179,WFC3,UVIS,13476,AGNC-S1188,17.7625,-72.343389,...,...,Kallivayalil,354,2014-01-07,stage/icc220i6q_flt.fits,49.0,smc,BS146,
1252,858,WFC3,UVIS,12908,NGC-152,8.228842,-73.11725,...,...,Goudfrooij,200,2013-05-21,clusters/WFC3/12908_NGC-152/ibyl03myq_flt.fits,120.0,smc,NGC152,POLYGON 8.30034096 -73.10171763 8.22950183 -73.09253941 8.15762264 -73.13265804 8.22820486 -73.14151968 8.30034096 -73.10171763 8.30034096 -73.10171763
1253,859,WFC3,UVIS,12908,NGC-152,8.228842,-73.11725,...,...,Goudfrooij,750,2013-05-22,clusters/WFC3/12908_NGC-152/ibyl03n3q_flt.fits,120.0,smc,NGC152,POLYGON 8.30034096 -73.10171763 8.22950183 -73.09253941 8.15762264 -73.13265804 8.22820486 -73.14151968 8.30034096 -73.10171763 8.30034096 -73.10171763
1254,860,WFC3,UVIS,12908,NGC-152,8.228842,-73.11725,...,...,Goudfrooij,750,2013-05-22,clusters/WFC3/12908_NGC-152/ibyl03n7q_flt.fits,120.0,smc,NGC152,POLYGON 8.30034096 -73.10171763 8.22950183 -73.09253941 8.15762264 -73.13265804 8.22820486 -73.14151968 8.30034096 -73.10171763 8.30034096 -73.10171763
1255,861,WFC3,UVIS,12908,NGC-152,8.228842,-73.11725,...,...,Goudfrooij,500,2013-05-22,clusters/WFC3/12908_NGC-152/ibyl03ncq_flt.fits,120.0,smc,NGC152,POLYGON 8.30034096 -73.10171763 8.22950183 -73.09253941 8.15762264 -73.13265804 8.22820486 -73.14151968 8.30034096 -73.10171763 8.30034096 -73.10171763
1256,1039,WFC3,UVIS,12908,NGC-152,8.228842,-73.11725,...,...,Goudfrooij,200,2013-05-21,stage/ibyl03myq_flt.fits,120.0,smc,NGC152,POLYGON 8.30034096 -73.10171763 8.22950183 -73.09253941 8.15762264 -73.13265804 8.22820486 -73.14151968 8.30034096 -73.10171763 8.30034096 -73.10171763
1257,1040,WFC3,UVIS,12908,NGC-152,8.228842,-73.11725,...,...,Goudfrooij,750,2013-05-22,stage/ibyl03n3q_flt.fits,120.0,smc,NGC152,POLYGON 8.30034096 -73.10171763 8.22950183 -73.09253941 8.15762264 -73.13265804 8.22820486 -73.14151968 8.30034096 -73.10171763 8.30034096 -73.10171763
1258,1041,WFC3,UVIS,12908,NGC-152,8.228842,-73.11725,...,...,Goudfrooij,750,2013-05-22,stage/ibyl03n7q_flt.fits,120.0,smc,NGC152,POLYGON 8.30034096 -73.10171763 8.22950183 -73.09253941 8.15762264 -73.13265804 8.22820486 -73.14151968 8.30034096 -73.10171763 8.30034096 -73.10171763
1259,1042,WFC3,UVIS,12908,NGC-152,8.228842,-73.11725,...,...,Goudfrooij,500,2013-05-22,stage/ibyl03ncq_flt.fits,120.0,smc,NGC152,POLYGON 8.30034096 -73.10171763 8.22950183 -73.09253941 8.15762264 -73.13265804 8.22820486 -73.14151968 8.30034096 -73.10171763 8.30034096 -73.10171763
1260,886,WFC3,UVIS,11730,QSO-011141-724947,17.92375,-72.829722,...,...,Kallivayalil,265,2010-06-21,stage/ib5y17eyq_flt.fits,123.0,smc,SMC-FIELD-NE-1,
1261,887,WFC3,UVIS,11730,QSO-011141-724947,17.92375,-72.829722,...,...,Kallivayalil,265,2010-06-21,stage/ib5y17ezq_flt.fits,123.0,smc,SMC-FIELD-NE-1,
1262,888,WFC3,UVIS,11730,QSO-011141-724947,17.92375,-72.829722,...,...,Kallivayalil,265,2010-06-21,stage/ib5y17f0q_flt.fits,123.0,smc,SMC-FIELD-NE-1,
1263,889,WFC3,UVIS,11730,QSO-011141-724947,17.92375,-72.829722,...,...,Kallivayalil,265,2010-06-21,stage/ib5y17f1q_flt.fits,123.0,smc,SMC-FIELD-NE-1,
1264,267,WFC3,UVIS,12581,ANY,17.985633,-72.663753,...,...,Roman-Duval,2,2012-07-25,smc_fields/WFC3/12581_ANY/ibp507pnq_flt.fits,128.0,smc,SMC-FIELD-NE-2,
1265,268,WFC3,UVIS,12581,ANY,17.985633,-72.663753,...,...,Roman-Duval,1,2012-07-25,smc_fields/WFC3/12581_ANY/ibp507psq_flt.fits,128.0,smc,SMC-FIELD-NE-2,
1266,269,WFC3,UVIS,12581,ANY,17.985633,-72.663753,...,...,Roman-Duval,980,2012-07-25,smc_fields/WFC3/12581_ANY/ibp507qlq_flt.fits,128.0,smc,SMC-FIELD-NE-2,
1267,270,WFC3,UVIS,12581,ANY,17.985633,-72.663753,...,...,Roman-Duval,500,2012-07-25,smc_fields/WFC3/12581_ANY/ibp507qqq_flt.fits,128.0,smc,SMC-FIELD-NE-2,
1268,271,WFC3,UVIS,12581,ANY,17.985633,-72.663753,...,...,Roman-Duval,930,2012-07-25,smc_fields/WFC3/12581_ANY/ibp507qwq_flt.fits,128.0,smc,SMC-FIELD-NE-2,
1269,272,WFC3,UVIS,12581,ANY,17.985633,-72.663753,...,...,Roman-Duval,1030,2012-07-25,smc_fields/WFC3/12581_ANY/ibp507r1q_flt.fits,128.0,smc,SMC-FIELD-NE-2,
1270,273,WFC3,UVIS,12581,ANY,17.985633,-72.663753,...,...,Roman-Duval,1180,2012-07-25,smc_fields/WFC3/12581_ANY/ibp507r7q_flt.fits,128.0,smc,SMC-FIELD-NE-2,
1271,274,WFC3,UVIS,12581,ANY,17.985633,-72.663753,...,...,Roman-Duval,600,2012-07-25,smc_fields/WFC3/12581_ANY/ibp507rdq_flt.fits,128.0,smc,SMC-FIELD-NE-2,
1272,275,WFC3,UVIS,12581,ANY,17.985633,-72.663753,...,...,Roman-Duval,730,2012-07-25,smc_fields/WFC3/12581_ANY/ibp507rjq_flt.fits,128.0,smc,SMC-FIELD-NE-2,
1273,1016,WFC3,UVIS,12581,ANY,17.985633,-72.663753,...,...,Roman-Duval,2,2012-07-25,stage/ibp507pnq_flt.fits,128.0,smc,SMC-FIELD-NE-2,
1274,1017,WFC3,UVIS,12581,ANY,17.985633,-72.663753,...,...,Roman-Duval,1,2012-07-25,stage/ibp507psq_flt.fits,128.0,smc,SMC-FIELD-NE-2,
1275,1018,WFC3,UVIS,12581,ANY,17.985633,-72.663753,...,...,Roman-Duval,980,2012-07-25,stage/ibp507qlq_flt.fits,128.0,smc,SMC-FIELD-NE-2,
1276,1019,WFC3,UVIS,12581,ANY,17.985633,-72.663753,...,...,Roman-Duval,500,2012-07-25,stage/ibp507qqq_flt.fits,128.0,smc,SMC-FIELD-NE-2,
1277,1020,WFC3,UVIS,12581,ANY,17.985633,-72.663753,...,...,Roman-Duval,930,2012-07-25,stage/ibp507qwq_flt.fits,128.0,smc,SMC-FIELD-NE-2,
1278,1021,WFC3,UVIS,12581,ANY,17.985633,-72.663753,...,...,Roman-Duval,1030,2012-07-25,stage/ibp507r1q_flt.fits,128.0,smc,SMC-FIELD-NE-2,
1279,1022,WFC3,UVIS,12581,ANY,17.985633,-72.663753,...,...,Roman-Duval,1180,2012-07-25,stage/ibp507r7q_flt.fits,128.0,smc,SMC-FIELD-NE-2,
1280,1023,WFC3,UVIS,12581,ANY,17.985633,-72.663753,...,...,Roman-Duval,600,2012-07-25,stage/ibp507rdq_flt.fits,128.0,smc,SMC-FIELD-NE-2,
1281,1024,WFC3,UVIS,12581,ANY,17.985633,-72.663753,...,...,Roman-Duval,730,2012-07-25,stage/ibp507rjq_flt.fits,128.0,smc,SMC-FIELD-NE-2,
1282,1025,WFC3,IR,12581,ANY,17.988591,-72.664132,...,...,Roman-Duval,602,2012-07-25,stage/ibp507ruq_flt.fits,128.0,smc,SMC-FIELD-NE-2,
1283,1026,WFC3,IR,12581,ANY,17.988591,-72.664132,...,...,Roman-Duval,302,2012-07-25,stage/ibp507rzq_flt.fits,128.0,smc,SMC-FIELD-NE-2,
1284,1255,WFC3,IR,13767,ANY,17.672879,-72.800029,...,...,Trenti,702,2015-09-06,stage/icphcfj3q_flt.fits,138.0,smc,KRON63,
1285,1256,WFC3,IR,13767,ANY,17.672879,-72.800029,...,...,Trenti,802,2015-09-06,stage/icphcgjeq_flt.fits,138.0,smc,KRON63,
1286,1257,WFC3,IR,13767,ANY,17.672879,-72.800029,...,...,Trenti,902,2015-09-06,stage/icphchjoq_flt.fits,138.0,smc,KRON63,
1287,1258,WFC3,IR,13767,ANY,17.672879,-72.800029,...,...,Trenti,902,2015-09-06,stage/icphcijyq_flt.fits,138.0,smc,KRON63,
1288,1259,WFC3,IR,13767,ANY,14.581987,-72.01408,...,...,Trenti,1102,2015-09-05,stage/icphd5etq_flt.fits,139.0,smc,BRUCK92,
1289,1260,WFC3,IR,13767,ANY,14.581987,-72.01408,...,...,Trenti,1102,2015-09-05,stage/icphd6f3q_flt.fits,139.0,smc,BRUCK92,
1310,843,WFC3,UVIS,12257,NGC-411,16.976667,-71.767056,...,...,Girardi,30,2011-08-28,clusters/WFC3/12257_NGC-411/ibhy12n3q_flt.fits,145.0,smc,NGC411,POLYGON 17.0453271 -71.73934246 16.90022665 -71.73838594 16.90655119 -71.78364888 17.05027964 -71.78510936 17.0453271 -71.73934246 17.0453271 -71.73934246
1311,844,WFC3,UVIS,12257,NGC-411,16.976667,-71.767056,...,...,Girardi,800,2011-08-28,clusters/WFC3/12257_NGC-411/ibhy12n5q_flt.fits,145.0,smc,NGC411,POLYGON 17.04532685 -71.73934239 16.90022639 -71.73838603 16.90655143 -71.78364896 17.05027989 -71.78510928 17.04532685 -71.73934239 17.04532685 -71.73934239
1312,845,WFC3,UVIS,12257,NGC-411,16.976667,-71.767056,...,...,Girardi,700,2011-08-28,clusters/WFC3/12257_NGC-411/ibhy12n9q_flt.fits,145.0,smc,NGC411,POLYGON 17.04532685 -71.73934239 16.90022639 -71.73838603 16.90655143 -71.78364896 17.05027989 -71.78510928 17.04532685 -71.73934239 17.04532685 -71.73934239
1313,846,WFC3,UVIS,12257,NGC-411,16.976667,-71.767056,...,...,Girardi,700,2011-08-28,clusters/WFC3/12257_NGC-411/ibhy12ndq_flt.fits,145.0,smc,NGC411,POLYGON 17.0453271 -71.73934246 16.90022665 -71.73838594 16.90655119 -71.78364888 17.05027964 -71.78510936 17.0453271 -71.73934246 17.0453271 -71.73934246
1314,847,WFC3,UVIS,12257,NGC-411,16.976667,-71.767056,...,...,Girardi,550,2011-08-28,clusters/WFC3/12257_NGC-411/ibhy12nhq_flt.fits,145.0,smc,NGC411,POLYGON 17.0453271 -71.73934246 16.90022665 -71.73838594 16.90655119 -71.78364888 17.05027964 -71.78510936 17.0453271 -71.73934246 17.0453271 -71.73934246
1315,848,WFC3,UVIS,12257,NGC-411,16.976667,-71.767056,...,...,Girardi,120,2011-08-28,clusters/WFC3/12257_NGC-411/ibhy12nmq_flt.fits,145.0,smc,NGC411,POLYGON 17.0453271 -71.73934246 16.90022665 -71.73838594 16.90655119 -71.78364888 17.05027964 -71.78510936 17.0453271 -71.73934246 17.0453271 -71.73934246
1316,849,WFC3,UVIS,12257,NGC-411,16.976667,-71.767056,...,...,Girardi,700,2011-08-28,clusters/WFC3/12257_NGC-411/ibhy12noq_flt.fits,145.0,smc,NGC411,POLYGON 17.0453271 -71.73934246 16.90022665 -71.73838594 16.90655119 -71.78364888 17.05027964 -71.78510936 17.0453271 -71.73934246 17.0453271 -71.73934246
1317,850,WFC3,UVIS,12257,NGC-411,16.976667,-71.767056,...,...,Girardi,700,2011-08-28,clusters/WFC3/12257_NGC-411/ibhy12nsq_flt.fits,145.0,smc,NGC411,POLYGON 17.0453271 -71.73934246 16.90022665 -71.73838594 16.90655119 -71.78364888 17.05027964 -71.78510936 17.0453271 -71.73934246 17.0453271 -71.73934246
1318,851,WFC3,UVIS,12257,NGC-411,16.976667,-71.767056,...,...,Girardi,700,2011-08-28,clusters/WFC3/12257_NGC-411/ibhy12nwq_flt.fits,145.0,smc,NGC411,POLYGON 17.0453271 -71.73934246 16.90022665 -71.73838594 16.90655119 -71.78364888 17.05027964 -71.78510936 17.0453271 -71.73934246 17.0453271 -71.73934246
1319,852,WFC3,UVIS,12257,NGC-411,16.976667,-71.767056,...,...,Girardi,700,2011-08-28,clusters/WFC3/12257_NGC-411/ibhy12o0q_flt.fits,145.0,smc,NGC411,POLYGON 17.0453271 -71.73934246 16.90022665 -71.73838594 16.90655119 -71.78364888 17.05027964 -71.78510936 17.0453271 -71.73934246 17.0453271 -71.73934246
1320,914,WFC3,UVIS,12257,NGC-411,16.976667,-71.767056,...,...,Girardi,30,2011-08-28,stage/ibhy12n3q_flt.fits,145.0,smc,NGC411,POLYGON 17.0453271 -71.73934246 16.90022665 -71.73838594 16.90655119 -71.78364888 17.05027964 -71.78510936 17.0453271 -71.73934246 17.0453271 -71.73934246
1321,915,WFC3,UVIS,12257,NGC-411,16.976667,-71.767056,...,...,Girardi,800,2011-08-28,stage/ibhy12n5q_flt.fits,145.0,smc,NGC411,POLYGON 17.04532685 -71.73934239 16.90022639 -71.73838603 16.90655143 -71.78364896 17.05027989 -71.78510928 17.04532685 -71.73934239 17.04532685 -71.73934239
1322,916,WFC3,UVIS,12257,NGC-411,16.976667,-71.767056,...,...,Girardi,700,2011-08-28,stage/ibhy12n9q_flt.fits,145.0,smc,NGC411,POLYGON 17.04532685 -71.73934239 16.90022639 -71.73838603 16.90655143 -71.78364896 17.05027989 -71.78510928 17.04532685 -71.73934239 17.04532685 -71.73934239
1323,917,WFC3,UVIS,12257,NGC-411,16.976667,-71.767056,...,...,Girardi,700,2011-08-28,stage/ibhy12ndq_flt.fits,145.0,smc,NGC411,POLYGON 17.0453271 -71.73934246 16.90022665 -71.73838594 16.90655119 -71.78364888 17.05027964 -71.78510936 17.0453271 -71.73934246 17.0453271 -71.73934246
1324,918,WFC3,UVIS,12257,NGC-411,16.976667,-71.767056,...,...,Girardi,550,2011-08-28,stage/ibhy12nhq_flt.fits,145.0,smc,NGC411,POLYGON 17.0453271 -71.73934246 16.90022665 -71.73838594 16.90655119 -71.78364888 17.05027964 -71.78510936 17.0453271 -71.73934246 17.0453271 -71.73934246
1325,919,WFC3,UVIS,12257,NGC-411,16.976667,-71.767056,...,...,Girardi,120,2011-08-28,stage/ibhy12nmq_flt.fits,145.0,smc,NGC411,POLYGON 17.0453271 -71.73934246 16.90022665 -71.73838594 16.90655119 -71.78364888 17.05027964 -71.78510936 17.0453271 -71.73934246 17.0453271 -71.73934246
1326,920,WFC3,UVIS,12257,NGC-411,16.976667,-71.767056,...,...,Girardi,700,2011-08-28,stage/ibhy12noq_flt.fits,145.0,smc,NGC411,POLYGON 17.0453271 -71.73934246 16.90022665 -71.73838594 16.90655119 -71.78364888 17.05027964 -71.78510936 17.0453271 -71.73934246 17.0453271 -71.73934246
1327,921,WFC3,UVIS,12257,NGC-411,16.976667,-71.767056,...,...,Girardi,700,2011-08-28,stage/ibhy12nsq_flt.fits,145.0,smc,NGC411,POLYGON 17.0453271 -71.73934246 16.90022665 -71.73838594 16.90655119 -71.78364888 17.05027964 -71.78510936 17.0453271 -71.73934246 17.0453271 -71.73934246
1328,922,WFC3,UVIS,12257,NGC-411,16.976667,-71.767056,...,...,Girardi,700,2011-08-28,stage/ibhy12nwq_flt.fits,145.0,smc,NGC411,POLYGON 17.0453271 -71.73934246 16.90022665 -71.73838594 16.90655119 -71.78364888 17.05027964 -71.78510936 17.0453271 -71.73934246 17.0453271 -71.73934246
1329,923,WFC3,UVIS,12257,NGC-411,16.976667,-71.767056,...,...,Girardi,700,2011-08-28,stage/ibhy12o0q_flt.fits,145.0,smc,NGC411,POLYGON 17.0453271 -71.73934246 16.90022665 -71.73838594 16.90655119 -71.78364888 17.05027964 -71.78510936 17.0453271 -71.73934246 17.0453271 -71.73934246
