#@string, string, string, string, string, string, string, string, string, ra, dec, string, string, int, float, float, float, string, float, string, string, string, string, float
dataproduct_type,obs_collection,instrument,project,filters,wavelength_region,target_name,target_classification,obs_id,s_ra,s_dec,proposal_id,proposal_pi,calib_level,t_min,t_max,t_exptime,obs_title,t_obs_release,objID,s_region,jpegURL,obsid,distance
image,HST,ACS/WFC,DADS,F814W,OPTICAL,SMCJ005257-725714,GALAXY;UNDESIGNATED,J90606010,13.24125,-73.06208333333,10126,OLSZEWSKI,3,53322.00632,53322.01845,560,The 3-D Shape of the SMC: Is It Tidally Distorted?,53687.01141,2012931746,POLYGON 13.33952589 -73.06649363 13.18578546 -73.03371555 13.13556579 -73.05749198 13.29303427 -73.09019008 13.33952589 -73.06649363 13.33952589 -73.06649363,http://archive.stsci.edu/hst/previews/J906/J90606010_256.jpg,2003866382,738.42397724902
image,HST,ACS/WFC,DADS,F555W,OPTICAL,SMCJ005257-725714,GALAXY;UNDESIGNATED,J90606020,13.24125,-73.06208333333,10126,OLSZEWSKI,3,53321.99215,53322.00428,560,The 3-D Shape of the SMC: Is It Tidally Distorted?,53686.99725,2012931747,POLYGON 13.33952589 -73.06649363 13.18578546 -73.03371555 13.13556579 -73.05749198 13.29303427 -73.09019008 13.33952589 -73.06649363 13.33952589 -73.06649363,http://archive.stsci.edu/hst/previews/J906/J90606020_256.jpg,2003866383,738.42397724902
image,HST,ACS/WFC,HLA,F435W,OPTICAL,SMCJ005257-725714,,hst_10126_06_acs_wfc_f435w,13.2157065230305,-73.0744541875274,10126,Olszewski,3,53321.98493,53321.99003,440,,53687.753,2014881258,POLYGON J2000 13.29512410 -73.09036080 13.34347740 -73.06655550 13.18754190 -73.03377550 13.13906690 -73.05754400 13.29512410 -73.09036080 POLYGON J2000 13.08498220 -73.08274100 13.24452350 -73.11536750 13.29532880 -73.09086540 13.13591640 -73.05827820 13.08498220 -73.08274100,http://hla.stsci.edu/cgi-bin/fitscut.cgi?red=hst_10126_06_acs_wfc_f435w&size=ALL&format=jpeg&output_size=256,2004501165,738.639997337739
image,HST,ACS/WFC,HLA,F555W,OPTICAL,SMCJ005257-725714,,hst_10126_06_acs_wfc_f555w,13.2157059800105,-73.0744546866384,10126,Olszewski,3,53321.99215,53322.00428,560,,53686.99725,2014881259,POLYGON J2000 13.24452090 -73.11536690 13.29532600 -73.09086520 13.13591890 -73.05827880 13.08498500 -73.08274120 13.24452090 -73.11536690 POLYGON J2000 13.18754460 -73.03377780 13.13907000 -73.05754560 13.29511930 -73.09036050 13.34347230 -73.06655600 13.18754460 -73.03377780,http://hla.stsci.edu/cgi-bin/fitscut.cgi?red=hst_10126_06_acs_wfc_f555w&size=ALL&format=jpeg&output_size=256,2004501166,738.648281393067
image,HST,ACS/WFC,HLA,F814W,OPTICAL,SMCJ005257-725714,,hst_10126_06_acs_wfc_f814w,13.2157040123497,-73.0744552104216,10126,Olszewski,3,53322.00632,53322.01845,560,,53687.01141,2014881260,POLYGON J2000 13.24451780 -73.11536560 13.29531870 -73.09086520 13.13592210 -73.05828020 13.08499220 -73.08274110 13.24451780 -73.11536560 POLYGON J2000 13.29511110 -73.09036060 13.34346020 -73.06655700 13.18754480 -73.03377970 13.13907410 -73.05754650 13.29511110 -73.09036060,http://hla.stsci.edu/cgi-bin/fitscut.cgi?red=hst_10126_06_acs_wfc_f814w&size=ALL&format=jpeg&output_size=256,2004501167,738.655121814478
image,HST,ACS/WFC,HLA,F814W,OPTICAL,ANY,,hst_13009_61_acs_wfc_f814w,13.2241672078695,-73.0751422829575,13009,De Marchi,3,56409.16964,56409.17367,347,,56774.30688,2014957466,POLYGON J2000 13.16527050 -73.03706540 13.13420110 -73.06420320 13.31436040 -73.08576410 13.34518790 -73.05859920 13.16527050 -73.03706540 POLYGON J2000 13.10533440 -73.09097600 13.28263010 -73.11300280 13.31183710 -73.08668250 13.13477200 -73.06468090 13.10533440 -73.09097600,http://hla.stsci.edu/cgi-bin/fitscut.cgi?red=hst_13009_61_acs_wfc_f814w&size=ALL&format=jpeg&output_size=256,2004577373,750.821556197756
image,HST,ACS/WFC,HLA,F606W,OPTICAL,ANY,,hst_13009_61_acs_wfc_f606w,13.2242887261557,-73.0751877594561,13009,De Marchi,3,56409.10491,56409.10608,100,,56774.17168,2014957464,POLYGON J2000 13.34531720 -73.05864370 13.16538960 -73.03710970 13.13431780 -73.06424870 13.31448740 -73.08580970 13.34531720 -73.05864370 POLYGON J2000 13.10544870 -73.09102240 13.28275400 -73.11304940 13.31196280 -73.08672800 13.13488810 -73.06472630 13.10544870 -73.09102240,http://hla.stsci.edu/cgi-bin/fitscut.cgi?red=hst_13009_61_acs_wfc_f606w&size=ALL&format=jpeg&output_size=256,2004577371,750.977198507937
image,HST,ACS/WFC,HLA,F475W,OPTICAL,HIGH-GALACTIC-LATITUDE,,hst_9488_9w_acs_wfc_f475w,14.3788795561019,-72.8935032953788,9488,Ratnatunga,3,52546.80425,52546.833,2191,,52547.59213,2014981048,POLYGON J2000 14.45455090 -72.86267320 14.26547450 -72.86885160 14.28403300 -72.89596140 14.47339340 -72.88976560 14.45455090 -72.86267320 POLYGON J2000 14.28339970 -72.89712110 14.30193150 -72.92520580 14.49352990 -72.91816680 14.47470050 -72.89009960 14.28339970 -72.89712110,http://hla.stsci.edu/cgi-bin/fitscut.cgi?red=hst_9488_9w_acs_wfc_f475w&size=ALL&format=jpeg&output_size=256,2004600955,1155.15179954212
image,HST,ACS/WFC,HLA,F475W,OPTICAL,HIGH-GALACTIC-LATITUDE,,hst_9488_a8_acs_wfc_f475w,13.6707558232692,-72.3291965987001,9488,Ratnatunga,3,52649.85738,52649.88138,1800,,52651.00003,2014981070,POLYGON J2000 13.67419720 -72.30090080 13.58012710 -72.30165520 13.57203810 -72.35830980 13.66640100 -72.35755920 13.67419720 -72.30090080 POLYGON J2000 13.75888550 -72.35625700 13.76876690 -72.30029080 13.67785950 -72.30127450 13.66769840 -72.35723610 13.75888550 -72.35625700,http://hla.stsci.edu/cgi-bin/fitscut.cgi?red=hst_9488_a8_acs_wfc_f475w&size=ALL&format=jpeg&output_size=256,2004600977,1743.19975925585
image,HST,ACS/WFC,HLA,F606W,OPTICAL,ANY,,hst_13009_71_acs_wfc_f606w,14.8230687766383,-72.4231164029398,13009,De Marchi,3,56505.71182,56505.71299,100,,56870.91463,2014957470,POLYGON J2000 14.87788020 -72.45836770 14.94898680 -72.40587980 14.85914220 -72.39690230 14.78781080 -72.44935800 14.87788020 -72.45836770 POLYGON J2000 14.77058220 -72.38855230 14.69757480 -72.44007280 14.78477100 -72.44862180 14.85756540 -72.39706950 14.77058220 -72.38855230,http://hla.stsci.edu/cgi-bin/fitscut.cgi?red=hst_13009_71_acs_wfc_f606w&size=ALL&format=jpeg&output_size=256,2004577377,2143.5366288013
image,HST,ACS/WFC,HLA,F814W,OPTICAL,ANY,,hst_13009_71_acs_wfc_f814w,14.8232187706068,-72.4230809013714,13009,De Marchi,3,56505.77691,56505.78094,347,,56871.00652,2014957472,POLYGON J2000 14.78796170 -72.44932100 14.87802710 -72.45832990 14.94913190 -72.40584480 14.85929130 -72.39686810 14.78796170 -72.44932100 POLYGON J2000 14.85771460 -72.39703540 14.77073510 -72.38851890 14.69772960 -72.44003690 14.78492200 -72.44858530 14.85771460 -72.39703540,http://hla.stsci.edu/cgi-bin/fitscut.cgi?red=hst_13009_71_acs_wfc_f814w&size=ALL&format=jpeg&output_size=256,2004577379,2143.7482725398
image,HST,ACS/WFC,HLA,F435W,OPTICAL,SMCJ004802-732058,,hst_10126_02_acs_wfc_f435w,11.9838153345568,-73.3618033344913,10126,Olszewski,3,53322.85008,53322.8552,440,,53688.32229,2014881242,POLYGON J2000 11.96004940 -73.32086760 11.90795940 -73.34413890 12.06261670 -73.37849200 12.11460090 -73.35518220 11.96004940 -73.32086760 POLYGON J2000 12.00819560 -73.40297990 12.06276420 -73.37899830 11.90467030 -73.34484120 11.84998940 -73.36878150 12.00819560 -73.40297990,http://hla.stsci.edu/cgi-bin/fitscut.cgi?red=hst_10126_02_acs_wfc_f435w&size=ALL&format=jpeg&output_size=256,2004501149,2189.68590850182
image,HST,ACS/WFC,HLA,F555W,OPTICAL,SMCJ004802-732058,,hst_10126_02_acs_wfc_f555w,11.9838148666988,-73.3618038586521,10126,Olszewski,3,53322.8573,53322.86944,560,,53687.8624,2014881243,POLYGON J2000 11.84999220 -73.36878170 12.00819310 -73.40297920 12.06276140 -73.37899810 11.90467290 -73.34484190 11.84999220 -73.36878170 POLYGON J2000 11.96005210 -73.32087000 11.90796250 -73.34414050 12.06261200 -73.37849170 12.11459580 -73.35518260 11.96005210 -73.32087000,http://hla.stsci.edu/cgi-bin/fitscut.cgi?red=hst_10126_02_acs_wfc_f555w&size=ALL&format=jpeg&output_size=256,2004501150,2189.69118611309
image,HST,ACS/WFC,HLA,F814W,OPTICAL,SMCJ004802-732058,,hst_10126_02_acs_wfc_f814w,11.9838128242532,-73.3618043575017,10126,Olszewski,3,53322.87147,53322.88361,560,,53687.87656,2014881244,POLYGON J2000 12.06260380 -73.37849160 12.11458340 -73.35518360 11.96005220 -73.32087200 11.90796680 -73.34414150 12.06260380 -73.37849160 POLYGON J2000 12.00819000 -73.40297790 12.06275390 -73.37899810 11.90467590 -73.34484330 11.84999960 -73.36878170 12.00819000 -73.40297790,http://hla.stsci.edu/cgi-bin/fitscut.cgi?red=hst_10126_02_acs_wfc_f814w&size=ALL&format=jpeg&output_size=256,2004501151,2189.6969081598
image,HST,ACS/WFC,DADS,F814W,OPTICAL,SMCJ004802-732058,GALAXY;UNDESIGNATED,J90602010,12.01125,-73.34969444444,10126,OLSZEWSKI,3,53322.87147,53322.88361,560,The 3-D Shape of the SMC: Is It Tidally Distorted?,53687.87656,2012931738,POLYGON 12.11059233 -73.35508106 11.95827179 -73.32079027 11.90440797 -73.34405197 12.0605131 -73.3783006 12.11059233 -73.35508106 12.11059233 -73.35508106,http://archive.stsci.edu/hst/previews/J906/J90602010_256.jpg,2003866374,2190.55762817819
image,HST,ACS/WFC,DADS,F555W,OPTICAL,SMCJ004802-732058,GALAXY;UNDESIGNATED,J90602020,12.01125,-73.34969444444,10126,OLSZEWSKI,3,53322.8573,53322.86944,560,The 3-D Shape of the SMC: Is It Tidally Distorted?,53687.8624,2012931739,POLYGON 12.11059233 -73.35508106 11.95827179 -73.32079027 11.90440797 -73.34405197 12.0605131 -73.3783006 12.11059233 -73.35508106 12.11059233 -73.35508106,http://archive.stsci.edu/hst/previews/J906/J90602020_256.jpg,2003866375,2190.55762817819
image,HST,ACS/WFC,HLA,F475W,OPTICAL,HIGH-GALACTIC-LATITUDE,,hst_9488_9u_acs_wfc_f475w,17.4560123297683,-72.8824347486247,9488,Ratnatunga,3,52539.95262,52539.98522,2544,,52540.12953,2014981046,POLYGON J2000 17.58308920 -72.90104890 17.54843320 -72.87432030 17.36402690 -72.89074310 17.39843520 -72.91750300 17.58308920 -72.90104890 POLYGON J2000 17.51289090 -72.84828850 17.33015850 -72.86377060 17.36398580 -72.88956950 17.54695540 -72.87405680 17.51289090 -72.84828850,http://hla.stsci.edu/cgi-bin/fitscut.cgi?red=hst_9488_9u_acs_wfc_f475w&size=ALL&format=jpeg&output_size=256,2004600953,4403.07338323802
image,HST,ACS/WFC,HLA,F475W,OPTICAL,HIGH-GALACTIC-LATITUDE,,hst_9488_9t_acs_wfc_f475w,17.4628057793248,-72.8834044577792,9488,Ratnatunga,3,52539.24529,52539.27666,1626,,52539.34095,2014981042,POLYGON J2000 17.37116130 -72.89203960 17.40666990 -72.91867550 17.59064370 -72.90156650 17.55489210 -72.87496280 17.37116130 -72.89203960 POLYGON J2000 17.55340360 -72.87470340 17.51828580 -72.84905780 17.33618730 -72.86518810 17.37107230 -72.89086500 17.55340360 -72.87470340,http://hla.stsci.edu/cgi-bin/fitscut.cgi?red=hst_9488_9t_acs_wfc_f475w&size=ALL&format=jpeg&output_size=256,2004600949,4409.44474118365
image,HST,ACS/WFC,HLA,F475W,OPTICAL,HIGH-GALACTIC-LATITUDE,,hst_9488_bn_acs_wfc_f475w,17.7700439494083,-72.9013821552913,9488,Ratnatunga,3,52875.95354,52875.97502,1583,,52876.39343,2014981191,POLYGON J2000 17.70411710 -72.92203360 17.77933210 -72.94022840 17.91184190 -72.89898470 17.83666610 -72.88083870 17.70411710 -72.92203360 POLYGON J2000 17.76196500 -72.86341910 17.62908820 -72.90356670 17.70209710 -72.92101980 17.83493890 -72.88082460 17.76196500 -72.86341910,http://hla.stsci.edu/cgi-bin/fitscut.cgi?red=hst_9488_bn_acs_wfc_f475w&size=ALL&format=jpeg&output_size=256,2004601098,4721.03732211364
image,HST,ACS/WFC,HLA,F475W,OPTICAL,HIGH-GALACTIC-LATITUDE,,hst_9488_bj_acs_wfc_f475w,17.7847717103642,-72.9010700130954,9488,Ratnatunga,3,52874.00571,52874.03943,1800,,52874.27087,2014981176,POLYGON J2000 17.72052040 -72.92217260 17.79717700 -72.93984140 17.92633160 -72.89769110 17.84972890 -72.88007090 17.72052040 -72.92217260 POLYGON J2000 17.77365950 -72.86317330 17.64402890 -72.90423030 17.71841970 -72.92117280 17.84800130 -72.88006840 17.77365950 -72.86317330,http://hla.stsci.edu/cgi-bin/fitscut.cgi?red=hst_9488_bj_acs_wfc_f475w&size=ALL&format=jpeg&output_size=256,2004601083,4736.90358420142
image,HST,ACS/WFC,HLA,F475W,OPTICAL,HIGH-GALACTIC-LATITUDE,,hst_9488_bk_acs_wfc_f475w,17.7847717353939,-72.9010700131032,9488,Ratnatunga,3,52874.13624,52874.17172,1800,,52874.39273,2014981180,POLYGON J2000 17.72052040 -72.92217260 17.79717700 -72.93984140 17.92633160 -72.89769110 17.84972890 -72.88007090 17.72052040 -72.92217260 POLYGON J2000 17.77365950 -72.86317330 17.64402890 -72.90423030 17.71841970 -72.92117280 17.84800140 -72.88006840 17.77365950 -72.86317330,http://hla.stsci.edu/cgi-bin/fitscut.cgi?red=hst_9488_bk_acs_wfc_f475w&size=ALL&format=jpeg&output_size=256,2004601087,4736.90358420142
image,HST,ACS/WFC,HLA,F475W,OPTICAL,HIGH-GALACTIC-LATITUDE,,hst_9488_bl_acs_wfc_f475w,17.7847717352219,-72.9010700129777,9488,Ratnatunga,3,52874.24012,52874.268,1669,,52874.75522,2014981184,POLYGON J2000 17.84800110 -72.88006840 17.77365940 -72.86317330 17.64402920 -72.90423030 17.71841980 -72.92117270 17.84800110 -72.88006840 POLYGON J2000 17.79717700 -72.93984130 17.92633140 -72.89769110 17.84972880 -72.88007100 17.72052060 -72.92217260 17.79717700 -72.93984130,http://hla.stsci.edu/cgi-bin/fitscut.cgi?red=hst_9488_bl_acs_wfc_f475w&size=ALL&format=jpeg&output_size=256,2004601091,4736.90390181063
image,HST,ACS/WFC,HLA,F606W,OPTICAL,ANY,,hst_13476_01_acs_wfc_f606w,9.0119932411949,-73.466553556816,13476,Kallivayalil,3,56563.92282,56563.95987,1452,,56929.08487,2014960901,POLYGON J2000 8.93260194 -73.44446865 8.93023050 -73.44448420 8.94108582 -73.47166515 8.94120460 -73.47196210 8.94207835 -73.47195634 8.94237153 -73.47274245 8.94249621 -73.47307673 8.94018330 -73.47310080 8.95080840 -73.50154950 8.95464940 -73.50150940 9.15032120 -73.49937330 9.15019227 -73.49903925 9.15403250 -73.49899550 9.15361303 -73.49790918 9.15476920 -73.49789600 9.14422344 -73.47054407 9.14380540 -73.46945800 9.14154486 -73.46948369 9.14138799 -73.46910285 9.14257360 -73.46909390 9.13172453 -73.44271721 9.13127680 -73.44162690 9.12861917 -73.44164685 9.12831440 -73.44090430 8.93173150 -73.44228610 8.93202774 -73.44302895 8.93246274 -73.44411966 8.93260194 -73.44446865,http://hla.stsci.edu/cgi-bin/fitscut.cgi?red=hst_13476_01_acs_wfc_f606w&size=ALL&format=jpeg&output_size=256,2004580808,4776.86365817744
image,HST,ACS/WFC,DADS,F606W,OPTICAL,ANY,PARALLEL FIELD;UNIDENTIFIED,JCC201020,9.037535068038,-73.46652799615,13476,KALLIVAYALIL,3,56563.92282,56563.95987,1452,Proper Motion and Internal Kinematics of the SMC: are the Magellanic Clouds bound to one another?,56929.08487,2012947751,POLYGON 9.15020204 -73.49719838 9.12571231 -73.44144616 8.93090178 -73.44245101 8.95023703 -73.49973401 9.15020204 -73.49719838 9.15020204 -73.49719838,http://archive.stsci.edu/hst/previews/JCC2/JCC201020_256.jpg,2003882387,4781.73756293215
image,HST,ACS/WFC,HLA,F814W,OPTICAL,ANY,,hst_13476_01_acs_wfc_f814w,9.07782407235132,-73.4664074050709,13476,Kallivayalil,3,56563.91635,56563.96647,689,,56929.08772,2014960902,POLYGON J2000 9.13471068 -73.46875891 9.13589680 -73.46875000 9.12505845 -73.44237525 9.12461070 -73.44128390 8.92803230 -73.44266150 8.92846748 -73.44375324 8.92728110 -73.44376100 8.93825010 -73.47123770 8.94785237 -73.47117434 8.93798010 -73.47127710 8.93838546 -73.47236459 8.93722860 -73.47237660 8.94784880 -73.50082400 9.14734330 -73.49865160 9.14692383 -73.49756425 9.14808040 -73.49755110 9.13754544 -73.47020131 9.13712740 -73.46911420 9.13486742 -73.46913981 9.13471068 -73.46875891,http://hla.stsci.edu/cgi-bin/fitscut.cgi?red=hst_13476_01_acs_wfc_f814w&size=ALL&format=jpeg&output_size=256,2004580809,4782.5066538701
image,HST,ACS/WFC,DADS,F814W,OPTICAL,ANY,PARALLEL FIELD;UNIDENTIFIED,JCC201010,9.0338284338,-73.46690381905,13476,KALLIVAYALIL,3,56563.91635,56563.96647,689,Proper Motion and Internal Kinematics of the SMC: are the Magellanic Clouds bound to one another?,56929.08772,2012947750,POLYGON 9.14649145 -73.49757622 9.12201319 -73.44182357 8.92719815 -73.44282502 8.94652146 -73.50010835 9.14649145 -73.49757622 9.14649145 -73.49757622,http://archive.stsci.edu/hst/previews/JCC2/JCC201010_256.jpg,2003882386,4785.74999948613
image,HST,ACS/WFC,DADS,F475W,OPTICAL,ANY,PARALLEL FIELD;UNIDENTIFIED,JBHY12010,16.97491958454,-71.86070500779,12257,GIRARDI,3,55801.32223,55801.36025,2490,The Nature of Multiple Main Sequence Turn-offs and Dual Red Clumps in Magellanic Cloud Star Clusters,56167.43755,2012943529,POLYGON 17.11736251 -71.8612083 16.97886183 -71.82523417 16.85084506 -71.86386223 16.98969776 -71.90190551 17.11736251 -71.8612083 17.11736251 -71.8612083,http://archive.stsci.edu/hst/previews/JBHY/JBHY12010_256.jpg,2003878165,5297.76573043462
image,HST,ACS/WFC,HLA,F475W,OPTICAL,ANY,,hst_12257_12_acs_wfc_f475w,17.0041612557007,-71.8586330417915,12257,Girardi,3,55801.32223,55801.36025,2490,,56167.43755,2014943894,POLYGON J2000 16.99009420 -71.90121060 16.99013478 -71.90119786 16.99023840 -71.90122560 17.11832953 -71.86089215 17.11836990 -71.86087940 17.11824456 -71.86084592 17.11827440 -71.86083650 17.11620175 -71.86028290 17.11681780 -71.86008830 17.04923491 -71.84200718 17.04714530 -71.84144720 17.04582250 -71.84186449 17.04488216 -71.84161632 17.04552300 -71.84141950 16.97997774 -71.82409387 16.97786650 -71.82353490 16.84949310 -71.86278770 16.85158247 -71.86334211 16.85093850 -71.86353840 16.85096079 -71.86354431 16.85088800 -71.86356650 16.91856820 -71.88149560 16.91860928 -71.88148306 16.91871340 -71.88151060 16.95783791 -71.86955839 16.91899460 -71.88174600 16.92106329 -71.88230157 16.92044400 -71.88249570 16.92046562 -71.88250151 16.92039450 -71.88252380 16.99009420 -71.90121060,http://hla.stsci.edu/cgi-bin/fitscut.cgi?red=hst_12257_12_acs_wfc_f475w&size=ALL&format=jpeg&output_size=256,2004563801,5298.52284471801
image,HST,ACS/WFC,DADS,F814W,OPTICAL,ANY,PARALLEL FIELD;UNIDENTIFIED,JBHY12020,16.97342357488,-71.8598836801,12257,GIRARDI,3,55801.37457,55801.42434,2700,The Nature of Multiple Main Sequence Turn-offs and Dual Red Clumps in Magellanic Cloud Star Clusters,56167.57906,2012943530,POLYGON 17.11586029 -71.86038806 16.9773685 -71.82441287 16.84935429 -71.86303996 16.98819789 -71.9010843 17.11586029 -71.86038806 17.11586029 -71.86038806,http://archive.stsci.edu/hst/previews/JBHY/JBHY12020_256.jpg,2003878166,5298.54452481391
image,HST,ACS/WFC,HLA,F814W,OPTICAL,ANY,,hst_12257_12_acs_wfc_f814w,16.9688220923585,-71.8644050035949,12257,Girardi,3,55801.37457,55801.42434,2700,,56167.57906,2014943895,POLYGON J2000 17.04719470 -71.84142020 17.04579886 -71.84186052 17.04498541 -71.84164586 17.04566710 -71.84143650 17.04564528 -71.84143074 17.04571770 -71.84140850 16.97808638 -71.82353164 16.97806470 -71.82352590 16.97802366 -71.82353849 16.97792060 -71.82351120 16.84955320 -71.86275950 16.84965641 -71.86278689 16.84967805 -71.86279263 16.84964500 -71.86280270 16.85163217 -71.86332996 16.85094860 -71.86353830 16.85115160 -71.86359216 16.85113440 -71.86359740 16.91881060 -71.88152420 16.91951117 -71.88131040 16.91958405 -71.88128816 16.95108106 -71.87166816 16.91904990 -71.88171650 16.91915291 -71.88174417 16.91917393 -71.88174981 16.91914270 -71.88175960 16.92111027 -71.88228801 16.92044930 -71.88249520 16.92065145 -71.88254949 16.92063610 -71.88255430 16.99033110 -71.90123950 16.99100728 -71.90102726 16.99107867 -71.90100486 17.11845640 -71.86089590 17.11825393 -71.86084182 17.11826920 -71.86083700 17.11629887 -71.86031074 17.11695780 -71.86010260 17.11693665 -71.86009695 17.11700740 -71.86007460 17.04735974 -71.84144048 17.04733890 -71.84143490 17.04729786 -71.84144785 17.04719470 -71.84142020,http://hla.stsci.edu/cgi-bin/fitscut.cgi?red=hst_12257_12_acs_wfc_f814w&size=ALL&format=jpeg&output_size=256,2004563802,5298.64161483218
image,HST,ACS/WFC,HLA,F606W,OPTICAL,ANY,,hst_13476_05_acs_wfc_f606w,10.532120865177,-74.1457788644006,13476,Kallivayalil,3,56566.87536,56566.90887,1452,,56932.2306,2014960907,POLYGON J2000 10.40639016 -74.17033501 10.61182300 -74.16942870 10.61171607 -74.16909437 10.61412860 -74.16908258 10.61571680 -74.16907480 10.61536813 -74.16798531 10.61657390 -74.16797940 10.60746750 -74.13947930 10.60511171 -74.13949076 10.60497925 -74.13910899 10.60621500 -74.13910750 10.60608421 -74.13873060 10.59667720 -74.11157600 10.59391105 -74.11157921 10.59365360 -74.11083440 10.38895360 -74.11097380 10.38968253 -74.11316258 10.38721460 -74.11316310 10.39604742 -74.13965126 10.39639890 -74.14070350 10.39730689 -74.14070328 10.39765057 -74.14182641 10.39524370 -74.14183580 10.40397910 -74.17034450 10.40639016 -74.17033501,http://hla.stsci.edu/cgi-bin/fitscut.cgi?red=hst_13476_05_acs_wfc_f606w&size=ALL&format=jpeg&output_size=256,2004580814,5325.54392031273
image,HST,ACS/WFC,DADS,F606W,OPTICAL,ANY,PARALLEL FIELD;UNIDENTIFIED,JCC205020,10.4970980183,-74.1358800602,13476,KALLIVAYALIL,3,56566.87536,56566.90887,1452,Proper Motion and Internal Kinematics of the SMC: are the Magellanic Clouds bound to one another?,56932.2306,2012947759,POLYGON 10.59090053 -74.11136048 10.38807717 -74.11113436 10.40353196 -74.16852566 10.61187705 -74.16725322 10.59090053 -74.11136048 10.59090053 -74.11136048,http://archive.stsci.edu/hst/previews/JCC2/JCC205020_256.jpg,2003882395,5328.5702007766
image,HST,ACS/WFC,HLA,F814W,OPTICAL,ANY,,hst_13476_05_acs_wfc_f814w,10.463569439727,-74.1446786065404,13476,Kallivayalil,3,56566.86889,56566.91546,689,,56932.29646,2014960908,POLYGON J2000 10.59805832 -74.13872325 10.59929480 -74.13872180 10.58976850 -74.11119100 10.38507270 -74.11132610 10.38543694 -74.11242057 10.38420410 -74.11242080 10.39338330 -74.13996020 10.39461830 -74.13995992 10.40338735 -74.13995770 10.39309710 -74.13999790 10.39343040 -74.14108793 10.39222640 -74.14109260 10.40095700 -74.16960000 10.40216307 -74.16959528 10.60878220 -74.16868800 10.60843398 -74.16759858 10.60964150 -74.16759270 10.60054650 -74.13909350 10.59819057 -74.13910488 10.59805832 -74.13872325,http://hla.stsci.edu/cgi-bin/fitscut.cgi?red=hst_13476_05_acs_wfc_f814w&size=ALL&format=jpeg&output_size=256,2004580815,5328.62658161386
image,HST,ACS/WFC,DADS,F814W,OPTICAL,ANY,PARALLEL FIELD;UNIDENTIFIED,JCC205010,10.49320969887,-74.13623237762,13476,KALLIVAYALIL,3,56566.86889,56566.91546,689,Proper Motion and Internal Kinematics of the SMC: are the Magellanic Clouds bound to one another?,56932.29646,2012947758,POLYGON 10.58702016 -74.11171449 10.38419247 -74.11148477 10.39963397 -74.16887635 10.60798389 -74.1676076 10.58702016 -74.11171449 10.58702016 -74.11171449,http://archive.stsci.edu/hst/previews/JCC2/JCC205010_256.jpg,2003882394,5331.64318376181
image,HST,ACS/WFC,HLA,F555W,OPTICAL,NGC422,,hst_9891_28_acs_wfc_f555w,17.3600897139743,-71.7808331129736,9891,Gilmore,3,52919.36414,52919.365,73,,53102.50964,2014989690,POLYGON J2000 17.45077180 -71.77934770 17.26968960 -71.78254180 17.28099810 -71.81092990 17.46235130 -71.80772510 17.45077180 -71.77934770 POLYGON J2000 17.44961850 -71.77898860 17.43779300 -71.75158410 17.25897230 -71.75398140 17.27053950 -71.78139690 17.44961850 -71.77898860,http://hla.stsci.edu/cgi-bin/fitscut.cgi?red=hst_9891_28_acs_wfc_f555w&size=ALL&format=jpeg&output_size=256,2004609597,5784.40168164935
image,HST,ACS/WFC,HLA,F814W,OPTICAL,NGC422,,hst_9891_28_acs_wfc_f814w,17.3601897423558,-71.7808600860676,9891,Gilmore,3,52919.37109,52919.37177,58,,53102.51104,2014989691,POLYGON J2000 17.46244760 -71.80775070 17.45086750 -71.77937490 17.26979330 -71.78256810 17.28110240 -71.81095470 17.46244760 -71.80775070 POLYGON J2000 17.25907620 -71.75400930 17.27064450 -71.78142350 17.44971470 -71.77901670 17.43788800 -71.75161340 17.25907620 -71.75400930,http://hla.stsci.edu/cgi-bin/fitscut.cgi?red=hst_9891_28_acs_wfc_f814w&size=ALL&format=jpeg&output_size=256,2004609598,5784.43107425224
image,HST,ACS/WFC,HLA,F555W,OPTICAL,IC1660,,hst_9891_30_acs_wfc_f555w,18.1986821409762,-71.7673963971235,9891,Gilmore,3,52864.01337,52864.01422,73,,53047.60207,2014989693,POLYGON J2000 18.07136360 -71.77906690 18.15101250 -71.79110440 18.24291920 -71.74299880 18.16341440 -71.73099920 18.07136360 -71.77906690 POLYGON J2000 18.32656100 -71.75546980 18.24451050 -71.74289550 18.15360940 -71.79195530 18.23581290 -71.80456830 18.32656100 -71.75546980,http://hla.stsci.edu/cgi-bin/fitscut.cgi?red=hst_9891_30_acs_wfc_f555w&size=ALL&format=jpeg&output_size=256,2004609600,6545.18834062379
image,HST,ACS/WFC,HLA,F814W,OPTICAL,IC1660,,hst_9891_30_acs_wfc_f814w,18.1988076619464,-71.7673853703855,9891,Gilmore,3,52864.02031,52864.021,58,,53047.60347,2014989694,POLYGON J2000 18.24463420 -71.74288530 18.15373580 -71.79194240 18.23593520 -71.80455450 18.32668070 -71.75545860 18.24463420 -71.74288530 POLYGON J2000 18.15113980 -71.79109230 18.24304510 -71.74298990 18.16354310 -71.73099130 18.07149370 -71.77905580 18.15113980 -71.79109230,http://hla.stsci.edu/cgi-bin/fitscut.cgi?red=hst_9891_30_acs_wfc_f814w&size=ALL&format=jpeg&output_size=256,2004609601,6545.32886525354
image,HST,ACS/WFC,DADS,F814W,OPTICAL,SFH-9,GALAXY;MAGELLANIC IRREGULAR,J96115010,20.47083333333,-73.31277777778,10396,GALLAGHER,3,53695.79494,53695.80427,20,"Star Clusters, Stellar Populations, and the Evolution of the Small Magellanic Cloud",54061.21052,2012933938,POLYGON 20.59082385 -73.3082475 20.43726705 -73.27456905 20.32840754 -73.32286913 20.4889625 -73.3562401 20.59082385 -73.3082475 20.59082385 -73.3082475,http://archive.stsci.edu/hst/previews/J961/J96115010_256.jpg,2003868574,7692.41033059653
image,HST,ACS/WFC,DADS,F814W,OPTICAL,SFH-9,GALAXY;MAGELLANIC IRREGULAR,J96115020,20.47083333333,-73.31277777778,10396,GALLAGHER,3,53695.80613,53695.87611,1896,"Star Clusters, Stellar Populations, and the Evolution of the Small Magellanic Cloud",54061.23867,2012933939,POLYGON 20.59082385 -73.3082475 20.43726705 -73.27456905 20.32840754 -73.32286913 20.4889625 -73.3562401 20.59082385 -73.3082475 20.59082385 -73.3082475,http://archive.stsci.edu/hst/previews/J961/J96115020_256.jpg,2003868575,7692.41033059653
image,HST,ACS/WFC,DADS,F555W,OPTICAL,SFH-9,GALAXY;MAGELLANIC IRREGULAR,J96115030,20.47083333333,-73.31277777778,10396,GALLAGHER,3,53695.8822,53695.88833,40,"Star Clusters, Stellar Populations, and the Evolution of the Small Magellanic Cloud",54061.80002,2012933940,POLYGON 20.59082385 -73.3082475 20.43726705 -73.27456905 20.32840754 -73.32286913 20.4889625 -73.3562401 20.59082385 -73.3082475 20.59082385 -73.3082475,http://archive.stsci.edu/hst/previews/J961/J96115030_256.jpg,2003868576,7692.41033059653
image,HST,ACS/WFC,DADS,F555W,OPTICAL,SFH-9,GALAXY;MAGELLANIC IRREGULAR,J96115040,20.47083333333,-73.31277777778,10396,GALLAGHER,3,53695.8902,53695.91873,1984,"Star Clusters, Stellar Populations, and the Evolution of the Small Magellanic Cloud",54061.82806,2012933941,POLYGON 20.59082385 -73.3082475 20.43726705 -73.27456905 20.32840754 -73.32286913 20.4889625 -73.3562401 20.59082385 -73.3082475 20.59082385 -73.3082475,http://archive.stsci.edu/hst/previews/J961/J96115040_256.jpg,2003868577,7692.41033059653
image,HST,ACS/WFC,HLA,F555W,OPTICAL,SFH-9,,hst_10396_15_acs_wfc_f555w,20.4384351620518,-73.3202559327072,10396,Gallagher,3,53695.8822,53695.91873,2024,,54061.82806,2014892825,POLYGON J2000 20.38689740 -73.29885730 20.38733782 -73.29895295 20.38720220 -73.29901550 20.43486247 -73.30935440 20.38498460 -73.29883180 20.38374866 -73.29939221 20.38220100 -73.29906530 20.32883300 -73.32322110 20.33038173 -73.32354839 20.33058575 -73.32359150 20.33028190 -73.32372880 20.33072662 -73.32382277 20.33058670 -73.32388600 20.49001730 -73.35744870 20.49125374 -73.35688776 20.49280940 -73.35721400 20.49325206 -73.35701316 20.54605190 -73.33301630 20.54384856 -73.33255444 20.54429040 -73.33235330 20.54404974 -73.33230285 20.54432542 -73.33217520 20.54588040 -73.33251040 20.54629636 -73.33231779 20.59658150 -73.30899520 20.59440461 -73.30852611 20.59482010 -73.30833310 20.43904760 -73.27464090 20.43781535 -73.27521111 20.43626900 -73.27487540 20.38544940 -73.29835160 20.38699678 -73.29868767 20.38717926 -73.29872730 20.38689740 -73.29885730,http://hla.stsci.edu/cgi-bin/fitscut.cgi?red=hst_10396_15_acs_wfc_f555w&size=ALL&format=jpeg&output_size=256,2004512732,7693.06220412193
image,HST,ACS/WFC,HLA,F814W,OPTICAL,SFH-9,,hst_10396_15_acs_wfc_f814w,20.4629601248757,-73.3199416645776,10396,Gallagher,3,53695.79494,53695.87611,1916,,54061.23867,2014892826,POLYGON J2000 20.33028740 -73.32372870 20.33073211 -73.32382268 20.33059220 -73.32388590 20.49001510 -73.35744780 20.49015454 -73.35738454 20.49125130 -73.35688696 20.49280740 -73.35721330 20.54495336 -73.33351428 20.54604680 -73.33301650 20.54384279 -73.33255448 20.54428450 -73.33235340 20.54404413 -73.33230301 20.54431903 -73.33217572 20.54587430 -73.33251100 20.54629039 -73.33231832 20.59657240 -73.30899630 20.59439500 -73.30852708 20.59481020 -73.30833420 20.43904810 -73.27464250 20.43781602 -73.27521265 20.43626910 -73.27487680 20.38545240 -73.29835250 20.38700055 -73.29868876 20.38718256 -73.29872829 20.38690090 -73.29885820 20.38734131 -73.29895385 20.38720570 -73.29901640 20.43486627 -73.30935589 20.38519066 -73.29887572 20.38498700 -73.29883270 20.38375121 -73.29939305 20.38220290 -73.29906600 20.32883800 -73.32322100 20.33059107 -73.32359147 20.33028740 -73.32372870,http://hla.stsci.edu/cgi-bin/fitscut.cgi?red=hst_10396_15_acs_wfc_f814w&size=ALL&format=jpeg&output_size=256,2004512733,7693.06723299343
image,HST,ACS/WFC,HLA,F606W,OPTICAL,ANY,,hst_13476_24_acs_wfc_f606w,18.9446267628268,-71.4192279388043,13476,Kallivayalil,3,56665.14304,56665.16562,1452,,57030.4212,2014960946,POLYGON J2000 18.86326403 -71.38353935 18.86553250 -71.43958200 18.86658421 -71.43955446 18.86662860 -71.44064640 18.87005144 -71.44055675 18.87006490 -71.44088640 18.87243635 -71.44082425 18.95963620 -71.43851810 18.95960690 -71.43787398 18.96080682 -71.43783902 18.96080800 -71.43817710 18.96199336 -71.43814256 18.96314684 -71.43810895 19.04731200 -71.43563690 19.04730594 -71.43487883 19.04964470 -71.43480960 19.04919130 -71.37876650 19.04233800 -71.37896987 19.04233634 -71.37875419 19.04233280 -71.37829560 18.95608610 -71.38083350 18.95608690 -71.38108038 18.95256887 -71.38117442 18.95253930 -71.38051700 18.86323750 -71.38288200 18.86326403 -71.38353935,http://hla.stsci.edu/cgi-bin/fitscut.cgi?red=hst_13476_24_acs_wfc_f606w&size=ALL&format=jpeg&output_size=256,2004580853,8017.00438105955
image,HST,ACS/WFC,HLA,F814W,OPTICAL,ANY,,hst_13476_24_acs_wfc_f814w,18.9435991668882,-71.399184669916,13476,Kallivayalil,3,56665.13657,56665.17222,689,,57030.42718,2014960947,POLYGON J2000 18.95829530 -71.37993020 18.95488181 -71.38002151 18.95486700 -71.37969270 18.86557370 -71.38205900 18.86558700 -71.38238784 18.86787280 -71.43875630 18.87129501 -71.43866662 18.87130850 -71.43899680 18.96086750 -71.43662770 18.96083816 -71.43598282 18.96203721 -71.43594787 18.96203840 -71.43628650 19.04853090 -71.43374570 19.04808300 -71.37770480 19.04465523 -71.37780655 19.04465260 -71.37746930 18.95841390 -71.38000840 18.95841502 -71.38034562 18.95842302 -71.38275345 18.95829530 -71.37993020,http://hla.stsci.edu/cgi-bin/fitscut.cgi?red=hst_13476_24_acs_wfc_f814w&size=ALL&format=jpeg&output_size=256,2004580854,8022.56014835724
image,HST,ACS/WFC,DADS,F606W,OPTICAL,ANY,PARALLEL FIELD;UNIDENTIFIED,JCC224020,18.97115377682,-71.40835946647,13476,KALLIVAYALIL,3,56665.14304,56665.16562,1452,Proper Motion and Internal Kinematics of the SMC: are the Magellanic Clouds bound to one another?,57030.4212,2012947797,POLYGON 19.04868944 -71.37852977 18.8689389 -71.38276262 18.87236407 -71.43960694 19.04799214 -71.4340568 19.04868944 -71.37852977 19.04868944 -71.37852977,http://archive.stsci.edu/hst/previews/JCC2/JCC224020_256.jpg,2003882433,8024.41653912308
image,HST,ACS/WFC,DADS,F814W,OPTICAL,ANY,PARALLEL FIELD;UNIDENTIFIED,JCC224010,18.97005312151,-71.40729611742,13476,KALLIVAYALIL,3,56665.13657,56665.17222,689,Proper Motion and Internal Kinematics of the SMC: are the Magellanic Clouds bound to one another?,57030.42718,2012947796,POLYGON 19.04758593 -71.37746692 18.86784507 -71.38169877 18.87126699 -71.43854311 19.04688565 -71.43299394 19.04758593 -71.37746692 19.04758593 -71.37746692,http://archive.stsci.edu/hst/previews/JCC2/JCC224010_256.jpg,2003882432,8025.99287560214
image,HST,ACS/WFC,HLA,F475W,OPTICAL,NGC-121,,hst_13435_02_acs_wfc_f475w,7.01586706295543,-71.5318244326239,13435,Monelli,3,56793.84635,56793.87848,590,,57159.08546,2014960527,POLYGON J2000 6.99533870 -71.57058310 6.99644028 -71.57012174 6.99778800 -71.57050820 7.04933498 -71.54888668 7.05043330 -71.54842530 6.95262179 -71.52032901 7.05112710 -71.54787410 7.05222037 -71.54742199 7.05357260 -71.54779920 7.10735608 -71.52552263 7.10844600 -71.52507050 6.97434520 -71.48756680 6.97325420 -71.48801818 6.97190600 -71.48763990 6.91697730 -71.51032960 6.91905763 -71.51091367 6.91832095 -71.51122234 6.91697720 -71.51083480 6.86428070 -71.53288120 6.99533870 -71.57058310,http://hla.stsci.edu/cgi-bin/fitscut.cgi?red=hst_13435_02_acs_wfc_f475w&size=ALL&format=jpeg&output_size=256,2004580434,8174.60181952552
image,HST,ACS/WFC,DADS,F475W,OPTICAL,NGC-121,GLOBULAR CLUSTER;STELLAR CLUSTER,JCB002020,6.977511489723,-71.53176602198,13435,MONELLI,3,56793.84635,56793.87848,590,"Multiple populations in external globular glusters: the Fornax dSph, the LMC, and the SMC",57159.08546,2012947664,POLYGON 7.10817645 -71.52527236 6.9729917 -71.487939 6.867173 -71.53300226 6.99624204 -71.57062021 7.10817645 -71.52527236 7.10817645 -71.52527236,http://archive.stsci.edu/hst/previews/JCB0/JCB002020_256.jpg,2003882300,8174.67894173365
image,HST,ACS/WFC,DADS,F814W,OPTICAL,NGC-121,GLOBULAR CLUSTER;STELLAR CLUSTER,JCB002010,6.977395417775,-71.53137887549,13435,MONELLI,3,56793.81284,56793.82187,600,"Multiple populations in external globular glusters: the Fornax dSph, the LMC, and the SMC",57158.89846,2012947663,POLYGON 7.10805772 -71.52488529 6.97287592 -71.48755184 6.8670591 -71.53261504 6.99612531 -71.57023306 7.10805772 -71.52488529 7.10805772 -71.52488529,http://archive.stsci.edu/hst/previews/JCB0/JCB002010_256.jpg,2003882299,8175.64115985921
image,HST,ACS/WFC,HLA,F814W,OPTICAL,NGC-121,,hst_13435_02_acs_wfc_f814w,6.94818094553739,-71.523794415269,13435,Monelli,3,56793.81284,56793.82187,600,,57158.89846,2014960528,POLYGON J2000 6.99633040 -71.56976810 7.04896910 -71.54768690 6.94799841 -71.51867651 7.05100710 -71.54748520 7.05206489 -71.54704775 7.05211240 -71.54706100 7.10698110 -71.52433420 6.97289610 -71.48683100 6.97183977 -71.48726804 6.97179260 -71.48725480 6.91687000 -71.50994270 6.91691709 -71.50995592 6.91764916 -71.51016147 6.91692774 -71.51046376 6.91687170 -71.51044760 6.86418330 -71.53249230 6.86423941 -71.53250849 6.99522260 -71.57019230 6.99627399 -71.56975192 6.99633040 -71.56976810,http://hla.stsci.edu/cgi-bin/fitscut.cgi?red=hst_13435_02_acs_wfc_f814w&size=ALL&format=jpeg&output_size=256,2004580435,8177.53935977144
image,HST,ACS/WFC,DADS,F475W,OPTICAL,NGC-121,GLOBULAR CLUSTER;STELLAR CLUSTER,JCB001020,6.385492356253,-71.57997174179,13435,MONELLI,3,56946.88067,56946.89544,590,"Multiple populations in external globular glusters: the Fornax dSph, the LMC, and the SMC",57312.09466,2012947662,POLYGON 6.48839267 -71.56711684 6.32700452 -71.54529311 6.26859289 -71.59979703 6.4360424 -71.62081636 6.48839267 -71.56711684 6.48839267 -71.56711684,http://archive.stsci.edu/hst/previews/JCB0/JCB001020_256.jpg,2003882298,8595.80685979783
image,HST,ACS/WFC,DADS,F814W,OPTICAL,NGC-121,GLOBULAR CLUSTER;STELLAR CLUSTER,JCB001010,6.383338788858,-71.57943034329,13435,MONELLI,3,56946.82838,56946.85623,600,"Multiple populations in external globular glusters: the Fornax dSph, the LMC, and the SMC",57312.06719,2012947661,POLYGON 6.48623758 -71.56657655 6.32485652 -71.54475094 6.26644024 -71.59925419 6.43388254 -71.62027546 6.48623758 -71.56657655 6.48623758 -71.56657655,http://archive.stsci.edu/hst/previews/JCB0/JCB001010_256.jpg,2003882297,8598.92722833493
image,HST,ACS/WFC,DADS,F814W,OPTICAL,ANY,PARALLEL FIELD;UNIDENTIFIED,JCC230010,21.32794404965,-74.03654373372,13476,KALLIVAYALIL,3,56566.78682,56566.8422,689,Proper Motion and Internal Kinematics of the SMC: are the Magellanic Clouds bound to one another?,56932.22265,2012947808,POLYGON 21.4619212 -74.06126562 21.40222213 -74.00753276 21.20424293 -74.01802074 21.25966809 -74.07351404 21.4619212 -74.06126562 21.4619212 -74.06126562,http://archive.stsci.edu/hst/previews/JCC2/JCC230010_256.jpg,2003882444,9275.95368402153
image,HST,ACS/WFC,HLA,F814W,OPTICAL,ANY,,hst_13476_30_acs_wfc_f814w,21.3049755328486,-74.0463962384069,13476,Kallivayalil,3,56566.78682,56566.8422,689,,56932.22265,2014960956,POLYGON J2000 21.26264148 -74.07408607 21.46346090 -74.06228350 21.46235355 -74.06123299 21.46352580 -74.06116350 21.43460850 -74.03368240 21.43232032 -74.03381794 21.43192287 -74.03345005 21.43312790 -74.03338330 21.40453480 -74.00687350 21.20498970 -74.01781830 21.20611215 -74.01887290 21.20490880 -74.01893830 21.23319950 -74.04547420 21.23440486 -74.04540863 21.24306143 -74.04493752 21.23294700 -74.04552670 21.23403872 -74.04657853 21.23286790 -74.04664670 21.26146870 -74.07415440 21.26264148 -74.07408607,http://hla.stsci.edu/cgi-bin/fitscut.cgi?red=hst_13476_30_acs_wfc_f814w&size=ALL&format=jpeg&output_size=256,2004580863,9276.34101222672
image,HST,ACS/WFC,DADS,F606W,OPTICAL,ANY,PARALLEL FIELD;UNIDENTIFIED,JCC230020,21.33148834848,-74.03599268673,13476,KALLIVAYALIL,3,56566.79736,56566.8356,1452,Proper Motion and Internal Kinematics of the SMC: are the Magellanic Clouds bound to one another?,56931.91808,2012947809,POLYGON 21.46546584 -74.06071236 21.40575743 -74.00698045 21.20778709 -74.01747161 21.26322215 -74.07296402 21.46546584 -74.06071236 21.46546584 -74.06071236,http://archive.stsci.edu/hst/previews/JCC2/JCC230020_256.jpg,2003882445,9278.38522300499
image,HST,ACS/WFC,HLA,F606W,OPTICAL,ANY,,hst_13476_30_acs_wfc_f606w,21.3725969746635,-74.0438550815951,13476,Kallivayalil,3,56566.79736,56566.8356,1452,,56931.91808,2014960955,POLYGON J2000 21.40807310 -74.00631890 21.20852810 -74.01726810 21.21077244 -74.01937631 21.20836690 -74.01950710 21.23558240 -74.04503050 21.23666460 -74.04604370 21.23754913 -74.04599557 21.23867513 -74.04708013 21.23633380 -74.04721650 21.26494150 -74.07472510 21.26728655 -74.07458842 21.46694690 -74.06284970 21.46660598 -74.06252636 21.46894977 -74.06238737 21.47049360 -74.06229580 21.46938680 -74.06124622 21.47055710 -74.06117680 21.44162770 -74.03369520 21.43933917 -74.03383085 21.43894207 -74.03346343 21.44014590 -74.03339670 21.43975366 -74.03303379 21.41154100 -74.00688650 21.40884517 -74.00703579 21.40807310 -74.00631890,http://hla.stsci.edu/cgi-bin/fitscut.cgi?red=hst_13476_30_acs_wfc_f606w&size=ALL&format=jpeg&output_size=256,2004580862,9278.76618888182
image,HST,WFC3/UVIS,DADS,F606W,OPTICAL,QSO-005534-722834,GALAXY;QSO,IB5Y14010,13.8984395352,-72.47994841731,11730,KALLIVAYALIL,3,55271.92118,55271.94137,1060,"Continued Proper Motions of the Magellanic Clouds: Orbits, Internal Kinematics, and Distance",55637.05951,2012906101,POLYGON 13.97926515 -72.48092662 13.85013334 -72.45845546 13.81641796 -72.47883601 13.94683043 -72.50123096 13.97926515 -72.48092662 13.97926515 -72.48092662,http://archive.stsci.edu/hst/previews/IB5Y/IB5Y14010_256.jpg,2003840737,1428.57252543897
image,HST,WFC3/UVIS,HLA,F606W,OPTICAL,QSO-005534-722834,,hst_11730_14_wfc3_uvis_f606w,13.8744084974911,-72.470889866944,11730,Kallivayalil,3,55271.92118,55271.94137,1060,,55637.05951,2014931501,POLYGON J2000 13.95479386 -72.49637288 13.95481450 -72.49637650 13.97964689 -72.48124882 13.98778840 -72.47628290 13.85853370 -72.45357410 13.85849909 -72.45359513 13.84263640 -72.45079850 13.83450103 -72.45573757 13.83447459 -72.45575362 13.80954810 -72.47086790 13.80955651 -72.47086938 13.80137600 -72.47582350 13.81722358 -72.47861800 13.93071920 -72.49856950 13.93074557 -72.49855347 13.94663370 -72.50133780 13.95479386 -72.49637288,http://hla.stsci.edu/cgi-bin/fitscut.cgi?red=hst_11730_14_wfc3_uvis_f606w&size=ALL&format=jpeg&output_size=256,2004551408,1429.16782357288
image,HST,WFC3/UVIS,DADS,F336W,OPTICAL,NGC-330,GLOBULAR CLUSTER;STELLAR CLUSTER,ICK003020,14.08431405996,-72.46808218034,13727,KALIRAI,3,57229.81118,57229.89087,3795,Which Stars Go BOOM?,57596.00699,2014221955,POLYGON 14.18953261 -72.47774066 14.11261922 -72.43824885 13.97853721 -72.45906397 14.0560153 -72.49790412 14.18953261 -72.47774066 14.18953261 -72.47774066,http://archive.stsci.edu/hst/previews/ICK0/ICK003020_256.jpg,2004339192,1512.63575907762
image,HST,WFC3/IR,DADS,F160W,INFRARED,ANY,PARALLEL FIELD;UNIDENTIFIED,ICPHD5ETQ,14.58198658297,-72.01407964616,13767,TRENTI,3,57270.32709,57270.33986,1102.935669,Bright Galaxies at Hubble's Detection Frontier: The redshift z~9-10 BoRG pure-parallel survey,57270.58101,2014235019,POLYGON   14.53442053 -71.99361085  14.65329280 -72.00195325  14.63079613 -72.03530144  14.50871529 -72.02674489  14.53442053 -71.99361085,http://archive.stsci.edu/hst/previews/ICPH/ICPHD5ETQ_256.jpg,2004344478,3224.65580950359
image,HST,WFC3/IR,DADS,F160W,INFRARED,ANY,PARALLEL FIELD;UNIDENTIFIED,ICPHD6F3Q,14.58198658297,-72.01407964616,13767,TRENTI,3,57270.39329,57270.40605,1102.935669,Bright Galaxies at Hubble's Detection Frontier: The redshift z~9-10 BoRG pure-parallel survey,57270.62977,2014235023,POLYGON   14.53442053 -71.99361085  14.65329280 -72.00195325  14.63079613 -72.03530144  14.50871529 -72.02674489  14.53442053 -71.99361085,http://archive.stsci.edu/hst/previews/ICPH/ICPHD6F3Q_256.jpg,2004344482,3224.65580950359
image,HST,WFC3/UVIS,HLA,F336W,OPTICAL,NGC-419,,hst_12257_30_wfc3_uvis_f336w,17.0921089764593,-72.8788584864859,12257,Girardi,3,55798.66193,55798.73084,3230,,56164.8477,2014943940,POLYGON J2000 17.01510500 -72.87853680 17.01510769 -72.87855120 17.01929690 -72.90092280 17.01944856 -72.90092340 17.01945130 -72.90093800 17.02083568 -72.90094343 17.02097920 -72.90170850 17.17291893 -72.90224692 17.17430290 -72.90225130 17.17429715 -72.90222202 17.17435470 -72.90222220 17.16996570 -72.87983940 17.16852605 -72.87983480 17.16843461 -72.87936768 17.16892730 -72.87936832 17.17030610 -72.87937010 17.17030027 -72.87934093 17.17035690 -72.87934100 17.16583760 -72.85669200 17.16440402 -72.85669012 17.16425690 -72.85595150 17.16416160 -72.85595137 17.16415310 -72.85590870 17.01037020 -72.85564770 17.01037573 -72.85567672 17.01031930 -72.85567660 17.01032191 -72.85569029 17.01463860 -72.87832890 17.01478935 -72.87832921 17.01479200 -72.87834310 17.01617126 -72.87834592 17.01620318 -72.87851303 17.01515700 -72.87850890 17.01516226 -72.87853703 17.01510500 -72.87853680,http://hla.stsci.edu/cgi-bin/fitscut.cgi?red=hst_12257_30_wfc3_uvis_f336w&size=ALL&format=jpeg&output_size=256,2004563847,4063.74184418358
image,HST,WFC3/UVIS,DADS,F336W,OPTICAL,NGC-419,EXT-CLUSTER;GLOBULAR CLUSTER,IBHY30030,17.09416666667,-72.87916666667,12257,GIRARDI,3,55798.66193,55798.73084,3230,The Nature of Multiple Main Sequence Turn-offs and Dual Red Clumps in Magellanic Cloud Star Clusters,56164.8477,2012910781,POLYGON 17.16651275 -72.85661288 17.01223104 -72.85648234 17.02173773 -72.90170202 17.17461794 -72.9023438 17.16651275 -72.85661288 17.16651275 -72.85661288,http://archive.stsci.edu/hst/previews/IBHY/IBHY30030_256.jpg,2003845417,4065.74973974696
image,HST,WFC3/IR,DADS,F160W,INFRARED,ANY,PARALLEL FIELD;UNIDENTIFIED,ICPHCFJ3Q,17.67287861184,-72.80002930781,13767,TRENTI,3,57271.39041,57271.39854,702.938171,Bright Galaxies at Hubble's Detection Frontier: The redshift z~9-10 BoRG pure-parallel survey,57271.62441,2014235000,POLYGON   17.62333568 -72.77953400  17.74740876 -72.78794166  17.72372075 -72.82127773  17.59628841 -72.81265340  17.62333568 -72.77953400,http://archive.stsci.edu/hst/previews/ICPH/ICPHCFJ3Q_256.jpg,2004344453,4690.92720993941
image,HST,WFC3/IR,DADS,F160W,INFRARED,ANY,PARALLEL FIELD;UNIDENTIFIED,ICPHCGJEQ,17.67287861184,-72.80002930781,13767,TRENTI,3,57271.45543,57271.46472,802.934753,Bright Galaxies at Hubble's Detection Frontier: The redshift z~9-10 BoRG pure-parallel survey,57271.62587,2014235004,POLYGON   17.62333568 -72.77953400  17.74740876 -72.78794166  17.72372075 -72.82127773  17.59628841 -72.81265340  17.62333568 -72.77953400,http://archive.stsci.edu/hst/previews/ICPH/ICPHCGJEQ_256.jpg,2004344457,4690.92720993941
image,HST,WFC3/IR,DADS,F160W,INFRARED,ANY,PARALLEL FIELD;UNIDENTIFIED,ICPHCHJOQ,17.67287861184,-72.80002930781,13767,TRENTI,3,57271.52044,57271.53089,902.935059,Bright Galaxies at Hubble's Detection Frontier: The redshift z~9-10 BoRG pure-parallel survey,57271.76616,2014235008,POLYGON   17.62333568 -72.77953400  17.74740876 -72.78794166  17.72372075 -72.82127773  17.59628841 -72.81265340  17.62333568 -72.77953400,http://archive.stsci.edu/hst/previews/ICPH/ICPHCHJOQ_256.jpg,2004344461,4690.92720993941
image,HST,WFC3/IR,DADS,F160W,INFRARED,ANY,PARALLEL FIELD;UNIDENTIFIED,ICPHCIJYQ,17.67287861184,-72.80002930781,13767,TRENTI,3,57271.58663,57271.59708,902.935059,Bright Galaxies at Hubble's Detection Frontier: The redshift z~9-10 BoRG pure-parallel survey,57271.7678,2014235012,POLYGON   17.62333568 -72.77953400  17.74740876 -72.78794166  17.72372075 -72.82127773  17.59628841 -72.81265340  17.62333568 -72.77953400,http://archive.stsci.edu/hst/previews/ICPH/ICPHCIJYQ_256.jpg,2004344465,4690.92720993941
image,HST,WFC3/UVIS,HLA,F606W,OPTICAL,QSO-011141-724947,,hst_11730_17_wfc3_uvis_f606w,17.9379261716322,-72.820764396141,11730,Kallivayalil,3,55368.86377,55368.88396,1060,,55734.0224,2014931505,POLYGON J2000 17.91422140 -72.85570640 17.91425050 -72.85568803 17.93177500 -72.85768180 17.99627607 -72.81683842 17.99630430 -72.81682050 17.99614321 -72.81680220 18.00405640 -72.81177700 17.93330400 -72.80372350 17.93325985 -72.80375148 17.91580650 -72.80175990 17.90788877 -72.80677153 17.85114590 -72.84259590 17.85128767 -72.84261210 17.84333320 -72.84762130 17.91422140 -72.85570640,http://hla.stsci.edu/cgi-bin/fitscut.cgi?red=hst_11730_17_wfc3_uvis_f606w&size=ALL&format=jpeg&output_size=256,2004551412,4948.81466415129
image,HST,WFC3/UVIS,DADS,F606W,OPTICAL,QSO-011141-724947,GALAXY;QSO,IB5Y17010,17.91109624026,-72.83124985715,11730,KALLIVAYALIL,3,55368.86377,55368.88396,1060,"Continued Proper Motions of the Magellanic Clouds: Orbits, Internal Kinematics, and Distance",55734.0224,2012906103,POLYGON 17.97900995 -72.81477098 17.90714661 -72.80655713 17.84373395 -72.84767354 17.91529491 -72.85556631 17.97900995 -72.81477098 17.97900995 -72.81477098,http://archive.stsci.edu/hst/previews/IB5Y/IB5Y17010_256.jpg,2003840739,4949.2355545087
image,HST,WFC3/UVIS,HLA,F336W,OPTICAL,ANY,,hst_12581_07_wfc3_uvis_f336w,17.9852439445194,-72.6640568586975,12581,Roman-Duval,3,56133.02727,56133.13337,3192,,56498.31545,2014952530,POLYGON J2000 17.87670100 -72.65686400 17.91973650 -72.67558230 18.05031280 -72.65231690 18.00719680 -72.63362660 17.87670100 -72.65686400 POLYGON J2000 17.92049340 -72.67568950 17.96303830 -72.69419200 18.09347110 -72.67127780 18.05084590 -72.65280280 17.92049340 -72.67568950,http://hla.stsci.edu/cgi-bin/fitscut.cgi?red=hst_12581_07_wfc3_uvis_f336w&size=ALL&format=jpeg&output_size=256,2004572437,5048.5615318763
image,HST,WFC3/UVIS,HLA,F814W,OPTICAL,ANY,,hst_12581_07_wfc3_uvis_f814w,17.9852419441087,-72.6640563546978,12581,Roman-Duval,3,56133.04355,56133.10047,1431.5,,56498.24356,2014952532,POLYGON J2000 18.09345780 -72.67127650 18.05083480 -72.65280200 17.92049870 -72.67568880 17.96304140 -72.69419080 18.09345780 -72.67127650 POLYGON J2000 17.91974490 -72.67558160 18.05030450 -72.65231760 18.00718840 -72.63362730 17.87670930 -72.65686330 17.91974490 -72.67558160,http://hla.stsci.edu/cgi-bin/fitscut.cgi?red=hst_12581_07_wfc3_uvis_f814w&size=ALL&format=jpeg&output_size=256,2004572439,5048.57073359695
image,HST,WFC3/UVIS,HLA,F475W,OPTICAL,ANY,,hst_12581_07_wfc3_uvis_f475w,17.985238446571,-72.6640543522542,12581,Roman-Duval,3,56133.14187,56133.16456,1330,,56498.32127,2014952531,POLYGON J2000 17.87671750 -72.65686350 17.91974590 -72.67557860 18.05029630 -72.65231740 18.00718750 -72.63363020 17.87671750 -72.65686350 POLYGON J2000 17.96303480 -72.69418480 18.09344940 -72.67127320 18.05082740 -72.65280010 17.92049310 -72.67568410 17.96303480 -72.69418480,http://hla.stsci.edu/cgi-bin/fitscut.cgi?red=hst_12581_07_wfc3_uvis_f475w&size=ALL&format=jpeg&output_size=256,2004572438,5048.57930754555
image,HST,WFC3/UVIS,DADS,F336W,OPTICAL,ANY,PARALLEL FIELD;UNIDENTIFIED,IBP507030,17.98563263445,-72.66375291929,12581,ROMAN-DUVAL,3,56133.02727,56133.13337,3192,A Direct CO/H2 Abundance Measurement in Diffuse and Translucent LMC and SMC Molecular Clouds,56498.31545,2012913223,POLYGON 18.09389584 -72.67130885 18.00762109 -72.63342394 17.876937559999998 -72.65684633 17.9636686 -72.69407017 18.09389584 -72.67130885 18.09389584 -72.67130885,http://archive.stsci.edu/hst/previews/IBP5/IBP507030_256.jpg,2003847859,5048.82246983018
image,HST,WFC3/UVIS,DADS,F814W,OPTICAL,ANY,PARALLEL FIELD;UNIDENTIFIED,IBP507040,17.98563263445,-72.66375291929,12581,ROMAN-DUVAL,3,56133.04355,56133.10047,1431.5,A Direct CO/H2 Abundance Measurement in Diffuse and Translucent LMC and SMC Molecular Clouds,56498.24356,2012913224,POLYGON 18.09389584 -72.67130885 18.00762109 -72.63342394 17.876937559999998 -72.65684633 17.9636686 -72.69407017 18.09389584 -72.67130885 18.09389584 -72.67130885,http://archive.stsci.edu/hst/previews/IBP5/IBP507040_256.jpg,2003847860,5048.82246983018
image,HST,WFC3/UVIS,DADS,F475W,OPTICAL,ANY,PARALLEL FIELD;UNIDENTIFIED,IBP507050,17.98563263445,-72.66375291929,12581,ROMAN-DUVAL,3,56133.14187,56133.16456,1330,A Direct CO/H2 Abundance Measurement in Diffuse and Translucent LMC and SMC Molecular Clouds,56498.32127,2012913225,POLYGON 18.09389584 -72.67130885 18.00762109 -72.63342394 17.876937559999998 -72.65684633 17.9636686 -72.69407017 18.09389584 -72.67130885 18.09389584 -72.67130885,http://archive.stsci.edu/hst/previews/IBP5/IBP507050_256.jpg,2003847861,5048.82246983018
image,HST,WFC3/IR,HLA,F160W,INFRARED,ANY,,hst_12581_07_wfc3_ir_f160w,17.9895161341366,-72.664167123883,12581,Roman-Duval,3,56133.18156,56133.19692,905.867,,56498.37088,2014952528,POLYGON J2000 17.96898380 -72.68918910 18.07556860 -72.66741570 18.00999110 -72.63914300 17.90349510 -72.66088180 17.96898380 -72.68918910,http://hla.stsci.edu/cgi-bin/fitscut.cgi?red=hst_12581_07_wfc3_ir_f160w&size=ALL&format=jpeg&output_size=256,2004572435,5074.65484220671
image,HST,WFC3/IR,HLA,F110W,INFRARED,ANY,,hst_12581_07_wfc3_ir_f110w,17.9895159366757,-72.6641671179468,12581,Roman-Duval,3,56133.16777,56133.1759,702.934,,56498.30565,2014952526,POLYGON J2000 18.00998630 -72.63914580 17.90350880 -72.66088180 17.96898830 -72.68918640 18.07555450 -72.66741570 18.00998630 -72.63914580,http://hla.stsci.edu/cgi-bin/fitscut.cgi?red=hst_12581_07_wfc3_ir_f110w&size=ALL&format=jpeg&output_size=256,2004572433,5074.66936513733
image,HST,WFC3/IR,DADS,F160W,INFRARED,ANY,PARALLEL FIELD;UNIDENTIFIED,IBP507060,17.98859080103,-72.66413185652,12581,ROMAN-DUVAL,3,56133.18156,56133.19692,905.867371,A Direct CO/H2 Abundance Measurement in Diffuse and Translucent LMC and SMC Molecular Clouds,56498.37088,2012913226,POLYGON 18.07520602 -72.66749056 18.008974 -72.6397346 17.90468953 -72.66099952 17.96822817 -72.68933474 18.07520602 -72.66749056 18.07520602 -72.66749056,http://archive.stsci.edu/hst/previews/IBP5/IBP507060_256.jpg,2003847862,5075.8541678788
image,HST,WFC3/UVIS,DADS,F814W,OPTICAL,AGNC-S1188,GALAXY;QSO,ICC220030,17.76473046007,-72.34250749189,13476,KALLIVAYALIL,3,56664.07407,56664.10998,708,Proper Motion and Internal Kinematics of the SMC: are the Magellanic Clouds bound to one another?,57029.22813,2012921459,POLYGON 17.8065158 -72.34169619 17.74738856 -72.32799485 17.69826614 -72.3448225 17.75744874 -72.3587218 17.8065158 -72.34169619 17.8065158 -72.34169619,http://archive.stsci.edu/hst/previews/ICC2/ICC220030_256.jpg,2003856095,5164.3516835741
image,HST,WFC3/UVIS,DADS,F606W,OPTICAL,AGNC-S1188,GALAXY;QSO,ICC220040,17.76615795207,-72.34354015028,13476,KALLIVAYALIL,3,56664.08075,56664.10352,1416,Proper Motion and Internal Kinematics of the SMC: are the Magellanic Clouds bound to one another?,57029.22888,2012921460,POLYGON 17.80794605 -72.34272984 17.74881611 -72.32902824 17.69969011 -72.34585568 17.75887541 -72.35975524 17.80794605 -72.34272984 17.80794605 -72.34272984,http://archive.stsci.edu/hst/previews/ICC2/ICC220040_256.jpg,2003856096,5164.41315595158
image,HST,WFC3/UVIS,DADS,F438W,OPTICAL,NGC-152,GLOBULAR CLUSTER;STELLAR CLUSTER,IBYL03040,8.228841666667,-73.11725,12908,GOUDFROOIJ,3,56434.00197,56434.02081,1500,What Causes Extended Main Sequence Turn-offs in Intermediate-Age Star Clusters?,56799.09925,2012916863,POLYGON 8.30034223 -73.10171874 8.22950424 -73.09253977 8.15762003 -73.13265763 8.22820114 -73.14152002 8.30034223 -73.10171874 8.30034223 -73.10171874,http://archive.stsci.edu/hst/previews/IBYL/IBYL03040_256.jpg,2003851499,5247.58920490922
image,HST,WFC3/UVIS,DADS,F814W,OPTICAL,NGC-152,GLOBULAR CLUSTER;STELLAR CLUSTER,IBYL03030,8.228841666667,-73.11725,12908,GOUDFROOIJ,3,56433.99787,56434.02831,700,What Causes Extended Main Sequence Turn-offs in Intermediate-Age Star Clusters?,56799.09932,2012916862,POLYGON 8.30034096 -73.10171763 8.22950183 -73.09253941 8.15762264 -73.13265804 8.22820486 -73.14151968 8.30034096 -73.10171763 8.30034096 -73.10171763,http://archive.stsci.edu/hst/previews/IBYL/IBYL03030_256.jpg,2003851498,5247.58993275203
image,HST,WFC3/UVIS,HLA,F438W,OPTICAL,NGC-152,,hst_12908_03_wfc3_uvis_f438w,8.16833386260249,-73.1177570603905,12908,Goudfrooij,3,56434.00197,56434.02081,1500,,56799.09925,2014955151,POLYGON J2000 8.30014080 -73.10176240 8.22951020 -73.09276380 8.22942995 -73.09280841 8.22786209 -73.09260828 8.22816980 -73.09243450 8.15673020 -73.08332610 8.15665114 -73.08337064 8.15455210 -73.08310250 8.08289290 -73.12336590 8.08499572 -73.12363477 8.15445730 -73.13249960 8.15453541 -73.13245572 8.15664150 -73.13272400 8.15676209 -73.13265625 8.15740996 -73.13273903 8.22605780 -73.14149400 8.22613710 -73.14145005 8.22824520 -73.14171840 8.30014080 -73.10176240,http://hla.stsci.edu/cgi-bin/fitscut.cgi?red=hst_12908_03_wfc3_uvis_f438w&size=ALL&format=jpeg&output_size=256,2004575058,5247.8209283464
image,HST,WFC3/UVIS,HLA,F814W,OPTICAL,NGC-152,,hst_12908_03_wfc3_uvis_f814w,8.16833411310693,-73.1177569744099,12908,Goudfrooij,3,56433.99787,56434.02831,700,,56799.09932,2014955152,POLYGON J2000 8.22786109 -73.09260816 8.22816790 -73.09243490 8.15673080 -73.08332690 8.15665116 -73.08337177 8.15455270 -73.08310370 8.08289600 -73.12336520 8.08499813 -73.12363398 8.15445670 -73.13249840 8.15453411 -73.13245492 8.15664100 -73.13272330 8.15676095 -73.13265591 8.15741343 -73.13273928 8.22605880 -73.14149460 8.22613778 -73.14145082 8.22824750 -73.14171940 8.30013710 -73.10176200 8.22950730 -73.09276290 8.22942624 -73.09280797 8.22786109 -73.09260816,http://hla.stsci.edu/cgi-bin/fitscut.cgi?red=hst_12908_03_wfc3_uvis_f814w&size=ALL&format=jpeg&output_size=256,2004575059,5247.82454858712
image,HST,WFC3/UVIS,HLA,F814W,OPTICAL,NGC-411,,hst_12257_12_wfc3_uvis_f814w,16.9935999474095,-71.7594579349828,12257,Girardi,3,55801.3216,55801.36076,1980,,56167.43772,2014943899,POLYGON J2000 16.89848320 -71.73757090 16.89857643 -71.73833922 16.90123730 -71.76024250 16.90253408 -71.76025266 16.90255945 -71.76046115 16.90166090 -71.76045230 16.90430590 -71.78285600 16.90528923 -71.78286566 16.90560741 -71.78286878 16.90569810 -71.78363560 16.90584091 -71.78363700 16.90584240 -71.78364960 17.04983779 -71.78500931 17.04998010 -71.78501060 17.04716200 -71.76260880 17.04707320 -71.76260799 17.04707160 -71.76259528 17.04706790 -71.76256580 17.04571305 -71.76255348 17.04565638 -71.76210211 17.04741820 -71.76211459 17.04756020 -71.76211560 17.04463040 -71.73944610 17.04454177 -71.73944547 17.04453996 -71.73943148 17.04453630 -71.73940310 17.04318634 -71.73939351 17.04309090 -71.73865370 16.89848320 -71.73757090,http://hla.stsci.edu/cgi-bin/fitscut.cgi?red=hst_12257_12_wfc3_uvis_f814w&size=ALL&format=jpeg&output_size=256,2004563806,5541.54746999876
image,HST,WFC3/UVIS,HLA,F336W,OPTICAL,NGC-411,,hst_12257_12_wfc3_uvis_f336w,16.9748839387045,-71.7625373891806,12257,Girardi,3,55801.32375,55801.39534,2200,,56167.48171,2014943897,POLYGON J2000 16.90542177 -71.78285332 16.90574384 -71.78285649 16.90583780 -71.78365070 16.90592751 -71.78365158 16.90592930 -71.78366670 17.04999140 -71.78502959 17.05008020 -71.78503040 17.04726110 -71.76262770 17.04717251 -71.76262689 17.04717060 -71.76261170 17.04592295 -71.76260033 17.04586255 -71.76211946 17.04757078 -71.76213158 17.04765840 -71.76213220 17.04472850 -71.73946270 17.04464088 -71.73946208 17.04463890 -71.73944670 17.04339538 -71.73943785 17.04329260 -71.73864120 16.89866740 -71.73755720 16.89876408 -71.73835392 16.90142170 -71.76022890 16.90266634 -71.76023866 16.90269178 -71.76044771 16.90184920 -71.76043940 16.90449510 -71.78284420 16.90542177 -71.78285332,http://hla.stsci.edu/cgi-bin/fitscut.cgi?red=hst_12257_12_wfc3_uvis_f336w&size=ALL&format=jpeg&output_size=256,2004563804,5541.62158202244
image,HST,WFC3/UVIS,HLA,F475W,OPTICAL,NGC-411,,hst_12257_12_wfc3_uvis_f475w,16.9740316358914,-71.7611323081385,12257,Girardi,3,55801.37436,55801.42543,1520,,56167.48315,2014943898,POLYGON J2000 16.90261562 -71.76042879 16.90171460 -71.76041990 16.90171956 -71.76046193 16.90436090 -71.78282240 16.90444911 -71.78282327 16.90445410 -71.78286550 16.90566798 -71.78287744 16.90575360 -71.78360090 17.04867110 -71.78495298 17.04988410 -71.78496400 17.04706480 -71.76256360 17.04585321 -71.76255256 17.04579123 -71.76205927 17.04625118 -71.76206253 17.04745940 -71.76207110 17.04453030 -71.73940550 17.04332346 -71.73939692 17.04322980 -71.73867090 17.04313945 -71.73867026 17.04313400 -71.73862800 16.89853870 -71.73754450 16.89854382 -71.73758670 16.90129230 -71.76021210 16.90138133 -71.76021280 16.90138650 -71.76025530 16.90259566 -71.76026478 16.90261562 -71.76042879,http://hla.stsci.edu/cgi-bin/fitscut.cgi?red=hst_12257_12_wfc3_uvis_f475w&size=ALL&format=jpeg&output_size=256,2004563805,5541.67958832161
image,HST,WFC3/UVIS,DADS,F336W,OPTICAL,NGC-411,EXT-CLUSTER;GLOBULAR CLUSTER,IBHY12040,16.97597277388,-71.76150424502,12257,GIRARDI,3,55801.32375,55801.39534,2200,The Nature of Multiple Main Sequence Turn-offs and Dual Red Clumps in Magellanic Cloud Star Clusters,56167.48171,2012910767,POLYGON 17.04532685 -71.73934239 16.90022639 -71.73838603 16.90655143 -71.78364896 17.05027989 -71.78510928 17.04532685 -71.73934239 17.04532685 -71.73934239,http://archive.stsci.edu/hst/previews/IBHY/IBHY12040_256.jpg,2003845403,5542.19918518603
image,HST,WFC3/UVIS,DADS,F814W,OPTICAL,NGC-411,EXT-CLUSTER;GLOBULAR CLUSTER,IBHY12030,16.97597277388,-71.76150424502,12257,GIRARDI,3,55801.3216,55801.36076,1980,The Nature of Multiple Main Sequence Turn-offs and Dual Red Clumps in Magellanic Cloud Star Clusters,56167.43772,2012910766,POLYGON 17.0453271 -71.73934246 16.90022665 -71.73838594 16.90655119 -71.78364888 17.05027964 -71.78510936 17.0453271 -71.73934246 17.0453271 -71.73934246,http://archive.stsci.edu/hst/previews/IBHY/IBHY12030_256.jpg,2003845402,5542.19919420211
image,HST,WFC3/UVIS,DADS,F475W,OPTICAL,NGC-411,EXT-CLUSTER;GLOBULAR CLUSTER,IBHY12050,16.97448457878,-71.76068292546,12257,GIRARDI,3,55801.37436,55801.42543,1520,The Nature of Multiple Main Sequence Turn-offs and Dual Red Clumps in Magellanic Cloud Star Clusters,56167.48315,2012910768,POLYGON 17.04383738 -71.73852161 16.8987433 -71.73756413 16.90506452 -71.78282711 17.04878661 -71.78428853 17.04383738 -71.73852161 17.04383738 -71.73852161,http://archive.stsci.edu/hst/previews/IBHY/IBHY12050_256.jpg,2003845404,5543.0788281971
image,HST,WFC3/UVIS,DADS,F814W,OPTICAL,NGC-121,GLOBULAR CLUSTER;STELLAR CLUSTER,ICB001GEQ,6.704166666667,-71.53611111111,13435,MONELLI,3,56946.87742,56946.87858,100,"Multiple populations in external globular glusters: the Fornax dSph, the LMC, and the SMC",57312.08997,2012735842,POLYGON ICRS   6.71018345 -71.51027214   6.76356759 -71.55249435   6.69814280 -71.56210490   6.64593879 -71.52001103   6.71018345 -71.51027214,http://archive.stsci.edu/hst/previews/ICB0/ICB001GEQ_256.jpg,2002975809,8429.9845884232
image,HST,WFC3/UVIS,DADS,F336W,OPTICAL,NGC-121,GLOBULAR CLUSTER;STELLAR CLUSTER,ICB001040,6.704753942157,-71.53559354531,13435,MONELLI,3,56946.85064,56946.89273,2122,"Multiple populations in external globular glusters: the Fornax dSph, the LMC, and the SMC",57312.09274,2012921195,POLYGON 6.76415372 -71.55197663 6.71076987 -71.50975457 6.64652721 -71.51949363 6.69873098 -71.56158736 6.76415372 -71.55197663 6.76415372 -71.55197663,http://archive.stsci.edu/hst/previews/ICB0/ICB001040_256.jpg,2003855831,8430.54036580912
image,HST,WFC3/UVIS,DADS,F438W,OPTICAL,NGC-121,GLOBULAR CLUSTER;STELLAR CLUSTER,ICB001030,6.702532474755,-71.53592510487,13435,MONELLI,3,56946.8277,56946.89686,400,"Multiple populations in external globular glusters: the Fornax dSph, the LMC, and the SMC",57312.09235,2012921194,POLYGON 6.76193139 -71.55230888 6.7085514999999996 -71.5100862 6.6443066 -71.51982452 6.69650639 -71.56191885 6.76193139 -71.55230888 6.76193139 -71.55230888,http://archive.stsci.edu/hst/previews/ICB0/ICB001030_256.jpg,2003855830,8431.88556535863
image,HST,WFC3/UVIS,DADS,F814W,OPTICAL,NGC-121,GLOBULAR CLUSTER;STELLAR CLUSTER,ICB002WBQ,6.705278939962,-71.53568876525,13435,MONELLI,3,56793.8431,56793.84426,100,"Multiple populations in external globular glusters: the Fornax dSph, the LMC, and the SMC",57158.89353,2012735843,POLYGON ICRS   6.67162647 -71.55916977   6.66816366 -71.51395596   6.73902344 -71.51205744   6.74182489 -71.55702487   6.67162647 -71.55916977,http://archive.stsci.edu/hst/previews/ICB0/ICB002WBQ_256.jpg,2002975814,8440.47644933322
image,HST,WFC3/UVIS,DADS,F336W,OPTICAL,NGC-121,GLOBULAR CLUSTER;STELLAR CLUSTER,ICB002040,6.704056045795,-71.53572380357,13435,MONELLI,3,56793.81628,56793.85841,2122,"Multiple populations in external globular glusters: the Fornax dSph, the LMC, and the SMC",57159.08426,2012921197,POLYGON 6.73780211 -71.5120927 6.66694209 -71.51399076 6.67040201 -71.55920459 6.74060069 -71.55706014 6.73780211 -71.5120927 6.73780211 -71.5120927,http://archive.stsci.edu/hst/previews/ICB0/ICB002040_256.jpg,2003855833,8441.53280640111
image,HST,WFC3/UVIS,DADS,F438W,OPTICAL,NGC-121,GLOBULAR CLUSTER;STELLAR CLUSTER,ICB002030,6.702943743466,-71.53614614229,13435,MONELLI,3,56793.81215,56793.87991,400,"Multiple populations in external globular glusters: the Fornax dSph, the LMC, and the SMC",57159.0842,2012921196,POLYGON 6.73668879 -71.51251432 6.66582734 -71.51441291 6.66929075 -71.55962672 6.73949083 -71.55748173 6.73668879 -71.51251432 6.73668879 -71.51251432,http://archive.stsci.edu/hst/previews/ICB0/ICB002030_256.jpg,2003855832,8441.66942360481
