#@string, string, string, string, string, string, string, ra, dec, string, int, float, float, float, string, string, float, string, string, string, string, string, string, float
dataproduct_type,obs_collection,instrument,filters,wavelength_region,target_name,obs_id,s_ra,s_dec,proposal_pi,calib_level,t_min,t_max,t_exptime,target_classification,obs_title,t_obs_release,proposal_id,objID,s_region,jpegURL,obsid,project,distance
image,HST,ACS/WFC,f555w,OPTICAL,NGC1983,HST_9891_68_ACS_WFC_F555W,81.9752480516357,-68.9899488368696,Gilmore,3,52919.82753,52919.82778,20,,,53103.0695,9891,2002506720,POLYGON J2000 81.94181560 -69.01527460 82.00552680 -68.96408060 81.93262220 -68.95511550 81.86876730 -69.00628220 81.94181560 -69.01527460 POLYGON J2000 82.08212010 -68.97336030 82.00683660 -68.96391310 81.94431330 -69.01601720 82.01974840 -69.02549190 82.08212010 -68.97336030,http://hla.stsci.edu/cgi-bin/fitscut.cgi?red=HST_9891_68_ACS_WFC_F555W&size=ALL&format=jpeg&output_size=256,2001294168,HLA,0
image,HST,ACS/WFC,f814w,OPTICAL,NGC1983,HST_9891_68_ACS_WFC_F814W,81.9753533969284,-68.9899328361754,Gilmore,3,52919.83387,52919.83412,20,,,53103.07125,9891,2002506719,POLYGON J2000 81.93273090 -68.95510170 81.86887590 -69.00626550 81.94192180 -69.01525700 82.00563310 -68.96406600 81.93273090 -68.95510170 POLYGON J2000 82.00694110 -68.96389840 81.94441890 -69.01600000 82.01985050 -69.02547380 82.08222100 -68.97334480 82.00694110 -68.96389840,http://hla.stsci.edu/cgi-bin/fitscut.cgi?red=HST_9891_68_ACS_WFC_F814W&size=ALL&format=jpeg&output_size=256,2001294167,HLA,0
image,HST,ACS/WFC,f814w,OPTICAL,NGC1953,HST_9891_65_ACS_WFC_F814W,81.4052102896123,-68.8412425975244,Gilmore,3,52919.69403,52919.69509,90,,,53102.81765,9891,2002568074,POLYGON J2000 81.43021350 -68.81468060 81.35624520 -68.80756400 81.30286390 -68.86020230 81.37699090 -68.86734210 81.43021350 -68.81468060 POLYGON J2000 81.50788970 -68.82201880 81.43147800 -68.81448060 81.37961030 -68.86802070 81.45618910 -68.87558220 81.50788970 -68.82201880,http://hla.stsci.edu/cgi-bin/fitscut.cgi?red=HST_9891_65_ACS_WFC_F814W&size=ALL&format=jpeg&output_size=256,2001355522,HLA,790.582780818857
image,HST,ACS/WFC,f555w,OPTICAL,NGC1953,HST_9891_65_ACS_WFC_F555W,81.4051089193084,-68.8412612731266,Gilmore,3,52919.6866,52919.68795,115,,,53102.79753,9891,2002568075,POLYGON J2000 81.45609140 -68.87560280 81.50779270 -68.82203690 81.43137730 -68.81449790 81.37950890 -68.86804060 81.45609140 -68.87560280 POLYGON J2000 81.35614000 -68.80758040 81.30275930 -68.86022180 81.37688900 -68.86736230 81.43011100 -68.81469780 81.35614000 -68.80758040,http://hla.stsci.edu/cgi-bin/fitscut.cgi?red=HST_9891_65_ACS_WFC_F555W&size=ALL&format=jpeg&output_size=256,2001355523,HLA,790.65113664125
image,HST,ACS/WFC,f814w,OPTICAL,NGC1928,HST_9891_62_ACS_WFC_F814W,80.2772576572916,-69.4725639342105,Gilmore,3,52874.30861,52874.31094,200,,,53057.83147,9891,2002568211,POLYGON J2000 80.25058210 -69.44575690 80.30463600 -69.49921590 80.37954520 -69.48779180 80.32533380 -69.43435610 80.25058210 -69.44575690 POLYGON J2000 80.17782820 -69.45738200 80.22907330 -69.51048390 80.30132190 -69.49927930 80.24992500 -69.44619860 80.17782820 -69.45738200,http://hla.stsci.edu/cgi-bin/fitscut.cgi?red=HST_9891_62_ACS_WFC_F814W&size=ALL&format=jpeg&output_size=256,2001355659,HLA,2645.32890326687
image,HST,ACS/WFC,f555w,OPTICAL,NGC1928,HST_9891_62_ACS_WFC_F555W,80.2772093322272,-69.4726014091788,Gilmore,3,52874.29874,52874.30257,330,,,53057.75836,9891,2002568210,POLYGON J2000 80.24987280 -69.44623500 80.17777180 -69.45741850 80.22902350 -69.51052310 80.30127640 -69.49931840 80.24987280 -69.44623500 POLYGON J2000 80.32528830 -69.43439180 80.25053160 -69.44579300 80.30459020 -69.49925450 80.37950450 -69.48783010 80.32528830 -69.43439180,http://hla.stsci.edu/cgi-bin/fitscut.cgi?red=HST_9891_62_ACS_WFC_F555W&size=ALL&format=jpeg&output_size=256,2001355658,HLA,2645.45144062111
image,HST,ACS/WFC,f814w,OPTICAL,NGC1917,HST_9891_61_ACS_WFC_F814W,79.7961917443684,-69.0057494041033,Gilmore,3,52920.55509,52920.55742,200,,,53104.30637,9891,2002568184,POLYGON J2000 79.68757270 -69.02022840 79.75937390 -69.03046810 79.82992380 -68.98043430 79.75825300 -68.97022420 79.68757270 -69.02022840 POLYGON J2000 79.83125390 -68.98028940 79.76177020 -69.03125330 79.83589420 -69.04201590 79.90524020 -68.99102200 79.83125390 -68.98028940,http://hla.stsci.edu/cgi-bin/fitscut.cgi?red=HST_9891_61_ACS_WFC_F814W&size=ALL&format=jpeg&output_size=256,2001355632,HLA,2673.97320710041
image,HST,ACS/WFC,f555w,OPTICAL,NGC1917,HST_9891_61_ACS_WFC_F555W,79.796084174393,-69.0057636049615,Gilmore,3,52920.54557,52920.54906,300,,,53104.30463,9891,2002568183,POLYGON J2000 79.90513740 -68.99103580 79.83114750 -68.98030220 79.76166210 -69.03126870 79.83578980 -69.04203230 79.90513740 -68.99103580 POLYGON J2000 79.82981560 -68.98044700 79.75814230 -68.97023590 79.68746150 -69.02024330 79.75926520 -69.03048390 79.82981560 -68.98044700,http://hla.stsci.edu/cgi-bin/fitscut.cgi?red=HST_9891_61_ACS_WFC_F555W&size=ALL&format=jpeg&output_size=256,2001355631,HLA,2674.10513985856
image,HST,ACS/WFC,f555w,OPTICAL,NGC1903,HST_9891_60_ACS_WFC_F555W,79.3355433832241,-69.3234441986579,Gilmore,3,53158.04642,53158.04701,50,,,53342.5487,9891,2002568181,POLYGON J2000 79.40043630 -69.29195720 79.24102220 -69.29834740 79.25556730 -69.32650470 79.41518450 -69.32010100 79.40043630 -69.29195720 POLYGON J2000 79.27132370 -69.35400870 79.42950230 -69.34841140 79.41462190 -69.32124640 79.25663840 -69.32683020 79.27132370 -69.35400870,http://hla.stsci.edu/cgi-bin/fitscut.cgi?red=HST_9891_60_ACS_WFC_F555W&size=ALL&format=jpeg&output_size=256,2001355629,HLA,3476.1803254075
image,HST,ACS/WFC,f814w,OPTICAL,NGC1903,HST_9891_60_ACS_WFC_F814W,79.3354507109283,-69.3234191964411,Gilmore,3,53158.0531,53158.05358,40,,,53342.55044,9891,2002568182,POLYGON J2000 79.25654980 -69.32680410 79.27123560 -69.35398110 79.42940470 -69.34838560 79.41452400 -69.32122200 79.25654980 -69.32680410 POLYGON J2000 79.25547930 -69.32647920 79.41508780 -69.32007660 79.40033980 -69.29193470 79.24093440 -69.29832370 79.25547930 -69.32647920,http://hla.stsci.edu/cgi-bin/fitscut.cgi?red=HST_9891_60_ACS_WFC_F814W&size=ALL&format=jpeg&output_size=256,2001355630,HLA,3476.27432703931
image,HST,ACS/WFC,f814w,OPTICAL,NGC1939,HST_9891_63_ACS_WFC_F814W,80.3880991079952,-69.9383062074816,Gilmore,3,52847.63078,52847.6331,200,,,53030.98747,9891,2002543460,POLYGON J2000 80.44708080 -69.95814020 80.50152320 -69.93644600 80.38408450 -69.89656180 80.32962430 -69.91822000 80.44708080 -69.95814020 POLYGON J2000 80.39183880 -69.97979360 80.44411050 -69.95870200 80.32957590 -69.91871820 80.27728890 -69.93977610 80.39183880 -69.97979360,http://hla.stsci.edu/cgi-bin/fitscut.cgi?red=HST_9891_63_ACS_WFC_F814W&size=ALL&format=jpeg&output_size=256,2001330908,HLA,3831.14325936809
image,HST,ACS/WFC,f555w,OPTICAL,NGC1939,HST_9891_63_ACS_WFC_F555W,80.3881021523976,-69.9383473329165,Gilmore,3,52847.6209,52847.62473,330,,,53030.8617,9891,2002543459,POLYGON J2000 80.32957390 -69.91875890 80.27728310 -69.93981760 80.39184290 -69.97983650 80.44411820 -69.95874420 80.32957390 -69.91875890 POLYGON J2000 80.32962330 -69.91826020 80.44708780 -69.95818200 80.50153420 -69.93648670 80.38408760 -69.89660090 80.32962330 -69.91826020,http://hla.stsci.edu/cgi-bin/fitscut.cgi?red=HST_9891_63_ACS_WFC_F555W&size=ALL&format=jpeg&output_size=256,2001330907,HLA,3831.26000058128
image,HST,ACS/WFC,f814w,OPTICAL,NGC1943,HST_9891_64_ACS_WFC_F814W,80.6617443891849,-70.1594233090853,Gilmore,3,52919.77765,52919.77812,40,,,53102.99878,9891,2002531193,POLYGON J2000 80.54826130 -70.17493670 80.62484120 -70.18448630 80.69534270 -70.13379380 80.61891770 -70.12427430 80.54826130 -70.17493670 POLYGON J2000 80.69673450 -70.13363620 80.62743180 -70.18524830 80.70650740 -70.19529630 80.77564630 -70.14365370 80.69673450 -70.13363620,http://hla.stsci.edu/cgi-bin/fitscut.cgi?red=HST_9891_64_ACS_WFC_F814W&size=ALL&format=jpeg&output_size=256,2001318641,HLA,4415.19479506194
image,HST,ACS/WFC,f555w,OPTICAL,NGC1943,HST_9891_64_ACS_WFC_F555W,80.6616321194651,-70.159438559827,Gilmore,3,52919.77097,52919.77157,50,,,53102.99703,9891,2002531192,POLYGON J2000 80.62731930 -70.18526470 80.70639850 -70.19531350 80.77553860 -70.14366850 80.69662320 -70.13365020 80.62731930 -70.18526470 POLYGON J2000 80.69522950 -70.13380760 80.61880200 -70.12428730 80.54814560 -70.17495270 80.62472810 -70.18450310 80.69522950 -70.13380760,http://hla.stsci.edu/cgi-bin/fitscut.cgi?red=HST_9891_64_ACS_WFC_F555W&size=ALL&format=jpeg&output_size=256,2001318640,HLA,4415.29096001519
image,HST,ACS/WFC,f814w,OPTICAL,NGC1872,HST_9891_59_ACS_WFC_F814W,78.336732268826,-69.3179225438889,Gilmore,3,52903.56547,52903.56653,90,,,53086.69542,9891,2002568104,POLYGON J2000 78.36949400 -69.29236770 78.29622210 -69.28267950 78.22739660 -69.33318610 78.30080900 -69.34290350 78.36949400 -69.29236770 POLYGON J2000 78.30328380 -69.34367110 78.37908220 -69.35389390 78.44648400 -69.30240660 78.37083400 -69.29221320 78.30328380 -69.34367110,http://hla.stsci.edu/cgi-bin/fitscut.cgi?red=HST_9891_59_ACS_WFC_F814W&size=ALL&format=jpeg&output_size=256,2001355552,HLA,4662.19921963911
image,HST,ACS/WFC,f555w,OPTICAL,NGC1872,HST_9891_59_ACS_WFC_F555W,78.336623750116,-69.3179374949402,Gilmore,3,52903.55804,52903.5594,115,,,53086.69367,9891,2002568103,POLYGON J2000 78.36938500 -69.29238100 78.29610990 -69.28269170 78.22728360 -69.33320190 78.30069910 -69.34292020 78.36938500 -69.29238100 POLYGON J2000 78.37072680 -69.29222660 78.30317460 -69.34368750 78.37897730 -69.35391130 78.44638110 -69.30242090 78.37072680 -69.29222660,http://hla.stsci.edu/cgi-bin/fitscut.cgi?red=HST_9891_59_ACS_WFC_F555W&size=ALL&format=jpeg&output_size=256,2001355551,HLA,4662.33820262293
image,HST,ACS/WFC,f555w,OPTICAL,NGC2108,HST_9891_75_ACS_WFC_F555W,86.0197061829668,-69.1728053694431,Gilmore,3,52867.16913,52867.17204,250,,,53050.37824,9891,2002493960,POLYGON J2000 85.97769650 -69.14906000 85.91481300 -69.16533580 85.99584040 -69.21343980 86.05880220 -69.19713440 85.97769650 -69.14906000 POLYGON J2000 85.97807140 -69.14857910 86.06195980 -69.19682640 86.12735110 -69.18010980 86.04338250 -69.13189430 85.97807140 -69.14857910,http://hla.stsci.edu/cgi-bin/fitscut.cgi?red=HST_9891_75_ACS_WFC_F555W&size=ALL&format=jpeg&output_size=256,2001281408,HLA,5106.48522665631
image,HST,ACS/WFC,f814w,OPTICAL,NGC2108,HST_9891_75_ACS_WFC_F814W,86.0197302856699,-69.1727651693666,Gilmore,3,52867.1781,52867.18008,170,,,53050.37929,9891,2002493961,POLYGON J2000 85.97809840 -69.14854000 86.06198080 -69.19678530 86.12736790 -69.18006940 86.04340520 -69.13185590 85.97809840 -69.14854000 POLYGON J2000 85.99586470 -69.21339800 86.05882280 -69.19709300 85.97772490 -69.14902050 85.91484510 -69.16529590 85.99586470 -69.21339800,http://hla.stsci.edu/cgi-bin/fitscut.cgi?red=HST_9891_75_ACS_WFC_F814W&size=ALL&format=jpeg&output_size=256,2001281409,HLA,5106.51314716128
image,HST,ACS/WFC,f435w,OPTICAL,ESO057-SC033,HST_10595_05_ACS_WFC_F435W,86.0237720869343,-69.1609328937609,Goudfrooij,3,53969.51994,53969.53231,770,,,54334.67049,10595,2002493958,POLYGON J2000 85.98630570 -69.21139840 86.05395720 -69.19766340 86.05387639 -69.19760086 86.05589820 -69.19718970 86.03044638 -69.17747369 86.05719160 -69.19748030 86.12738680 -69.18343220 86.12729593 -69.18336445 86.12932490 -69.18295770 86.06089411 -69.13180825 86.06080370 -69.13174050 85.99073210 -69.14576150 85.99082233 -69.14582927 85.98879420 -69.14623440 85.98908534 -69.14645310 85.92267820 -69.15993440 85.92275847 -69.15999698 85.92073750 -69.16040660 85.98630570 -69.21139840,http://hla.stsci.edu/cgi-bin/fitscut.cgi?red=HST_10595_05_ACS_WFC_F435W&size=ALL&format=jpeg&output_size=256,2001281406,HLA,5112.46896206839
image,HST,ACS/WFC,f555w,OPTICAL,ESO057-SC033,HST_10595_05_ACS_WFC_F555W,86.0237732470793,-69.1609329935961,Goudfrooij,3,53969.5385,53969.55029,720,,,54334.68447,10595,2002493959,POLYGON J2000 86.05589770 -69.19718780 86.03047729 -69.17749634 86.05719070 -69.19747930 86.12738500 -69.18343160 86.12729398 -69.18336374 86.12932290 -69.18295700 86.06089501 -69.13180918 86.06080470 -69.13174150 85.99073410 -69.14576220 85.99082418 -69.14582987 85.98879600 -69.14623500 85.98908785 -69.14645424 85.92268250 -69.15993490 85.92276270 -69.15999743 85.92074140 -69.16040710 85.98630660 -69.21139600 86.05395670 -69.19766160 86.05387577 -69.19759897 86.05589770 -69.19718780,http://hla.stsci.edu/cgi-bin/fitscut.cgi?red=HST_10595_05_ACS_WFC_F555W&size=ALL&format=jpeg&output_size=256,2001281407,HLA,5112.47409907881
image,HST,ACS/WFC,f814w,OPTICAL,ESO057-SC033,HST_10595_05_ACS_WFC_F814W,86.0188754620002,-69.1773007700204,Goudfrooij,3,53969.55637,53969.56779,688,,,54335.11193,10595,2002493962,POLYGON J2000 86.06080510 -69.13174270 85.99073850 -69.14576290 85.99082886 -69.14583078 85.98880080 -69.14623590 85.98909238 -69.14645494 85.92269180 -69.15993510 85.92277214 -69.15999774 85.92075150 -69.16040730 85.98630960 -69.21139400 85.98833374 -69.21098368 86.05395590 -69.19765980 86.05387520 -69.19759734 86.05589690 -69.19718620 86.03049866 -69.17751066 86.05719020 -69.19747790 86.05922169 -69.19707199 86.12738020 -69.18343070 86.12728946 -69.18336305 86.12931840 -69.18295630 86.06080510 -69.13174270,http://hla.stsci.edu/cgi-bin/fitscut.cgi?red=HST_10595_05_ACS_WFC_F814W&size=ALL&format=jpeg&output_size=256,2001281410,HLA,5112.48705902585
image,HST,ACS/WFC,F435W,OPTICAL,ESO057-SC033,J9ES05010,85.98754666667,-69.18003888889,GOUDFROOIJ,3,53969.52258,53969.53231,680,STELLAR CLUSTER,,54334.67049,10595,2001929029,POLYGON 85.98892996 -69.14750733 85.92290534 -69.16138641 85.98689603 -69.21204518 86.05576988 -69.19855813 85.98892996 -69.14750733 85.98892996 -69.14750733,http://archive.stsci.edu/hst/previews/J9ES/J9ES05010_256.jpg,2000979289,DADS,5115.54559253467
image,HST,ACS/WFC,F555W,OPTICAL,ESO057-SC033,J9ES05020,85.98754666667,-69.18003888889,GOUDFROOIJ,3,53969.54056,53969.55029,680,STELLAR CLUSTER,,54334.68447,10595,2001927101,POLYGON 85.98892996 -69.14750733 85.92290534 -69.16138641 85.98689603 -69.21204518 86.05576988 -69.19855813 85.98892996 -69.14750733 85.98892996 -69.14750733,http://archive.stsci.edu/hst/previews/J9ES/J9ES05020_256.jpg,2000977361,DADS,5115.54559253467
image,HST,ACS/WFC,F814W,OPTICAL,ESO057-SC033,J9ES05030,85.98754666667,-69.18003888889,GOUDFROOIJ,3,53969.55806,53969.56779,680,STELLAR CLUSTER,,54335.11193,10595,2001925238,POLYGON 85.98892996 -69.14750733 85.92290534 -69.16138641 85.98689603 -69.21204518 86.05576988 -69.19855813 85.98892996 -69.14750733 85.98892996 -69.14750733,http://archive.stsci.edu/hst/previews/J9ES/J9ES05030_256.jpg,2000975498,DADS,5115.54559253467
image,HST,ACS/WFC,f814w,OPTICAL,NGC1858,HST_9891_58_ACS_WFC_F814W,77.5283924781914,-68.9108330193562,Gilmore,3,52920.51432,52920.51456,20,,,53104.30288,9891,2002555656,POLYGON J2000 77.49424260 -68.87483460 77.41884460 -68.92388100 77.48924530 -68.93505350 77.56452530 -68.88597610 77.49424260 -68.87483460 POLYGON J2000 77.49154930 -68.93586950 77.56420980 -68.94759520 77.63839840 -68.89754280 77.56586300 -68.88584870 77.49154930 -68.93586950,http://hla.stsci.edu/cgi-bin/fitscut.cgi?red=HST_9891_58_ACS_WFC_F814W&size=ALL&format=jpeg&output_size=256,2001343104,HLA,5623.13308064391
image,HST,ACS/WFC,f555w,OPTICAL,NGC1858,HST_9891_58_ACS_WFC_F555W,77.5282840829781,-68.9108457951849,Gilmore,3,52920.50799,52920.50824,20,,,53104.30113,9891,2002555657,POLYGON J2000 77.49413150 -68.87484510 77.41873280 -68.92389440 77.48913580 -68.93506790 77.56441630 -68.88598740 77.49413150 -68.87484510 POLYGON J2000 77.56575580 -68.88586020 77.49144040 -68.93588350 77.56410420 -68.94761010 77.63829450 -68.89755520 77.56575580 -68.88586020,http://hla.stsci.edu/cgi-bin/fitscut.cgi?red=HST_9891_58_ACS_WFC_F555W&size=ALL&format=jpeg&output_size=256,2001343105,HLA,5623.26301114808
image,HST,ACS/WFC,f814w,OPTICAL,NGC1854,HST_9891_56_ACS_WFC_F814W,77.3710626328339,-68.8535469272209,Gilmore,3,52919.75931,52919.75978,40,,,53103.09287,9891,2002543837,POLYGON J2000 77.48037850 -68.83982990 77.40768650 -68.82841860 77.33506800 -68.87872510 77.40788780 -68.89016740 77.48037850 -68.83982990 POLYGON J2000 77.40635600 -68.82855110 77.33592660 -68.81768370 77.26219540 -68.86702010 77.33274560 -68.87791810 77.40635600 -68.82855110,http://hla.stsci.edu/cgi-bin/fitscut.cgi?red=HST_9891_56_ACS_WFC_F814W&size=ALL&format=jpeg&output_size=256,2001331285,HLA,5850.44294240835
image,HST,ACS/WFC,f555w,OPTICAL,NGC1854,HST_9891_56_ACS_WFC_F555W,77.3709546633848,-68.8535601032658,Gilmore,3,52919.73384,52919.73444,50,,,53102.82289,9891,2002543836,POLYGON J2000 77.33495930 -68.87873960 77.40778300 -68.89018300 77.48027580 -68.83984260 77.40757990 -68.82843030 77.33495930 -68.87873960 POLYGON J2000 77.33581550 -68.81769420 77.26208320 -68.86703400 77.33263620 -68.87793300 77.40624770 -68.82856270 77.33581550 -68.81769420,http://hla.stsci.edu/cgi-bin/fitscut.cgi?red=HST_9891_56_ACS_WFC_F555W&size=ALL&format=jpeg&output_size=256,2001331284,HLA,5850.5694797464
image,HST,ACS/WFC,f435w,OPTICAL,ESO056-SC131,HST_10595_04_ACS_WFC_F435W,81.8434079782516,-70.7431376340792,Goudfrooij,3,54026.19017,54026.20255,770,,,54391.54953,10595,2002518018,POLYGON J2000 81.81185140 -70.76514520 81.81402808 -70.76555883 81.88716240 -70.77943160 81.88728931 -70.77936930 81.88946940 -70.77978210 81.98521360 -70.73264650 81.91000830 -70.71840020 81.90988166 -70.71846260 81.90770810 -70.71805010 81.90729988 -70.71825124 81.83560350 -70.70486000 81.83548499 -70.70491663 81.83330640 -70.70450900 81.73658360 -70.75059350 81.73876523 -70.75100228 81.80959570 -70.76425090 81.80971450 -70.76419435 81.81189930 -70.76460230 81.84929714 -70.74678014 81.81185140 -70.76514520,http://hla.stsci.edu/cgi-bin/fitscut.cgi?red=HST_10595_04_ACS_WFC_F435W&size=ALL&format=jpeg&output_size=256,2001305466,HLA,6171.42715738213
image,HST,ACS/WFC,f555w,OPTICAL,ESO056-SC131,HST_10595_04_ACS_WFC_F555W,81.8887575874266,-70.7362673449945,Goudfrooij,3,54026.20873,54026.22052,720,,,54391.57073,10595,2002518016,POLYGON J2000 81.80971835 -70.76419328 81.81190350 -70.76460130 81.84924547 -70.74680565 81.81185270 -70.76514450 81.88716300 -70.77943100 81.88729021 -70.77936856 81.88947000 -70.77978130 81.98508567 -70.73270962 81.98521190 -70.73264730 81.91000770 -70.71840100 81.90988123 -70.71846332 81.90770760 -70.71805080 81.90729825 -70.71825249 81.83560440 -70.70486130 81.83548609 -70.70491783 81.83330700 -70.70451010 81.73658910 -70.75059250 81.80959940 -70.76424990 81.80971835 -70.76419328,http://hla.stsci.edu/cgi-bin/fitscut.cgi?red=HST_10595_04_ACS_WFC_F555W&size=ALL&format=jpeg&output_size=256,2001305464,HLA,6171.43109516034
image,HST,ACS/WFC,f814w,OPTICAL,ESO056-SC131,HST_10595_04_ACS_WFC_F814W,81.8887586683091,-70.7362681557114,Goudfrooij,3,54026.2266,54026.23802,688,,,54391.58488,10595,2002518017,POLYGON J2000 81.98520820 -70.73264820 81.91000810 -70.71840300 81.90988178 -70.71846524 81.90770800 -70.71805270 81.90729871 -70.71825436 81.83560960 -70.70486470 81.83549143 -70.70492116 81.83331210 -70.70451340 81.73659640 -70.75059240 81.80960380 -70.76424870 81.80972276 -70.76419208 81.81190800 -70.76460010 81.84921336 -70.74682282 81.81185630 -70.76514370 81.88716250 -70.77942900 81.88728973 -70.77936655 81.88946960 -70.77977930 81.98508201 -70.73271050 81.98520820 -70.73264820,http://hla.stsci.edu/cgi-bin/fitscut.cgi?red=HST_10595_04_ACS_WFC_F814W&size=ALL&format=jpeg&output_size=256,2001305465,HLA,6171.44279165793
image,HST,ACS/WFC,F435W,OPTICAL,ESO056-SC131,J9ES04010,81.82083333333,-70.735,GOUDFROOIJ,3,54026.19281,54026.20255,680,STELLAR CLUSTER,,54391.54953,10595,2001926064,POLYGON 81.83375936 -70.70570783 81.73702456 -70.75113879 81.81006164 -70.7652961 81.9062784 -70.71877862 81.83375936 -70.70570783 81.83375936 -70.70570783,http://archive.stsci.edu/hst/previews/J9ES/J9ES04010_256.jpg,2000976324,DADS,6175.72588120567
image,HST,ACS/WFC,F555W,OPTICAL,ESO056-SC131,J9ES04020,81.82083333333,-70.735,GOUDFROOIJ,3,54026.21079,54026.22052,680,STELLAR CLUSTER,,54391.57073,10595,2001929028,POLYGON 81.83375936 -70.70570783 81.73702456 -70.75113879 81.81006164 -70.7652961 81.9062784 -70.71877862 81.83375936 -70.70570783 81.83375936 -70.70570783,http://archive.stsci.edu/hst/previews/J9ES/J9ES04020_256.jpg,2000979288,DADS,6175.72588120567
image,HST,ACS/WFC,F814W,OPTICAL,ESO056-SC131,J9ES04030,81.82083333333,-70.735,GOUDFROOIJ,3,54026.22829,54026.23802,680,STELLAR CLUSTER,,54391.58488,10595,2001927100,POLYGON 81.83375936 -70.70570783 81.73702456 -70.75113879 81.81006164 -70.7652961 81.9062784 -70.71877862 81.83375936 -70.70570783 81.83375936 -70.70570783,http://archive.stsci.edu/hst/previews/J9ES/J9ES04030_256.jpg,2000977360,DADS,6175.72588120567
image,HST,ACS/WFC,f814w,OPTICAL,NGC1987,HST_9891_66_ACS_WFC_F814W,81.8647979065111,-70.7410618799015,Gilmore,3,52919.52155,52919.52353,170,,,53102.714,9891,2002518019,POLYGON J2000 81.91347100 -70.77655870 81.98081350 -70.72436510 81.89891060 -70.71499630 81.83138590 -70.76715980 81.91347100 -70.77655870 POLYGON J2000 81.82866550 -70.76641930 81.89749080 -70.71516520 81.81818270 -70.70627290 81.74918490 -70.75749720 81.82866550 -70.76641930,http://hla.stsci.edu/cgi-bin/fitscut.cgi?red=HST_9891_66_ACS_WFC_F814W&size=ALL&format=jpeg&output_size=256,2001305467,HLA,6178.33896283479
image,HST,ACS/WFC,f555w,OPTICAL,NGC1987,HST_9891_66_ACS_WFC_F555W,81.8646836117389,-70.7410780305793,Gilmore,3,52919.50711,52919.51001,250,,,53102.71262,9891,2002518020,POLYGON J2000 81.74906730 -70.75751400 81.82855040 -70.76643690 81.89737540 -70.71518000 81.81806480 -70.70628680 81.74906730 -70.75751400 POLYGON J2000 81.89879720 -70.71501120 81.83127150 -70.76717710 81.91336020 -70.77657680 81.98070370 -70.72438080 81.89879720 -70.71501120,http://hla.stsci.edu/cgi-bin/fitscut.cgi?red=HST_9891_66_ACS_WFC_F555W&size=ALL&format=jpeg&output_size=256,2001305468,HLA,6178.39360059135
image,HST,ACS/WFC,f814w,OPTICAL,NGC2056,HST_9891_72_ACS_WFC_F814W,84.1758367592927,-70.6618657528448,Gilmore,3,52859.5942,52859.5956,120,,,53042.71213,9891,2002518101,POLYGON J2000 84.06157020 -70.65800690 84.16212570 -70.70312510 84.22467830 -70.68474720 84.12407430 -70.63966330 84.06157020 -70.65800690 POLYGON J2000 84.22796270 -70.68433320 84.29298400 -70.66546160 84.18930590 -70.62033740 84.12433330 -70.63917230 84.22796270 -70.68433320,http://hla.stsci.edu/cgi-bin/fitscut.cgi?red=HST_9891_72_ACS_WFC_F814W&size=ALL&format=jpeg&output_size=256,2001305549,HLA,6479.11701608042
image,HST,ACS/WFC,f555w,OPTICAL,NGC2056,HST_9891_72_ACS_WFC_F555W,84.1758227051667,-70.6619065530414,Gilmore,3,52859.58613,52859.58811,170,,,53042.71037,9891,2002518102,POLYGON J2000 84.12405560 -70.63970360 84.06154780 -70.65804760 84.16211200 -70.70316740 84.22466830 -70.68478910 84.12405560 -70.63970360 POLYGON J2000 84.12431600 -70.63921220 84.22795210 -70.68437470 84.29297760 -70.66550230 84.18929270 -70.62037650 84.12431600 -70.63921220,http://hla.stsci.edu/cgi-bin/fitscut.cgi?red=HST_9891_72_ACS_WFC_F555W&size=ALL&format=jpeg&output_size=256,2001305550,HLA,6479.23638163672
image,HST,ACS/WFC,f814w,OPTICAL,NGC2010,HST_9891_71_ACS_WFC_F814W,82.6866319900023,-70.8236477222653,Gilmore,3,52919.7977,52919.79794,20,,,53103.10123,9891,2002518014,POLYGON J2000 82.80268200 -70.80661970 82.72019730 -70.79748560 82.65377210 -70.84984020 82.73644350 -70.85900400 82.80268200 -70.80661970 POLYGON J2000 82.65102120 -70.84910750 82.71877650 -70.79765860 82.63890930 -70.78899340 82.57097730 -70.84041280 82.65102120 -70.84910750,http://hla.stsci.edu/cgi-bin/fitscut.cgi?red=HST_9891_71_ACS_WFC_F814W&size=ALL&format=jpeg&output_size=256,2001305462,HLA,6525.00824041518
image,HST,ACS/WFC,f555w,OPTICAL,NGC2010,HST_9891_71_ACS_WFC_F555W,82.686517396253,-70.8236642230989,Gilmore,3,52919.79137,52919.79162,20,,,53103.00053,9891,2002518013,POLYGON J2000 82.72008370 -70.79750070 82.65365720 -70.84985800 82.73633270 -70.85902260 82.80257260 -70.80663560 82.72008370 -70.79750070 POLYGON J2000 82.63879080 -70.78900750 82.57085880 -70.84043010 82.65090570 -70.84912560 82.71866090 -70.79767360 82.63879080 -70.78900750,http://hla.stsci.edu/cgi-bin/fitscut.cgi?red=HST_9891_71_ACS_WFC_F555W&size=ALL&format=jpeg&output_size=256,2001305461,HLA,6525.04011251899
image,HST,ACS/WFC,f814w,OPTICAL,NGC1852,HST_9891_57_ACS_WFC_F814W,77.3842236571733,-67.7845824887335,Gilmore,3,52919.55506,52919.55738,200,,,53102.71738,9891,2002531103,POLYGON J2000 77.35019110 -67.80982050 77.41980650 -67.82114120 77.48836190 -67.77068470 77.41886330 -67.75939320 77.35019110 -67.80982050 POLYGON J2000 77.35025820 -67.74877820 77.28051760 -67.79823890 77.34796500 -67.80901740 77.41759510 -67.75952800 77.35025820 -67.74877820,http://hla.stsci.edu/cgi-bin/fitscut.cgi?red=HST_9891_57_ACS_WFC_F814W&size=ALL&format=jpeg&output_size=256,2001318551,HLA,7361.02388913743
image,HST,ACS/WFC,f555w,OPTICAL,NGC1852,HST_9891_57_ACS_WFC_F555W,77.3841209618582,-67.7845958895892,Gilmore,3,52919.54519,52919.54903,330,,,53102.71575,9891,2002531102,POLYGON J2000 77.41970660 -67.82115680 77.48826380 -67.77069770 77.41876180 -67.75940520 77.35008780 -67.80983520 77.41970660 -67.82115680 POLYGON J2000 77.34786110 -67.80903240 77.41749190 -67.75953980 77.35015260 -67.74878910 77.28041140 -67.79825300 77.34786110 -67.80903240,http://hla.stsci.edu/cgi-bin/fitscut.cgi?red=HST_9891_57_ACS_WFC_F555W&size=ALL&format=jpeg&output_size=256,2001318550,HLA,7361.09863911115
image,HST,ACS/WFC,f555w,OPTICAL,NGC2002,HST_9891_70_ACS_WFC_F555W,82.6189668597692,-66.8776723226051,Gilmore,3,52874.49694,52874.49719,20,,,53058.15267,9891,2002469942,POLYGON J2000 82.64590060 -66.90395320 82.71166900 -66.89157140 82.65829610 -66.83886700 82.59264230 -66.85122670 82.64590060 -66.90395320 POLYGON J2000 82.64294940 -66.90405990 82.59209520 -66.85167700 82.52879880 -66.86378840 82.57954250 -66.91619160 82.64294940 -66.90405990,http://hla.stsci.edu/cgi-bin/fitscut.cgi?red=HST_9891_70_ACS_WFC_F555W&size=ALL&format=jpeg&output_size=256,2001257390,HLA,7513.17235976235
image,HST,ACS/WFC,f814w,OPTICAL,NGC2002,HST_9891_70_ACS_WFC_F814W,82.6190062853261,-66.8776342226319,Gilmore,3,52874.50328,52874.50352,40,,,53058.15478,9891,2002469943,POLYGON J2000 82.59268380 -66.85118990 82.64593780 -66.90391410 82.71170200 -66.89153270 82.65833350 -66.83883050 82.59268380 -66.85118990 POLYGON J2000 82.52884510 -66.86375110 82.57958280 -66.91615200 82.64298630 -66.90402040 82.59213800 -66.85163980 82.52884510 -66.86375110,http://hla.stsci.edu/cgi-bin/fitscut.cgi?red=HST_9891_70_ACS_WFC_F814W&size=ALL&format=jpeg&output_size=256,2001257391,HLA,7513.32002701472
image,HST,ACS/WFC,f555w,OPTICAL,NGC2107,HST_9891_74_ACS_WFC_F555W,85.8436816283159,-70.6450949817808,Gilmore,3,52919.70721,52919.70919,170,,,53102.81941,9891,2002506350,POLYGON J2000 85.95802060 -70.62756670 85.87591020 -70.61878870 85.81215770 -70.67142840 85.89445530 -70.68023490 85.95802060 -70.62756670 POLYGON J2000 85.87450720 -70.61896770 85.79500880 -70.61064760 85.72972600 -70.66235950 85.80940180 -70.67070790 85.87450720 -70.61896770,http://hla.stsci.edu/cgi-bin/fitscut.cgi?red=HST_9891_74_ACS_WFC_F555W&size=ALL&format=jpeg&output_size=256,2001293798,HLA,7519.37260045793
image,HST,ACS/WFC,f814w,OPTICAL,NGC2107,HST_9891_74_ACS_WFC_F814W,85.843794297976,-70.6450779560866,Gilmore,3,52919.7205,52919.7219,120,,,53102.82115,9891,2002506349,POLYGON J2000 85.80951540 -70.67068940 85.87462090 -70.61895210 85.79512500 -70.61063280 85.72984200 -70.66234180 85.80951540 -70.67068940 POLYGON J2000 85.87602200 -70.61877290 85.81227060 -70.67141020 85.89456460 -70.68021590 85.95812870 -70.62755010 85.87602200 -70.61877290,http://hla.stsci.edu/cgi-bin/fitscut.cgi?red=HST_9891_74_ACS_WFC_F814W&size=ALL&format=jpeg&output_size=256,2001293797,HLA,7519.4235394055
image,HST,ACS/WFC,f814w,OPTICAL,NGC1846,HST_9891_55_ACS_WFC_F814W,76.9245738211005,-67.4665206037153,Gilmore,3,52920.62553,52920.62787,200,,,53104.49896,9891,2002531167,POLYGON J2000 76.95916110 -67.44179750 76.89346310 -67.43039910 76.82138030 -67.47916870 76.88717860 -67.49059640 76.95916110 -67.44179750 POLYGON J2000 76.95722060 -67.50341190 77.02821490 -67.45363640 76.96042090 -67.44167500 76.88932030 -67.49142070 76.95722060 -67.50341190,http://hla.stsci.edu/cgi-bin/fitscut.cgi?red=HST_9891_55_ACS_WFC_F814W&size=ALL&format=jpeg&output_size=256,2001318615,HLA,8573.29333020011
image,HST,ACS/WFC,f555w,OPTICAL,NGC1846,HST_9891_55_ACS_WFC_F555W,76.924471725507,-67.4665329545,Gilmore,3,52920.61601,52920.61949,300,,,53104.3565,9891,2002531166,POLYGON J2000 76.95712120 -67.50342640 77.02811710 -67.45364830 76.96031980 -67.44168600 76.88921770 -67.49143430 76.95712120 -67.50342640 POLYGON J2000 76.88707540 -67.49061030 76.95905840 -67.44180830 76.89335830 -67.43040910 76.82127500 -67.47918180 76.88707540 -67.49061030,http://hla.stsci.edu/cgi-bin/fitscut.cgi?red=HST_9891_55_ACS_WFC_F555W&size=ALL&format=jpeg&output_size=256,2001318614,HLA,8573.36263477957
image,HST,ACS/WFC,f435w,OPTICAL,ESO056-SC067,HST_10595_03_ACS_WFC_F435W,76.8780777177493,-67.4735157420385,Goudfrooij,3,53747.24759,53747.25997,770,,,54112.46917,10595,2002531171,POLYGON J2000 76.89968662 -67.51429372 76.93764910 -67.49059760 76.93748949 -67.49055412 76.93861920 -67.48984810 76.93810407 -67.48970778 76.93859725 -67.48939421 76.97472620 -67.46639620 76.97458132 -67.46635562 76.97569400 -67.46564650 76.85775790 -67.43252130 76.82045050 -67.45620130 76.82059513 -67.45624204 76.81947840 -67.45695000 76.86505133 -67.46977484 76.81806330 -67.45691870 76.77890150 -67.48129170 76.77906098 -67.48133539 76.77792710 -67.48204020 76.89855470 -67.51499940 76.89968662 -67.51429372,http://hla.stsci.edu/cgi-bin/fitscut.cgi?red=HST_10595_03_ACS_WFC_F435W&size=ALL&format=jpeg&output_size=256,2001318619,HLA,8607.41009994955
image,HST,ACS/WFC,f555w,OPTICAL,ESO056-SC067,HST_10595_03_ACS_WFC_F555W,76.8779156759178,-67.4736409997691,Goudfrooij,3,53747.26615,53747.28258,720,,,54112.50501,10595,2002531168,POLYGON J2000 76.85776030 -67.43252350 76.82045320 -67.45620270 76.82059771 -67.45624341 76.81948090 -67.45695140 76.86500247 -67.46976166 76.81822450 -67.45696290 76.81806530 -67.45691930 76.77890360 -67.48129190 76.77906288 -67.48133554 76.77792890 -67.48204040 76.89855290 -67.51499890 76.93764730 -67.49059740 76.93748747 -67.49055386 76.93798351 -67.49024387 76.93861710 -67.48984790 76.93810103 -67.48970732 76.97472300 -67.46639640 76.97457800 -67.46635578 76.97569050 -67.46564680 76.85790474 -67.43256418 76.85776030 -67.43252350,http://hla.stsci.edu/cgi-bin/fitscut.cgi?red=HST_10595_03_ACS_WFC_F555W&size=ALL&format=jpeg&output_size=256,2001318616,HLA,8607.41315498852
image,HST,ACS/WFC,f814w,OPTICAL,ESO056-SC067,HST_10595_03_ACS_WFC_F814W,76.8780762676361,-67.4735167909104,Goudfrooij,3,53747.28866,53747.30008,688,,,54112.52635,10595,2002531170,POLYGON J2000 76.81948350 -67.45695250 76.86496567 -67.46975237 76.81822617 -67.45696380 76.81806700 -67.45692020 76.77890790 -67.48129180 76.77906723 -67.48133545 76.77793330 -67.48204030 76.89855110 -67.51499800 76.93764290 -67.49059750 76.93748316 -67.49055399 76.93797830 -67.49024455 76.93861280 -67.48984800 76.93809681 -67.48970744 76.97471550 -67.46639780 76.97457049 -67.46635718 76.97568310 -67.46564810 76.85790481 -67.43256597 76.85776040 -67.43252530 76.82045570 -67.45620380 76.82060024 -67.45624452 76.81948350 -67.45695250,http://hla.stsci.edu/cgi-bin/fitscut.cgi?red=HST_10595_03_ACS_WFC_F814W&size=ALL&format=jpeg&output_size=256,2001318618,HLA,8607.41714384531
image,HST,ACS/WFC,F435W,OPTICAL,ESO056-SC067,J9ES03010,76.89583333333,-67.46083333333,GOUDFROOIJ,3,53747.25022,53747.25995,680,STELLAR CLUSTER,,54112.46917,10595,2001925236,POLYGON 76.85570298 -67.43276998 76.81709084 -67.45644329 76.93613198 -67.48947285 76.97193518 -67.46588135 76.85570298 -67.43276998 76.85570298 -67.43276998,http://archive.stsci.edu/hst/previews/J9ES/J9ES03010_256.jpg,2000975496,DADS,8628.16168957108
image,HST,ACS/WFC,F555W,OPTICAL,ESO056-SC067,J9ES03020,76.89583333333,-67.46083333333,GOUDFROOIJ,3,53747.26819,53747.28257,680,STELLAR CLUSTER,,54112.50501,10595,2001927099,POLYGON 76.85570298 -67.43276998 76.81709084 -67.45644329 76.93613198 -67.48947285 76.97193518 -67.46588135 76.85570298 -67.43276998 76.85570298 -67.43276998,http://archive.stsci.edu/hst/previews/J9ES/J9ES03020_256.jpg,2000977359,DADS,8628.16168957108
image,HST,ACS/WFC,F814W,OPTICAL,ESO056-SC067,J9ES03030,76.89583333333,-67.46083333333,GOUDFROOIJ,3,53747.29034,53747.30007,680,STELLAR CLUSTER,,54112.52635,10595,2001925237,POLYGON 76.85570298 -67.43276998 76.81709084 -67.45644329 76.93613198 -67.48947285 76.97193518 -67.46588135 76.85570298 -67.43276998 76.85570298 -67.43276998,http://archive.stsci.edu/hst/previews/J9ES/J9ES03030_256.jpg,2000975497,DADS,8628.16168957108
image,HST,ACS/WFC,f814w,OPTICAL,NGC1801,HST_9891_53_ACS_WFC_F814W,75.1820703461921,-69.6200217095812,Gilmore,3,52920.64667,52920.64773,90,,,53104.35988,9891,2002543597,POLYGON J2000 75.15112210 -69.58354220 75.06741770 -69.63141310 75.13875160 -69.64363350 75.22234370 -69.59572870 75.15112210 -69.58354220 POLYGON J2000 75.29722590 -69.60839270 75.22373960 -69.59562140 75.14103180 -69.64448340 75.21463740 -69.65728930 75.29722590 -69.60839270,http://hla.stsci.edu/cgi-bin/fitscut.cgi?red=HST_9891_53_ACS_WFC_F814W&size=ALL&format=jpeg&output_size=256,2001331045,HLA,8786.12979365172
image,HST,ACS/WFC,f555w,OPTICAL,NGC1801,HST_9891_53_ACS_WFC_F555W,75.1819569512491,-69.6200329104825,Gilmore,3,52920.63924,52920.64058,115,,,53104.35814,9891,2002543596,POLYGON J2000 75.15100620 -69.58355100 75.06730080 -69.63142490 75.13863680 -69.64364620 75.22222980 -69.59573840 75.15100620 -69.58355100 POLYGON J2000 75.29711710 -69.60840360 75.22362750 -69.59563140 75.14091780 -69.64449580 75.21452660 -69.65730260 75.29711710 -69.60840360,http://hla.stsci.edu/cgi-bin/fitscut.cgi?red=HST_9891_53_ACS_WFC_F555W&size=ALL&format=jpeg&output_size=256,2001331044,HLA,8786.27147219411
image,HST,ACS/WFC,F814W,OPTICAL,NGC1846-OUT,JBJT01AWQ,76.89886653181,-67.35249410221,MILONE,2,55668.28087,55668.28465,326,STELLAR CLUSTER,,56034.46458,12219,2001485624,POLYGON ICRS  76.99788034 -67.34522605  76.87605258 -67.31196118  76.78431553 -67.35648932  76.90545645 -67.38786672  76.99788034 -67.34522605,http://archive.stsci.edu/hst/previews/JBJT/JBJT01AWQ_256.jpg,2000508103,DADS,8903.98241616978
image,HST,ACS/WFC,F814W,OPTICAL,NGC1846-OUT,JBJT01ADQ,76.89042351831,-67.35003518375,MILONE,2,55668.15839,55668.16787,680,STELLAR CLUSTER,,56034.35616,12219,2001487488,POLYGON ICRS  76.99753081 -67.34481072  76.87570562 -67.31154561  76.78396955 -67.35607356  76.90510794 -67.38745121  76.99753081 -67.34481072,http://archive.stsci.edu/hst/previews/JBJT/JBJT01ADQ_256.jpg,2000510322,DADS,8905.35161304314
image,HST,ACS/WFC,F814W,OPTICAL,NGC1846-OUT,JBJT01AFQ,76.89042351831,-67.35003518375,MILONE,2,55668.15839,55668.16787,680,STELLAR CLUSTER,,56034.35616,12219,2001484719,POLYGON ICRS  76.99753081 -67.34481072  76.87570562 -67.31154561  76.78396955 -67.35607356  76.90510794 -67.38745121  76.99753081 -67.34481072,http://archive.stsci.edu/hst/previews/JBJT/JBJT01AFQ_256.jpg,2000507140,DADS,8905.35161304314
image,HST,ACS/WFC,F475W,OPTICAL,NGC1846-OUT,JBJT01020,76.88241811934,-67.34772959987,MILONE,3,55667.99863,55668.15494,6300,STELLAR CLUSTER,,56034.30444,12219,2001932992,POLYGON 76.86771425 -67.30923927 76.77597224 -67.35376269 76.89708845 -67.38514632 76.98951665 -67.3425104 76.86771425 -67.30923927 76.86771425 -67.30923927,http://archive.stsci.edu/hst/previews/JBJT/JBJT01020_256.jpg,2000983356,DADS,8919.14210401224
image,HST,ACS/WFC,F814W,OPTICAL,NGC1846-OUT,JBJT01YRQ,76.88127464873,-67.34740016863,MILONE,2,55667.95919,55667.96867,680,STELLAR CLUSTER,,56034.10242,12219,2001485625,POLYGON ICRS  76.98837211 -67.34218178  76.86657303 -67.30890974  76.77483008 -67.35343249  76.89594306 -67.38481701  76.98837211 -67.34218178,http://archive.stsci.edu/hst/previews/JBJT/JBJT01YRQ_256.jpg,2000508104,DADS,8921.1120838251
image,HST,ACS/WFC,F814W,OPTICAL,NGC1846-OUT,JBJT01YSQ,76.88127464873,-67.34740016863,MILONE,2,55667.95919,55667.96867,680,STELLAR CLUSTER,,56034.10242,12219,2001485626,POLYGON ICRS  76.98837211 -67.34218178  76.86657303 -67.30890974  76.77483008 -67.35343249  76.89594306 -67.38481701  76.98837211 -67.34218178,http://archive.stsci.edu/hst/previews/JBJT/JBJT01YSQ_256.jpg,2000508105,DADS,8921.1120838251
image,HST,ACS/WFC,f555w,OPTICAL,NGC1806,HST_9891_54_ACS_WFC_F555W,75.5833877523617,-67.9787767780489,Gilmore,3,52863.97211,52863.97559,300,,,53047.59083,9891,2002531021,POLYGON J2000 75.48678130 -67.96718130 75.54875040 -68.01820560 75.61295520 -68.00450870 75.55088150 -67.95350860 75.48678130 -67.96718130 POLYGON J2000 75.68264520 -67.99032130 75.61789220 -67.93906460 75.55137660 -67.95304550 75.61602130 -68.00432830 75.68264520 -67.99032130,http://hla.stsci.edu/cgi-bin/fitscut.cgi?red=HST_9891_54_ACS_WFC_F555W&size=ALL&format=jpeg&output_size=256,2001318469,HLA,9054.81948700143
image,HST,ACS/WFC,f814w,OPTICAL,NGC1806,HST_9891_54_ACS_WFC_F814W,75.5834224286037,-67.9787377780548,Gilmore,3,52863.98163,52863.98396,200,,,53047.54681,9891,2002531022,POLYGON J2000 75.55091980 -67.95347030 75.48682310 -67.96714290 75.54878570 -68.01816520 75.61298700 -68.00446850 75.55091980 -67.95347030 POLYGON J2000 75.61605350 -68.00428840 75.68267330 -67.99028190 75.61792510 -67.93902720 75.55141350 -67.95300770 75.61605350 -68.00428840,http://hla.stsci.edu/cgi-bin/fitscut.cgi?red=HST_9891_54_ACS_WFC_F814W&size=ALL&format=jpeg&output_size=256,2001318470,HLA,9054.84840256465
image,HST,ACS/WFC,f435w,OPTICAL,ESO056-SC004,HST_10595_02_ACS_WFC_F435W,75.5892080003379,-67.9892116098727,Goudfrooij,3,53642.22841,53642.2408,770,,,54007.46604,10595,2002531024,POLYGON J2000 75.55902413 -68.01483147 75.56113940 -68.01507150 75.58280412 -67.99498530 75.56141620 -68.01560480 75.63444260 -68.02409960 75.63451516 -68.02402950 75.63662800 -68.02427470 75.69117310 -67.97144011 75.69124500 -67.97137030 75.61836410 -67.96290070 75.61829191 -67.96297057 75.61618450 -67.96272510 75.61595107 -67.96295103 75.54656210 -67.95506770 75.54649349 -67.95513137 75.54438340 -67.95489110 75.48825060 -68.00685360 75.55895510 -68.01489540 75.55902413 -68.01483147,http://hla.stsci.edu/cgi-bin/fitscut.cgi?red=HST_10595_02_ACS_WFC_F435W&size=ALL&format=jpeg&output_size=256,2001318472,HLA,9057.22934790644
image,HST,ACS/WFC,f555w,OPTICAL,ESO056-SC004,HST_10595_02_ACS_WFC_F555W,75.5892093945263,-67.989211617288,Goudfrooij,3,53642.24697,53642.25877,720,,,54007.48017,10595,2002531025,POLYGON J2000 75.63451507 -68.02402848 75.63662800 -68.02427370 75.69117149 -67.97144122 75.69124350 -67.97137130 75.61836410 -67.96290170 75.61829192 -67.96297157 75.61618460 -67.96272610 75.61595066 -67.96295252 75.54656410 -67.95506920 75.54649550 -67.95513286 75.54438560 -67.95489260 75.48825660 -68.00685210 75.55895860 -68.01489390 75.55902753 -68.01483006 75.56114280 -68.01507010 75.58278378 -67.99500569 75.56141780 -68.01560380 75.63444260 -68.02409850 75.63451507 -68.02402848,http://hla.stsci.edu/cgi-bin/fitscut.cgi?red=HST_10595_02_ACS_WFC_F555W&size=ALL&format=jpeg&output_size=256,2001318473,HLA,9057.23089827654
image,HST,ACS/WFC,f814w,OPTICAL,ESO056-SC004,HST_10595_02_ACS_WFC_F814W,75.5892114237171,-67.9892119167408,Goudfrooij,3,53642.26497,53642.2764,688,,,54007.98139,10595,2002531026,POLYGON J2000 75.63451339 -68.02402696 75.63662660 -68.02427220 75.69124180 -67.97137210 75.61836550 -67.96290320 75.61829314 -67.96297324 75.61618600 -67.96272780 75.61595231 -67.96295397 75.54656930 -67.95507150 75.54650049 -67.95513535 75.54439140 -67.95489520 75.48826190 -68.00685150 75.49037515 -68.00709237 75.55896120 -68.01489260 75.55902998 -68.01482890 75.56114500 -68.01506890 75.58277214 -67.99501873 75.56141990 -68.01560280 75.56353120 -68.01584893 75.63444110 -68.02409680 75.63451339 -68.02402696,http://hla.stsci.edu/cgi-bin/fitscut.cgi?red=HST_10595_02_ACS_WFC_F814W&size=ALL&format=jpeg&output_size=256,2001318474,HLA,9057.23492737362
image,HST,ACS/WFC,F435W,OPTICAL,ESO056-SC004,J9ES02010,75.55115458333,-67.98559722222,GOUDFROOIJ,3,53642.23105,53642.24079,680,STELLAR CLUSTER,,54007.46604,10595,2001929026,POLYGON 75.54514989 -67.95608157 75.48862748 -68.0074067 75.55964601 -68.01593446 75.61505933 -67.96359266 75.54514989 -67.95608157 75.54514989 -67.95608157,http://archive.stsci.edu/hst/previews/J9ES/J9ES02010_256.jpg,2000979286,DADS,9163.85552482655
image,HST,ACS/WFC,F555W,OPTICAL,ESO056-SC004,J9ES02020,75.55115458333,-67.98559722222,GOUDFROOIJ,3,53642.24903,53642.25876,680,STELLAR CLUSTER,,54007.48017,10595,2001926063,POLYGON 75.54514989 -67.95608157 75.48862748 -68.0074067 75.55964601 -68.01593446 75.61505933 -67.96359266 75.54514989 -67.95608157 75.54514989 -67.95608157,http://archive.stsci.edu/hst/previews/J9ES/J9ES02020_256.jpg,2000976323,DADS,9163.85552482655
image,HST,ACS/WFC,F814W,OPTICAL,ESO056-SC004,J9ES02030,75.55115458333,-67.98559722222,GOUDFROOIJ,3,53642.26666,53642.27639,680,STELLAR CLUSTER,,54007.98139,10595,2001929027,POLYGON 75.54514989 -67.95608157 75.48862748 -68.0074067 75.55964601 -68.01593446 75.61505933 -67.96359266 75.54514989 -67.95608157 75.54514989 -67.95608157,http://archive.stsci.edu/hst/previews/J9ES/J9ES02030_256.jpg,2000979287,DADS,9163.85552482655
image,HST,ACS/WFC,f814w,OPTICAL,NGC1795,HST_9891_52_ACS_WFC_F814W,74.9823282176985,-69.7936436790399,Gilmore,3,52860.52955,52860.53188,200,,,53043.63589,9891,2002543653,POLYGON J2000 75.09148390 -69.80347620 75.01450590 -69.75338460 74.94422920 -69.76848740 75.02109530 -69.81860980 75.09148390 -69.80347620 POLYGON J2000 75.01779350 -69.81884210 74.94375490 -69.76895810 74.87604640 -69.78370970 74.94997650 -69.83362210 75.01779350 -69.81884210,http://hla.stsci.edu/cgi-bin/fitscut.cgi?red=HST_9891_52_ACS_WFC_F814W&size=ALL&format=jpeg&output_size=256,2001331101,HLA,9199.19252466739
image,HST,ACS/WFC,f555w,OPTICAL,NGC1795,HST_9891_52_ACS_WFC_F555W,74.9822957656615,-69.7936831790615,Gilmore,3,52860.52002,52860.52351,300,,,53043.63414,9891,2002543654,POLYGON J2000 75.02106570 -69.81865020 75.09145870 -69.80351610 75.01447520 -69.75342240 74.94419410 -69.76852590 75.02106570 -69.81865020 POLYGON J2000 74.94371830 -69.76899690 74.87600600 -69.78374880 74.94994360 -69.83366310 75.01776440 -69.81888290 74.94371830 -69.76899690,http://hla.stsci.edu/cgi-bin/fitscut.cgi?red=HST_9891_52_ACS_WFC_F555W&size=ALL&format=jpeg&output_size=256,2001331102,HLA,9199.26062903211
image,HST,ACS/WFC,f555w,OPTICAL,NGC1978,HST_9891_69_ACS_WFC_F555W,82.2210177732222,-66.241388842693,Gilmore,3,52919.92677,52919.93027,300,,,53103.40801,9891,2002445050,POLYGON J2000 82.12644490 -66.25789140 82.19154420 -66.26676640 82.24769050 -66.21547330 82.18270370 -66.20662180 82.12644490 -66.25789140 POLYGON J2000 82.26099470 -66.27686300 82.31595580 -66.22463790 82.24885390 -66.21530380 82.19377410 -66.26750510 82.26099470 -66.27686300,http://hla.stsci.edu/cgi-bin/fitscut.cgi?red=HST_9891_69_ACS_WFC_F555W&size=ALL&format=jpeg&output_size=256,2001232498,HLA,9777.4231806518
image,HST,ACS/WFC,f814w,OPTICAL,NGC1978,HST_9891_69_ACS_WFC_F814W,82.2211115691442,-66.2413726169741,Gilmore,3,52919.9363,52919.93862,200,,,53103.40941,9891,2002445049,POLYGON J2000 82.26108530 -66.27684460 82.31604520 -66.22462220 82.24894670 -66.21528900 82.19386820 -66.26748760 82.26108530 -66.27684460 POLYGON J2000 82.18280070 -66.20660800 82.12654210 -66.25787440 82.19163880 -66.26674850 82.24778500 -66.21545860 82.18280070 -66.20660800,http://hla.stsci.edu/cgi-bin/fitscut.cgi?red=HST_9891_69_ACS_WFC_F814W&size=ALL&format=jpeg&output_size=256,2001232497,HLA,9777.49430951711
image,HST,ACS/WFC,f814w,OPTICAL,NGC1756,HST_9891_49_ACS_WFC_F814W,73.7432142535383,-69.2306303175602,Gilmore,3,52863.91591,52863.91731,120,,,53047.58593,9891,2002543547,POLYGON J2000 73.84713060 -69.24329510 73.78306370 -69.19133000 73.71158410 -69.20454840 73.77551880 -69.25654000 73.84713060 -69.24329510 POLYGON J2000 73.71102290 -69.20500520 73.64211710 -69.21794160 73.70322870 -69.26964590 73.77226210 -69.25668520 73.71102290 -69.20500520,http://hla.stsci.edu/cgi-bin/fitscut.cgi?red=HST_9891_49_ACS_WFC_F814W&size=ALL&format=jpeg&output_size=256,2001330995,HLA,10471.2173274887
image,HST,ACS/WFC,f555w,OPTICAL,NGC1756,HST_9891_49_ACS_WFC_F555W,73.7431743274577,-69.2306688675405,Gilmore,3,52863.90785,52863.90983,170,,,53047.58454,9891,2002543548,POLYGON J2000 73.84709750 -69.24333420 73.78302590 -69.19136690 73.71154190 -69.20458580 73.77548140 -69.25657950 73.84709750 -69.24333420 POLYGON J2000 73.64206970 -69.21797940 73.70318800 -69.26968590 73.77222510 -69.25672500 73.71097910 -69.20504300 73.64206970 -69.21797940,http://hla.stsci.edu/cgi-bin/fitscut.cgi?red=HST_9891_49_ACS_WFC_F555W&size=ALL&format=jpeg&output_size=256,2001330996,HLA,10471.2624472606
image,HST,ACS/WFC,f814w,OPTICAL,NGC1751,HST_9891_47_ACS_WFC_F814W,73.5880205698571,-69.8149712308937,Gilmore,3,52919.62546,52919.62779,200,,,53102.7923,9891,2002543562,POLYGON J2000 73.46997580 -69.82301090 73.53877020 -69.83725000 73.63436020 -69.79192540 73.56564910 -69.77772350 73.46997580 -69.82301090 POLYGON J2000 73.70664260 -69.80670880 73.63578990 -69.79185890 73.54085860 -69.83816280 73.61180030 -69.85305070 73.70664260 -69.80670880,http://hla.stsci.edu/cgi-bin/fitscut.cgi?red=HST_9891_47_ACS_WFC_F814W&size=ALL&format=jpeg&output_size=256,2001331010,HLA,10877.0721081135
image,HST,ACS/WFC,f555w,OPTICAL,NGC1751,HST_9891_47_ACS_WFC_F555W,73.5879037002598,-69.8149790571136,Gilmore,3,52919.61594,52919.61943,300,,,53102.7909,9891,2002543563,POLYGON J2000 73.56553010 -69.77772880 73.46985480 -69.82301920 73.53865140 -69.83725930 73.63424340 -69.79193170 73.56553010 -69.77772880 POLYGON J2000 73.61168560 -69.85306090 73.70653090 -69.80671640 73.63567490 -69.79186540 73.54074060 -69.83817190 73.61168560 -69.85306090,http://hla.stsci.edu/cgi-bin/fitscut.cgi?red=HST_9891_47_ACS_WFC_F555W&size=ALL&format=jpeg&output_size=256,2001331011,HLA,10877.2137007035
image,HST,ACS/WFC,f435w,OPTICAL,ESO056-SC023-COPY,HST_10595_51_ACS_WFC_F435W,73.5848426950095,-69.8152362045772,Goudfrooij,3,54025.99031,54026.00269,770,,,54391.13488,10595,2002543561,POLYGON J2000 73.64081185 -69.79439996 73.63891040 -69.79389590 73.63844654 -69.79407731 73.57564660 -69.77766580 73.57551264 -69.77771673 73.57360440 -69.77721730 73.46428740 -69.81866390 73.46619669 -69.81916448 73.52818970 -69.83539390 73.52832395 -69.83534308 73.53023640 -69.83584300 73.57249627 -69.81982621 73.52998130 -69.83637890 73.53188360 -69.83688416 73.59581400 -69.85383430 73.59595834 -69.85377809 73.59786410 -69.85428260 73.70674910 -69.81175780 73.64095570 -69.79434370 73.64081185 -69.79439996,http://hla.stsci.edu/cgi-bin/fitscut.cgi?red=HST_10595_51_ACS_WFC_F435W&size=ALL&format=jpeg&output_size=256,2001331009,HLA,10880.6591194146
image,HST,ACS/WFC,f555w,OPTICAL,ESO056-SC023-COPY,HST_10595_51_ACS_WFC_F555W,73.584161655318,-69.8150868033096,Goudfrooij,3,54026.00887,54026.00934,40,,,54391.13493,10595,2002543559,POLYGON J2000 73.63890970 -69.79389650 73.52998270 -69.83637840 73.59581480 -69.85383370 73.70469910 -69.81131130 73.63890970 -69.79389650 POLYGON J2000 73.63746600 -69.79390880 73.57360450 -69.77721840 73.46429310 -69.81866320 73.52819360 -69.83539310 73.63746600 -69.79390880,http://hla.stsci.edu/cgi-bin/fitscut.cgi?red=HST_10595_51_ACS_WFC_F555W&size=ALL&format=jpeg&output_size=256,2001331007,HLA,10882.8243049731
image,HST,ACS/WFC,f555w,OPTICAL,NGC1755,HST_9891_50_ACS_WFC_F555W,73.8468280885646,-68.1969802412905,Gilmore,3,52859.60742,52859.60801,50,,,53043.06684,9891,2002530987,POLYGON J2000 73.86988650 -68.15609940 73.80720160 -68.17270130 73.88704190 -68.22105490 73.94980110 -68.20442280 73.86988650 -68.15609940 POLYGON J2000 73.82359250 -68.23758400 73.88401750 -68.22135880 73.80683930 -68.17318180 73.74648680 -68.18937890 73.82359250 -68.23758400,http://hla.stsci.edu/cgi-bin/fitscut.cgi?red=HST_9891_50_ACS_WFC_F555W&size=ALL&format=jpeg&output_size=256,2001318435,HLA,10916.5581722517
image,HST,ACS/WFC,f814w,OPTICAL,NGC1755,HST_9891_50_ACS_WFC_F814W,73.8468515409434,-68.1969400662225,Gilmore,3,52859.6141,52859.61457,40,,,53043.0683,9891,2002530988,POLYGON J2000 73.80722780 -68.17266230 73.88706240 -68.22101380 73.94981760 -68.20438240 73.86990860 -68.15606100 73.80722780 -68.17266230 POLYGON J2000 73.74651780 -68.18933910 73.82361620 -68.23754230 73.88403760 -68.22131740 73.80686680 -68.17314230 73.74651780 -68.18933910,http://hla.stsci.edu/cgi-bin/fitscut.cgi?red=HST_9891_50_ACS_WFC_F814W&size=ALL&format=jpeg&output_size=256,2001318436,HLA,10916.5839816035
image,HST,ACS/WFC,F435W,OPTICAL,ESO056-SC023-COPY,J9ES51010,73.55,-69.80666666667,GOUDFROOIJ,3,54025.99295,54026.00269,680,STELLAR CLUSTER,,54391.13488,10595,2001926069,POLYGON 73.5734856 -69.77819851 73.46440832 -69.81899707 73.528141 -69.83622356 73.63718774 -69.79432838 73.5734856 -69.77819851 73.5734856 -69.77819851,http://archive.stsci.edu/hst/previews/J9ES/J9ES51010_256.jpg,2000976329,DADS,10952.8018808924
image,HST,ACS/WFC,F555W,OPTICAL,ESO056-SC023-COPY,J9ES51020,73.55,-69.80666666667,GOUDFROOIJ,3,54026.01093,54026.02066,680,STELLAR CLUSTER,,54391.15594,10595,2001926070,POLYGON 73.5734856 -69.77819851 73.46440832 -69.81899707 73.528141 -69.83622356 73.63718774 -69.79432838 73.5734856 -69.77819851 73.5734856 -69.77819851,http://archive.stsci.edu/hst/previews/J9ES/J9ES51020_256.jpg,2000976330,DADS,10952.8018808924
image,HST,ACS/WFC,F814W,OPTICAL,ESO056-SC023-COPY,J9ES51030,73.55,-69.80666666667,GOUDFROOIJ,3,54026.02843,54026.03816,680,STELLAR CLUSTER,,54391.18404,10595,2001926071,POLYGON 73.5734856 -69.77819851 73.46440832 -69.81899707 73.528141 -69.83622356 73.63718774 -69.79432838 73.5734856 -69.77819851 73.5734856 -69.77819851,http://archive.stsci.edu/hst/previews/J9ES/J9ES51030_256.jpg,2000976331,DADS,10952.8018808924
image,HST,ACS/WFC,F814W,OPTICAL,ESO056-SC023-COPY,J9ES51I6Q,73.55,-69.80666666667,GOUDFROOIJ,2,54026.02674,54026.02684,8,STELLAR CLUSTER,,54391.14183,10595,2001233649,POLYGON GSC1  73.46440832 -69.81899707  73.52814100 -69.83622356  73.63718774 -69.79432838  73.57348560 -69.77819851  73.46440832 -69.81899707,http://archive.stsci.edu/hst/previews/J9ES/J9ES51I6Q_256.jpg,2000248131,DADS,10952.8018808924
image,HST,ACS/WFC,F435W,OPTICAL,ESO056-SC023,J9ES01010,73.55,-69.80666666667,GOUDFROOIJ,3,53798.02256,53798.0265,0,STELLAR CLUSTER,,54163.43998,10595,2001926060,POLYGON 73.59074332 -69.77791981 73.51007675 -69.7794582 73.50780019 -69.83576387 73.58666742 -69.83342945 73.59074332 -69.77791981 73.59074332 -69.77791981,http://archive.stsci.edu/hst/previews/J9ES/J9ES01010_256.jpg,2000976320,DADS,10998.0936850188
image,HST,ACS/WFC,F555W,OPTICAL,ESO056-SC023,J9ES01020,73.55,-69.80666666667,GOUDFROOIJ,3,53798.04053,53798.04448,0,STELLAR CLUSTER,,54163.63788,10595,2001926061,POLYGON 73.59074332 -69.77791981 73.51007675 -69.7794582 73.50780019 -69.83576387 73.58666742 -69.83342945 73.59074332 -69.77791981 73.59074332 -69.77791981,http://archive.stsci.edu/hst/previews/J9ES/J9ES01020_256.jpg,2000976321,DADS,10998.0936850188
image,HST,ACS/WFC,F814W,OPTICAL,ESO056-SC023,J9ES01030,73.55,-69.80666666667,GOUDFROOIJ,3,53798.06392,53798.06787,0,STELLAR CLUSTER,,54163.64361,10595,2001926062,POLYGON 73.59074332 -69.77791981 73.51007675 -69.7794582 73.50780019 -69.83576387 73.58666742 -69.83342945 73.59074332 -69.77791981 73.59074332 -69.77791981,http://archive.stsci.edu/hst/previews/J9ES/J9ES01030_256.jpg,2000976322,DADS,10998.0936850188
image,HST,ACS/WFC,F435W,OPTICAL,ESO056-SC023,J9ES01RVQ,73.55,-69.80666666667,GOUDFROOIJ,2,53798.01992,53798.02097,90,STELLAR CLUSTER,,54163.41865,10595,2001233629,POLYGON GSC1  73.59074332 -69.77791981  73.51007675 -69.77945820  73.50780019 -69.83576387  73.58666742 -69.83342945  73.59074332 -69.77791981,http://archive.stsci.edu/hst/previews/J9ES/J9ES01RVQ_256.jpg,2000248111,DADS,10998.0936850188
image,HST,ACS/WFC,F555W,OPTICAL,ESO056-SC023,J9ES01S1Q,73.55,-69.80666666667,GOUDFROOIJ,2,53798.03847,53798.03895,40,STELLAR CLUSTER,,54163.42566,10595,2001229084,POLYGON GSC1  73.59074332 -69.77791981  73.51007675 -69.77945820  73.50780019 -69.83576387  73.58666742 -69.83342945  73.59074332 -69.77791981,http://archive.stsci.edu/hst/previews/J9ES/J9ES01S1Q_256.jpg,2000242732,DADS,10998.0936850188
image,HST,ACS/WFC,F814W,OPTICAL,ESO056-SC023,J9ES01S7Q,73.55,-69.80666666667,GOUDFROOIJ,2,53798.06223,53798.06234,8,STELLAR CLUSTER,,54163.64355,10595,2001228740,POLYGON GSC1  73.59074332 -69.77791981  73.51007675 -69.77945820  73.50780019 -69.83576387  73.58666742 -69.83342945  73.59074332 -69.77791981,http://archive.stsci.edu/hst/previews/J9ES/J9ES01S7Q_256.jpg,2000242388,DADS,10998.0936850188
image,HST,ACS/WFC,f555w,OPTICAL,NGC2154,HST_9891_78_ACS_WFC_F555W,89.4452673026244,-67.2648370243726,Gilmore,3,52920.57334,52920.57684,300,,,53104.35336,9891,2002433069,POLYGON J2000 89.49631720 -67.29843450 89.53916260 -67.24418160 89.46708440 -67.23772320 89.42408760 -67.29195690 89.49631720 -67.29843450 POLYGON J2000 89.35166960 -67.28522790 89.42157380 -67.29131600 89.46592240 -67.23794080 89.39616220 -67.23187200 89.35166960 -67.28522790,http://hla.stsci.edu/cgi-bin/fitscut.cgi?red=HST_9891_78_ACS_WFC_F555W&size=ALL&format=jpeg&output_size=256,2001220517,HLA,11635.5461059132
image,HST,ACS/WFC,f814w,OPTICAL,NGC2154,HST_9891_78_ACS_WFC_F814W,89.4453599488317,-67.2648169489152,Gilmore,3,52920.58287,52920.5852,200,,,53104.355,9891,2002433070,POLYGON J2000 89.35176500 -67.28520700 89.42166670 -67.29129440 89.46601640 -67.23792210 89.39625860 -67.23185400 89.35176500 -67.28520700 POLYGON J2000 89.53925130 -67.24416220 89.46717660 -67.23770450 89.42418010 -67.29193560 89.49640620 -67.29841260 89.53925130 -67.24416220,http://hla.stsci.edu/cgi-bin/fitscut.cgi?red=HST_9891_78_ACS_WFC_F814W&size=ALL&format=jpeg&output_size=256,2001220518,HLA,11635.697919928
image,HST,ACS/WFC,f814w,OPTICAL,NGC1783,HST_9891_51_ACS_WFC_F814W,74.8178977259556,-65.9942558889512,Gilmore,3,52919.86977,52919.87176,170,,,53103.0744,9891,2002580356,POLYGON J2000 74.91615720 -65.98218720 74.85290660 -65.96969580 74.78344850 -66.01887520 74.84678710 -66.03139500 74.91615720 -65.98218720 POLYGON J2000 74.78147330 -66.01803420 74.85171420 -65.96980840 74.79040600 -65.95789820 74.72008200 -66.00609610 74.78147330 -66.01803420,http://hla.stsci.edu/cgi-bin/fitscut.cgi?red=HST_9891_51_ACS_WFC_F814W&size=ALL&format=jpeg&output_size=256,2001367804,HLA,14473.8900961042
image,HST,ACS/WFC,f555w,OPTICAL,NGC1783,HST_9891_51_ACS_WFC_F555W,74.8178008299006,-65.9942674647833,Gilmore,3,52919.8608,52919.8637,250,,,53103.073,9891,2002580357,POLYGON J2000 74.84669280 -66.03140890 74.91606460 -65.98219840 74.85281090 -65.96970600 74.78335100 -66.01888800 74.84669280 -66.03140890 POLYGON J2000 74.85161690 -65.96981840 74.79030650 -65.95790730 74.71998180 -66.00610840 74.78137530 -66.01804740 74.85161690 -65.96981840,http://hla.stsci.edu/cgi-bin/fitscut.cgi?red=HST_9891_51_ACS_WFC_F555W&size=ALL&format=jpeg&output_size=256,2001367805,HLA,14473.9391078207
image,HST,ACS/WFC,f435w,OPTICAL,ESO085-SC029,HST_10595_07_ACS_WFC_F435W,74.768142481256,-65.9989436032199,Goudfrooij,3,53749.09715,53749.10953,770,,,54114.26142,10595,2002580359,POLYGON J2000 74.71688206 -65.98027118 74.71571920 -65.98094980 74.75647501 -65.99487707 74.71439480 -65.98088320 74.67368970 -66.00422750 74.67383277 -66.00427514 74.67265430 -66.00495020 74.78072520 -66.04085030 74.78190244 -66.04017443 74.82139050 -66.01747780 74.82124745 -66.01743042 74.82242260 -66.01675420 74.82196060 -66.01660117 74.82247423 -66.01630076 74.86012610 -65.99425560 74.85999655 -65.99421152 74.86115620 -65.99353180 74.75560340 -65.95752860 74.71675260 -65.98022690 74.71688206 -65.98027118,http://hla.stsci.edu/cgi-bin/fitscut.cgi?red=HST_10595_07_ACS_WFC_F435W&size=ALL&format=jpeg&output_size=256,2001367807,HLA,14509.2666761807
image,HST,ACS/WFC,f555w,OPTICAL,ESO085-SC029,HST_10595_07_ACS_WFC_F555W,74.768142193423,-65.9989440194285,Goudfrooij,3,53749.11571,53749.1275,720,,,54114.3052,10595,2002580360,POLYGON J2000 74.86115270 -65.99353200 74.75560530 -65.95753090 74.71675490 -65.98022840 74.71688431 -65.98027266 74.71572140 -65.98095130 74.75643724 -65.99486480 74.71439650 -65.98088390 74.67369180 -66.00422780 74.67383464 -66.00427537 74.67265620 -66.00495040 74.78072350 -66.04084960 74.78190071 -66.04017376 74.82138860 -66.01747760 74.82124541 -66.01743017 74.82242050 -66.01675400 74.82195750 -66.01660063 74.82247121 -66.01630019 74.86012270 -65.99425580 74.85999307 -65.99421169 74.86115270 -65.99353200,http://hla.stsci.edu/cgi-bin/fitscut.cgi?red=HST_10595_07_ACS_WFC_F555W&size=ALL&format=jpeg&output_size=256,2001367808,HLA,14509.2702032715
image,HST,ACS/WFC,f814w,OPTICAL,ESO085-SC029,HST_10595_07_ACS_WFC_F814W,74.7681409299396,-65.9989446190195,Goudfrooij,3,53749.14459,53749.15602,688,,,54114.31951,10595,2002580361,POLYGON J2000 74.86011560 -65.99425700 74.85998583 -65.99421284 74.86114550 -65.99353310 74.75573436 -65.95757690 74.75560510 -65.95753270 74.71675710 -65.98022960 74.71688648 -65.98027386 74.71572360 -65.98095250 74.75640348 -65.99485440 74.71454073 -65.98093241 74.71439800 -65.98088490 74.67369590 -66.00422780 74.67383866 -66.00427534 74.67266020 -66.00495040 74.78072200 -66.04084870 74.82138460 -66.01747760 74.82124137 -66.01743015 74.82175625 -66.01713388 74.82241640 -66.01675400 74.82195366 -66.01660072 74.86011560 -65.99425700,http://hla.stsci.edu/cgi-bin/fitscut.cgi?red=HST_10595_07_ACS_WFC_F814W&size=ALL&format=jpeg&output_size=256,2001367809,HLA,14509.2740966744
image,HST,ACS/WFC,f435w,OPTICAL,ESO057-SC075,HST_10595_08_ACS_WFC_F435W,93.3927254167606,-70.7059149426352,Goudfrooij,3,53691.42057,53691.43253,735,,,54056.72221,10595,2002582004,POLYGON J2000 93.32210420 -70.72153640 93.32227388 -70.72149630 93.32390950 -70.72212330 93.37724122 -70.70950515 93.32330920 -70.72262910 93.37944530 -70.74444970 93.37962875 -70.74440508 93.38125410 -70.74503590 93.51944490 -70.71131230 93.51781803 -70.71068274 93.46324960 -70.68953460 93.46306734 -70.68957918 93.46144370 -70.68894900 93.46085445 -70.68909313 93.46013022 -70.68881632 93.40707890 -70.66851070 93.40691037 -70.66855075 93.40527630 -70.66792440 93.26747380 -70.70056340 93.32210420 -70.72153640,http://hla.stsci.edu/cgi-bin/fitscut.cgi?red=HST_10595_08_ACS_WFC_F435W&size=ALL&format=jpeg&output_size=256,2001369452,HLA,15281.1740481129
image,HST,ACS/WFC,f555w,OPTICAL,ESO057-SC075,HST_10595_08_ACS_WFC_F555W,93.3927265380622,-70.705915140756,Goudfrooij,3,53691.43872,53691.45032,705,,,54056.75036,10595,2002582001,POLYGON J2000 93.37962972 -70.74440438 93.38125530 -70.74503530 93.51944290 -70.71131280 93.46324840 -70.68953520 93.46306579 -70.68957987 93.46235300 -70.68930318 93.46144230 -70.68894970 93.46085213 -70.68909406 93.40707840 -70.66851180 93.40690937 -70.66855197 93.40527580 -70.66792580 93.26765046 -70.70052324 93.26748120 -70.70056320 93.32210940 -70.72153590 93.32227880 -70.72149587 93.32391420 -70.72212280 93.37719802 -70.70951588 93.32349477 -70.72258413 93.32331180 -70.72262860 93.37944670 -70.74444890 93.37962972 -70.74440438,http://hla.stsci.edu/cgi-bin/fitscut.cgi?red=HST_10595_08_ACS_WFC_F555W&size=ALL&format=jpeg&output_size=256,2001369449,HLA,15281.1821872983
image,HST,ACS/WFC,f814w,OPTICAL,ESO057-SC075,HST_10595_08_ACS_WFC_F814W,93.3927278512723,-70.7059157477106,Goudfrooij,3,53691.4564,53691.46792,695,,,54056.76449,10595,2002582002,POLYGON J2000 93.46235329 -70.68930521 93.46144120 -70.68895120 93.46085112 -70.68909553 93.40707960 -70.66851490 93.40691066 -70.66855504 93.40527710 -70.66792890 93.26765529 -70.70052373 93.26748600 -70.70056370 93.32211340 -70.72153530 93.32228261 -70.72149532 93.32391820 -70.72212230 93.37713784 -70.70953122 93.32349766 -70.72258374 93.32331470 -70.72262820 93.37944780 -70.74444740 93.37963080 -70.74440289 93.38125640 -70.74503380 93.51943990 -70.71131320 93.46324730 -70.68953670 93.46306477 -70.68958135 93.46235329 -70.68930521,http://hla.stsci.edu/cgi-bin/fitscut.cgi?red=HST_10595_08_ACS_WFC_F814W&size=ALL&format=jpeg&output_size=256,2001369450,HLA,15281.1881798887
image,HST,ACS/WFC,F435W,OPTICAL,ESO057-SC075,J9ES08010,93.3625,-70.69527777778,GOUDFROOIJ,3,53691.42279,53691.43252,680,STELLAR CLUSTER,,54056.72221,10595,2001927103,POLYGON 93.40446532 -70.66913348 93.26731519 -70.70115599 93.32145769 -70.72260209 93.45933985 -70.68950539 93.40446532 -70.66913348 93.40446532 -70.66913348,http://archive.stsci.edu/hst/previews/J9ES/J9ES08010_256.jpg,2000977363,DADS,15281.665948937
image,HST,ACS/WFC,F555W,OPTICAL,ESO057-SC075,J9ES08020,93.3625,-70.69527777778,GOUDFROOIJ,3,53691.44059,53691.45032,680,STELLAR CLUSTER,,54056.75036,10595,2001929032,POLYGON 93.40446532 -70.66913348 93.26731519 -70.70115599 93.32145769 -70.72260209 93.45933985 -70.68950539 93.40446532 -70.66913348 93.40446532 -70.66913348,http://archive.stsci.edu/hst/previews/J9ES/J9ES08020_256.jpg,2000979292,DADS,15281.665948937
image,HST,ACS/WFC,F814W,OPTICAL,ESO057-SC075,J9ES08030,93.3625,-70.69527777778,GOUDFROOIJ,3,53691.45817,53691.46791,680,STELLAR CLUSTER,,54056.76449,10595,2001927104,POLYGON 93.40446532 -70.66913348 93.26731519 -70.70115599 93.32145769 -70.72260209 93.45933985 -70.68950539 93.40446532 -70.66913348 93.40446532 -70.66913348,http://archive.stsci.edu/hst/previews/J9ES/J9ES08030_256.jpg,2000977364,DADS,15281.665948937
image,HST,ACS/WFC,f814w,OPTICAL,NGC1652,HST_9891_45_ACS_WFC_F814W,69.6271011494352,-68.6799498009873,Gilmore,3,52919.57855,52919.58088,200,,,53102.72065,9891,2002591639,POLYGON J2000 69.73943550 -68.67125630 69.67176530 -68.65666420 69.58302430 -68.70331270 69.65077790 -68.71794030 69.73943550 -68.67125630 POLYGON J2000 69.60478560 -68.64278560 69.51531280 -68.68842260 69.58101540 -68.70240760 69.67041000 -68.65673590 69.60478560 -68.64278560,http://hla.stsci.edu/cgi-bin/fitscut.cgi?red=HST_9891_45_ACS_WFC_F814W&size=ALL&format=jpeg&output_size=256,2001379087,HLA,15935.542845587
image,HST,ACS/WFC,f555w,OPTICAL,NGC1652,HST_9891_45_ACS_WFC_F555W,69.6269906037758,-68.6799580519724,Gilmore,3,52919.56903,52919.57251,300,,,53102.7189,9891,2002591640,POLYGON J2000 69.58090330 -68.70241730 69.67029930 -68.65674270 69.60467310 -68.64279150 69.51519880 -68.68843130 69.58090330 -68.70241730 POLYGON J2000 69.73932940 -68.67126440 69.67165630 -68.65667130 69.58291290 -68.70332210 69.65066940 -68.71795080 69.73932940 -68.67126440,http://hla.stsci.edu/cgi-bin/fitscut.cgi?red=HST_9891_45_ACS_WFC_F555W&size=ALL&format=jpeg&output_size=256,2001379088,HLA,15935.6748717744
image,HST,ACS/WFC,f814w,OPTICAL,NGC1644,HST_9891_44_ACS_WFC_F814W,69.4477407845255,-66.2062198631513,Gilmore,3,52919.65193,52919.65391,170,,,53102.79579,9891,2002580264,POLYGON J2000 69.34701010 -66.21470640 69.40622910 -66.22868220 69.48676240 -66.18300230 69.42760580 -66.16905730 69.34701010 -66.21470640 POLYGON J2000 69.46909730 -66.24420820 69.54897450 -66.19752030 69.48798280 -66.18293050 69.40803900 -66.22958700 69.46909730 -66.24420820,http://hla.stsci.edu/cgi-bin/fitscut.cgi?red=HST_9891_44_ACS_WFC_F814W&size=ALL&format=jpeg&output_size=256,2001367712,HLA,19750.8315490156
image,HST,ACS/WFC,f555w,OPTICAL,NGC1644,HST_9891_44_ACS_WFC_F555W,69.4476411381348,-66.2062281640301,Gilmore,3,52919.63968,52919.64259,250,,,53102.79405,9891,2002580263,POLYGON J2000 69.40793850 -66.22959650 69.46899950 -66.24421870 69.54887890 -66.19752840 69.48788450 -66.18293760 69.40793850 -66.22959650 POLYGON J2000 69.48666260 -66.18300910 69.42750440 -66.16906310 69.34690740 -66.21471520 69.40612800 -66.22869190 69.48666260 -66.18300910,http://hla.stsci.edu/cgi-bin/fitscut.cgi?red=HST_9891_44_ACS_WFC_F555W&size=ALL&format=jpeg&output_size=256,2001367711,HLA,19750.9248861043
image,HST,ACS/WFC,f814w,OPTICAL,IC2146,HST_9891_73_ACS_WFC_F814W,84.4638356627943,-74.7701354818784,Gilmore,3,52827.88771,52827.88969,170,,,53012.04088,9891,2002518307,POLYGON J2000 84.59793930 -74.75355160 84.39845270 -74.73207190 84.36407430 -74.75922570 84.56386120 -74.78073550 84.59793930 -74.75355160 POLYGON J2000 84.36473930 -74.75969240 84.33215650 -74.78600230 84.52880140 -74.80798210 84.56109800 -74.78164400 84.36473930 -74.75969240,http://hla.stsci.edu/cgi-bin/fitscut.cgi?red=HST_9891_73_ACS_WFC_F814W&size=ALL&format=jpeg&output_size=256,2001305755,HLA,20847.6068215869
image,HST,ACS/WFC,f555w,OPTICAL,IC2146,HST_9891_73_ACS_WFC_F555W,84.4638990750626,-74.7701731587297,Gilmore,3,52827.87874,52827.88164,250,,,53012.03944,9891,2002518306,POLYGON J2000 84.39851280 -74.73210760 84.36413120 -74.75926300 84.56393080 -74.78077330 84.59801200 -74.75358770 84.39851280 -74.73210760 POLYGON J2000 84.33220950 -74.78604150 84.52886900 -74.80802130 84.56116890 -74.78168200 84.36479570 -74.75973040 84.33220950 -74.78604150,http://hla.stsci.edu/cgi-bin/fitscut.cgi?red=HST_9891_73_ACS_WFC_F555W&size=ALL&format=jpeg&output_size=256,2001305754,HLA,20847.7425320648
image,HST,ACS/WFC,f435w,OPTICAL,ESO121-SC003,HST_10595_06_ACS_WFC_F435W,90.4815981243141,-60.5273849110592,Goudfrooij,3,53797.93568,53797.95922,1170,,,54163.11752,10595,2002459314,POLYGON J2000 90.41153190 -60.50953690 90.41157251 -60.50960923 90.40998620 -60.50988410 90.44073290 -60.56455430 90.44226152 -60.56428948 90.44226220 -60.56429070 90.49717330 -60.55476350 90.49717262 -60.55476229 90.49713175 -60.55468997 90.49719200 -60.55467950 90.49706016 -60.55444620 90.49770198 -60.55433196 90.49770580 -60.55433910 90.49776388 -60.55432876 90.55061030 -60.54490920 90.55057073 -60.54483558 90.55062890 -60.54482520 90.52154510 -60.49062130 90.46872060 -60.50003970 90.46875614 -60.50010625 90.46717590 -60.50038760 90.47837116 -60.52133833 90.46640020 -60.50009458 90.46635950 -60.50002230 90.41153190 -60.50953690,http://hla.stsci.edu/cgi-bin/fitscut.cgi?red=HST_10595_06_ACS_WFC_F435W&size=ALL&format=jpeg&output_size=256,2001246762,HLA,32915.6429990167
image,HST,ACS/WFC,f606w,OPTICAL,ESO121-SC003,HST_10595_06_ACS_WFC_F606W,90.4814731847747,-60.5273931861054,Goudfrooij,3,53797.96558,53797.97726,710,,,54163.41157,10595,2002459312,POLYGON J2000 90.54907940 -60.54517320 90.54904368 -60.54510673 90.55062550 -60.54482440 90.52154420 -60.49062350 90.46872080 -60.50004170 90.46875639 -60.50010834 90.46717610 -60.50038970 90.47835674 -60.52131365 90.46635960 -60.50002320 90.41153290 -60.50953740 90.41157358 -60.50960985 90.40998730 -60.50988470 90.44073280 -60.56455330 90.44232143 -60.56427809 90.49564400 -60.55502710 90.49560314 -60.55495479 90.49719100 -60.55467890 90.49705879 -60.55444494 90.49775784 -60.55432051 90.54907940 -60.54517320,http://hla.stsci.edu/cgi-bin/fitscut.cgi?red=HST_10595_06_ACS_WFC_F606W&size=ALL&format=jpeg&output_size=256,2001246760,HLA,32915.646331575
image,HST,ACS/WFC,f814w,OPTICAL,ESO121-SC003,HST_10595_06_ACS_WFC_F814W,90.4812139305144,-60.5274513986395,Goudfrooij,3,53797.98352,53797.99517,708,,,54163.4399,10595,2002459313,POLYGON J2000 90.47834662 -60.52129818 90.46640040 -60.50009688 90.46635970 -60.50002460 90.41153600 -60.50953870 90.41157660 -60.50961101 90.40999020 -60.50988590 90.44073270 -60.56455200 90.49564100 -60.55502590 90.49560013 -60.55495356 90.49718780 -60.55467770 90.49705574 -60.55444399 90.49775435 -60.55431964 90.54907360 -60.54517250 90.54903786 -60.54510599 90.55061940 -60.54482370 90.52154100 -60.49062530 90.46872030 -60.50004320 90.46875584 -60.50010975 90.46717560 -60.50039110 90.47834662 -60.52129818,http://hla.stsci.edu/cgi-bin/fitscut.cgi?red=HST_10595_06_ACS_WFC_F814W&size=ALL&format=jpeg&output_size=256,2001246761,HLA,32915.650681553
image,HST,ACS/WFC,F435W,OPTICAL,ESO121-SC003,J9ES06010,90.5097825,-60.52178333333,GOUDFROOIJ,3,53797.93567,53797.94272,450,STELLAR CLUSTER,,54163.09639,10595,2001926065,POLYGON 90.52132607 -60.49028475 90.46772087 -60.49938348 90.49751015 -60.55375371 90.54939476 -60.54406637 90.52132607 -60.49028475 90.52132607 -60.49028475,http://archive.stsci.edu/hst/previews/J9ES/J9ES06010_256.jpg,2000976325,DADS,32985.7512314481
image,HST,ACS/WFC,F435W,OPTICAL,ESO121-SC003,J9ES06020,90.5097825,-60.52178333333,GOUDFROOIJ,3,53797.94902,53797.95921,720,STELLAR CLUSTER,,54163.11752,10595,2001929030,POLYGON 90.52132607 -60.49028475 90.46772087 -60.49938348 90.49751015 -60.55375371 90.54939476 -60.54406637 90.52132607 -60.49028475 90.52132607 -60.49028475,http://archive.stsci.edu/hst/previews/J9ES/J9ES06020_256.jpg,2000979290,DADS,32985.7512314481
image,HST,ACS/WFC,F606W,OPTICAL,ESO121-SC003,J9ES06030,90.5097825,-60.52178333333,GOUDFROOIJ,3,53797.96728,53797.97725,700,STELLAR CLUSTER,,54163.41157,10595,2001927102,POLYGON 90.52132607 -60.49028475 90.46772087 -60.49938348 90.49751015 -60.55375371 90.54939476 -60.54406637 90.52132607 -60.49028475 90.52132607 -60.49028475,http://archive.stsci.edu/hst/previews/J9ES/J9ES06030_256.jpg,2000977362,DADS,32985.7512314481
image,HST,ACS/WFC,F814W,OPTICAL,ESO121-SC003,J9ES06040,90.5097825,-60.52178333333,GOUDFROOIJ,3,53797.9852,53797.99516,700,STELLAR CLUSTER,,54163.4399,10595,2001929031,POLYGON 90.52132607 -60.49028475 90.46772087 -60.49938348 90.49751015 -60.55375371 90.54939476 -60.54406637 90.52132607 -60.49028475 90.52132607 -60.49028475,http://archive.stsci.edu/hst/previews/J9ES/J9ES06040_256.jpg,2000979291,DADS,32985.7512314481
image,HST,ACS/WFC,f555w,OPTICAL,ESO121-SC03,HST_9891_79_ACS_WFC_F555W,90.5340262366458,-60.5258934868454,Gilmore,3,52919.96321,52919.96704,330,,,53103.41115,9891,2002459309,POLYGON J2000 90.46175420 -60.54732720 90.51698690 -60.55262560 90.54867140 -60.49877670 90.49352530 -60.49349140 90.46175420 -60.54732720 POLYGON J2000 90.57606880 -60.55890830 90.60655120 -60.50420360 90.54957010 -60.49854640 90.51899670 -60.55323800 90.57606880 -60.55890830,http://hla.stsci.edu/cgi-bin/fitscut.cgi?red=HST_9891_79_ACS_WFC_F555W&size=ALL&format=jpeg&output_size=256,2001246757,HLA,32986.4400873708
image,HST,ACS/WFC,f814w,OPTICAL,ESO121-SC03,HST_9891_79_ACS_WFC_F814W,90.5340977596777,-60.5258723865627,Gilmore,3,52919.97534,52919.97766,200,,,53103.48179,9891,2002459310,POLYGON J2000 90.57613750 -60.55888540 90.60661990 -60.50418310 90.54964130 -60.49852650 90.51906800 -60.55321580 90.57613750 -60.55888540 POLYGON J2000 90.51705850 -60.55260300 90.54874400 -60.49875690 90.49359970 -60.49347230 90.46182770 -60.54730530 90.51705850 -60.55260300,http://hla.stsci.edu/cgi-bin/fitscut.cgi?red=HST_9891_79_ACS_WFC_F814W&size=ALL&format=jpeg&output_size=256,2001246758,HLA,32986.5576410518
