#@int,string,string,string,string,ra,dec,string,string,string,string,string,string,string,string,string,string,string,float,float,float,string
idx,instrument_x,detector,propid,target,s_ra,s_dec,filter1,filter2,pr_inv,exptime,date-obs,rootname,filename,obs_id,instrument_y,filters,wavelength_region,t_min,t_max,t_exptime,s_region
0,ACS,WFC,10396,SMC-FIELD-NE,10.45,-71.0625,CLEAR1L,F814W,Gallagher,10,2005-11-29,j96114f5q,ACS/10396_SMC-FIELD-NE/j96114f5q_flc.fits,J96114010,ACS/WFC,F814W,OPTICAL,53703.12443,53703.13034,20.0,POLYGON 10.55596404 -71.06756598 10.45354063 -71.02310853 10.32032253 -71.06103644 10.42873662 -71.10572606 10.55596404 -71.06756598 10.55596404 -71.06756598
1,ACS,WFC,10396,SMC-FIELD-NE,10.45,-71.0625,CLEAR1L,F814W,Gallagher,10,2005-11-29,j96114f5q,ACS/10396_SMC-FIELD-NE/j96114f5q_flc.fits,J96114020,ACS/WFC,F814W,OPTICAL,53703.1322,53703.17701,1896.0,POLYGON 10.55596404 -71.06756598 10.45354063 -71.02310853 10.32032253 -71.06103644 10.42873662 -71.10572606 10.55596404 -71.06756598 10.55596404 -71.06756598
2,ACS,WFC,10396,SMC-FIELD-NE,10.45,-71.0625,CLEAR1L,F814W,Gallagher,10,2005-11-29,j96114f5q,ACS/10396_SMC-FIELD-NE/j96114f5q_flc.fits,J96114030,ACS/WFC,F555W,OPTICAL,53703.1831,53703.20382,40.0,POLYGON 10.55596404 -71.06756598 10.45354063 -71.02310853 10.32032253 -71.06103644 10.42873662 -71.10572606 10.55596404 -71.06756598 10.55596404 -71.06756598
3,ACS,WFC,10396,SMC-FIELD-NE,10.45,-71.0625,CLEAR1L,F814W,Gallagher,10,2005-11-29,j96114f5q,ACS/10396_SMC-FIELD-NE/j96114f5q_flc.fits,J96114040,ACS/WFC,F555W,OPTICAL,53703.20568,53703.25152,1984.0,POLYGON 10.55596404 -71.06756598 10.45354063 -71.02310853 10.32032253 -71.06103644 10.42873662 -71.10572606 10.55596404 -71.06756598 10.55596404 -71.06756598
4,ACS,WFC,10396,SMC-FIELD-NE,10.45,-71.0625,CLEAR1L,F814W,Gallagher,10,2005-11-29,j96114f7q,ACS/10396_SMC-FIELD-NE/j96114f7q_flc.fits,J96114010,ACS/WFC,F814W,OPTICAL,53703.12443,53703.13034,20.0,POLYGON 10.55596404 -71.06756598 10.45354063 -71.02310853 10.32032253 -71.06103644 10.42873662 -71.10572606 10.55596404 -71.06756598 10.55596404 -71.06756598
5,ACS,WFC,10396,SMC-FIELD-NE,10.45,-71.0625,CLEAR1L,F814W,Gallagher,10,2005-11-29,j96114f7q,ACS/10396_SMC-FIELD-NE/j96114f7q_flc.fits,J96114020,ACS/WFC,F814W,OPTICAL,53703.1322,53703.17701,1896.0,POLYGON 10.55596404 -71.06756598 10.45354063 -71.02310853 10.32032253 -71.06103644 10.42873662 -71.10572606 10.55596404 -71.06756598 10.55596404 -71.06756598
6,ACS,WFC,10396,SMC-FIELD-NE,10.45,-71.0625,CLEAR1L,F814W,Gallagher,10,2005-11-29,j96114f7q,ACS/10396_SMC-FIELD-NE/j96114f7q_flc.fits,J96114030,ACS/WFC,F555W,OPTICAL,53703.1831,53703.20382,40.0,POLYGON 10.55596404 -71.06756598 10.45354063 -71.02310853 10.32032253 -71.06103644 10.42873662 -71.10572606 10.55596404 -71.06756598 10.55596404 -71.06756598
7,ACS,WFC,10396,SMC-FIELD-NE,10.45,-71.0625,CLEAR1L,F814W,Gallagher,10,2005-11-29,j96114f7q,ACS/10396_SMC-FIELD-NE/j96114f7q_flc.fits,J96114040,ACS/WFC,F555W,OPTICAL,53703.20568,53703.25152,1984.0,POLYGON 10.55596404 -71.06756598 10.45354063 -71.02310853 10.32032253 -71.06103644 10.42873662 -71.10572606 10.55596404 -71.06756598 10.55596404 -71.06756598
8,ACS,WFC,10396,SMC-FIELD-NE,10.45,-71.0625,CLEAR1L,F814W,Gallagher,474,2005-11-29,j96114f8q,ACS/10396_SMC-FIELD-NE/j96114f8q_flc.fits,J96114010,ACS/WFC,F814W,OPTICAL,53703.12443,53703.13034,20.0,POLYGON 10.55596404 -71.06756598 10.45354063 -71.02310853 10.32032253 -71.06103644 10.42873662 -71.10572606 10.55596404 -71.06756598 10.55596404 -71.06756598
9,ACS,WFC,10396,SMC-FIELD-NE,10.45,-71.0625,CLEAR1L,F814W,Gallagher,474,2005-11-29,j96114f8q,ACS/10396_SMC-FIELD-NE/j96114f8q_flc.fits,J96114020,ACS/WFC,F814W,OPTICAL,53703.1322,53703.17701,1896.0,POLYGON 10.55596404 -71.06756598 10.45354063 -71.02310853 10.32032253 -71.06103644 10.42873662 -71.10572606 10.55596404 -71.06756598 10.55596404 -71.06756598
10,ACS,WFC,10396,SMC-FIELD-NE,10.45,-71.0625,CLEAR1L,F814W,Gallagher,474,2005-11-29,j96114f8q,ACS/10396_SMC-FIELD-NE/j96114f8q_flc.fits,J96114030,ACS/WFC,F555W,OPTICAL,53703.1831,53703.20382,40.0,POLYGON 10.55596404 -71.06756598 10.45354063 -71.02310853 10.32032253 -71.06103644 10.42873662 -71.10572606 10.55596404 -71.06756598 10.55596404 -71.06756598
11,ACS,WFC,10396,SMC-FIELD-NE,10.45,-71.0625,CLEAR1L,F814W,Gallagher,474,2005-11-29,j96114f8q,ACS/10396_SMC-FIELD-NE/j96114f8q_flc.fits,J96114040,ACS/WFC,F555W,OPTICAL,53703.20568,53703.25152,1984.0,POLYGON 10.55596404 -71.06756598 10.45354063 -71.02310853 10.32032253 -71.06103644 10.42873662 -71.10572606 10.55596404 -71.06756598 10.55596404 -71.06756598
12,ACS,WFC,10396,SMC-FIELD-NE,10.45,-71.0625,CLEAR1L,F814W,Gallagher,474,2005-11-29,j96114faq,ACS/10396_SMC-FIELD-NE/j96114faq_flc.fits,J96114010,ACS/WFC,F814W,OPTICAL,53703.12443,53703.13034,20.0,POLYGON 10.55596404 -71.06756598 10.45354063 -71.02310853 10.32032253 -71.06103644 10.42873662 -71.10572606 10.55596404 -71.06756598 10.55596404 -71.06756598
13,ACS,WFC,10396,SMC-FIELD-NE,10.45,-71.0625,CLEAR1L,F814W,Gallagher,474,2005-11-29,j96114faq,ACS/10396_SMC-FIELD-NE/j96114faq_flc.fits,J96114020,ACS/WFC,F814W,OPTICAL,53703.1322,53703.17701,1896.0,POLYGON 10.55596404 -71.06756598 10.45354063 -71.02310853 10.32032253 -71.06103644 10.42873662 -71.10572606 10.55596404 -71.06756598 10.55596404 -71.06756598
14,ACS,WFC,10396,SMC-FIELD-NE,10.45,-71.0625,CLEAR1L,F814W,Gallagher,474,2005-11-29,j96114faq,ACS/10396_SMC-FIELD-NE/j96114faq_flc.fits,J96114030,ACS/WFC,F555W,OPTICAL,53703.1831,53703.20382,40.0,POLYGON 10.55596404 -71.06756598 10.45354063 -71.02310853 10.32032253 -71.06103644 10.42873662 -71.10572606 10.55596404 -71.06756598 10.55596404 -71.06756598
15,ACS,WFC,10396,SMC-FIELD-NE,10.45,-71.0625,CLEAR1L,F814W,Gallagher,474,2005-11-29,j96114faq,ACS/10396_SMC-FIELD-NE/j96114faq_flc.fits,J96114040,ACS/WFC,F555W,OPTICAL,53703.20568,53703.25152,1984.0,POLYGON 10.55596404 -71.06756598 10.45354063 -71.02310853 10.32032253 -71.06103644 10.42873662 -71.10572606 10.55596404 -71.06756598 10.55596404 -71.06756598
16,ACS,WFC,10396,SMC-FIELD-NE,10.45,-71.0625,CLEAR1L,F814W,Gallagher,474,2005-11-29,j96114fcq,ACS/10396_SMC-FIELD-NE/j96114fcq_flc.fits,J96114010,ACS/WFC,F814W,OPTICAL,53703.12443,53703.13034,20.0,POLYGON 10.55596404 -71.06756598 10.45354063 -71.02310853 10.32032253 -71.06103644 10.42873662 -71.10572606 10.55596404 -71.06756598 10.55596404 -71.06756598
17,ACS,WFC,10396,SMC-FIELD-NE,10.45,-71.0625,CLEAR1L,F814W,Gallagher,474,2005-11-29,j96114fcq,ACS/10396_SMC-FIELD-NE/j96114fcq_flc.fits,J96114020,ACS/WFC,F814W,OPTICAL,53703.1322,53703.17701,1896.0,POLYGON 10.55596404 -71.06756598 10.45354063 -71.02310853 10.32032253 -71.06103644 10.42873662 -71.10572606 10.55596404 -71.06756598 10.55596404 -71.06756598
18,ACS,WFC,10396,SMC-FIELD-NE,10.45,-71.0625,CLEAR1L,F814W,Gallagher,474,2005-11-29,j96114fcq,ACS/10396_SMC-FIELD-NE/j96114fcq_flc.fits,J96114030,ACS/WFC,F555W,OPTICAL,53703.1831,53703.20382,40.0,POLYGON 10.55596404 -71.06756598 10.45354063 -71.02310853 10.32032253 -71.06103644 10.42873662 -71.10572606 10.55596404 -71.06756598 10.55596404 -71.06756598
19,ACS,WFC,10396,SMC-FIELD-NE,10.45,-71.0625,CLEAR1L,F814W,Gallagher,474,2005-11-29,j96114fcq,ACS/10396_SMC-FIELD-NE/j96114fcq_flc.fits,J96114040,ACS/WFC,F555W,OPTICAL,53703.20568,53703.25152,1984.0,POLYGON 10.55596404 -71.06756598 10.45354063 -71.02310853 10.32032253 -71.06103644 10.42873662 -71.10572606 10.55596404 -71.06756598 10.55596404 -71.06756598
20,ACS,WFC,10396,SMC-FIELD-NE,10.45,-71.0625,CLEAR1L,F814W,Gallagher,474,2005-11-29,j96114feq,ACS/10396_SMC-FIELD-NE/j96114feq_flc.fits,J96114010,ACS/WFC,F814W,OPTICAL,53703.12443,53703.13034,20.0,POLYGON 10.55596404 -71.06756598 10.45354063 -71.02310853 10.32032253 -71.06103644 10.42873662 -71.10572606 10.55596404 -71.06756598 10.55596404 -71.06756598
21,ACS,WFC,10396,SMC-FIELD-NE,10.45,-71.0625,CLEAR1L,F814W,Gallagher,474,2005-11-29,j96114feq,ACS/10396_SMC-FIELD-NE/j96114feq_flc.fits,J96114020,ACS/WFC,F814W,OPTICAL,53703.1322,53703.17701,1896.0,POLYGON 10.55596404 -71.06756598 10.45354063 -71.02310853 10.32032253 -71.06103644 10.42873662 -71.10572606 10.55596404 -71.06756598 10.55596404 -71.06756598
22,ACS,WFC,10396,SMC-FIELD-NE,10.45,-71.0625,CLEAR1L,F814W,Gallagher,474,2005-11-29,j96114feq,ACS/10396_SMC-FIELD-NE/j96114feq_flc.fits,J96114030,ACS/WFC,F555W,OPTICAL,53703.1831,53703.20382,40.0,POLYGON 10.55596404 -71.06756598 10.45354063 -71.02310853 10.32032253 -71.06103644 10.42873662 -71.10572606 10.55596404 -71.06756598 10.55596404 -71.06756598
23,ACS,WFC,10396,SMC-FIELD-NE,10.45,-71.0625,CLEAR1L,F814W,Gallagher,474,2005-11-29,j96114feq,ACS/10396_SMC-FIELD-NE/j96114feq_flc.fits,J96114040,ACS/WFC,F555W,OPTICAL,53703.20568,53703.25152,1984.0,POLYGON 10.55596404 -71.06756598 10.45354063 -71.02310853 10.32032253 -71.06103644 10.42873662 -71.10572606 10.55596404 -71.06756598 10.55596404 -71.06756598
24,ACS,WFC,10396,SMC-FIELD-NE,10.45,-71.0625,F555W,CLEAR2L,Gallagher,20,2005-11-29,j96114fhq,ACS/10396_SMC-FIELD-NE/j96114fhq_flc.fits,J96114010,ACS/WFC,F814W,OPTICAL,53703.12443,53703.13034,20.0,POLYGON 10.55596404 -71.06756598 10.45354063 -71.02310853 10.32032253 -71.06103644 10.42873662 -71.10572606 10.55596404 -71.06756598 10.55596404 -71.06756598
25,ACS,WFC,10396,SMC-FIELD-NE,10.45,-71.0625,F555W,CLEAR2L,Gallagher,20,2005-11-29,j96114fhq,ACS/10396_SMC-FIELD-NE/j96114fhq_flc.fits,J96114020,ACS/WFC,F814W,OPTICAL,53703.1322,53703.17701,1896.0,POLYGON 10.55596404 -71.06756598 10.45354063 -71.02310853 10.32032253 -71.06103644 10.42873662 -71.10572606 10.55596404 -71.06756598 10.55596404 -71.06756598
26,ACS,WFC,10396,SMC-FIELD-NE,10.45,-71.0625,F555W,CLEAR2L,Gallagher,20,2005-11-29,j96114fhq,ACS/10396_SMC-FIELD-NE/j96114fhq_flc.fits,J96114030,ACS/WFC,F555W,OPTICAL,53703.1831,53703.20382,40.0,POLYGON 10.55596404 -71.06756598 10.45354063 -71.02310853 10.32032253 -71.06103644 10.42873662 -71.10572606 10.55596404 -71.06756598 10.55596404 -71.06756598
27,ACS,WFC,10396,SMC-FIELD-NE,10.45,-71.0625,F555W,CLEAR2L,Gallagher,20,2005-11-29,j96114fhq,ACS/10396_SMC-FIELD-NE/j96114fhq_flc.fits,J96114040,ACS/WFC,F555W,OPTICAL,53703.20568,53703.25152,1984.0,POLYGON 10.55596404 -71.06756598 10.45354063 -71.02310853 10.32032253 -71.06103644 10.42873662 -71.10572606 10.55596404 -71.06756598 10.55596404 -71.06756598
28,ACS,WFC,10396,SMC-FIELD-NE,10.45,-71.0625,F555W,CLEAR2L,Gallagher,20,2005-11-29,j96114fjq,ACS/10396_SMC-FIELD-NE/j96114fjq_flc.fits,J96114010,ACS/WFC,F814W,OPTICAL,53703.12443,53703.13034,20.0,POLYGON 10.55596404 -71.06756598 10.45354063 -71.02310853 10.32032253 -71.06103644 10.42873662 -71.10572606 10.55596404 -71.06756598 10.55596404 -71.06756598
29,ACS,WFC,10396,SMC-FIELD-NE,10.45,-71.0625,F555W,CLEAR2L,Gallagher,20,2005-11-29,j96114fjq,ACS/10396_SMC-FIELD-NE/j96114fjq_flc.fits,J96114020,ACS/WFC,F814W,OPTICAL,53703.1322,53703.17701,1896.0,POLYGON 10.55596404 -71.06756598 10.45354063 -71.02310853 10.32032253 -71.06103644 10.42873662 -71.10572606 10.55596404 -71.06756598 10.55596404 -71.06756598
30,ACS,WFC,10396,SMC-FIELD-NE,10.45,-71.0625,F555W,CLEAR2L,Gallagher,20,2005-11-29,j96114fjq,ACS/10396_SMC-FIELD-NE/j96114fjq_flc.fits,J96114030,ACS/WFC,F555W,OPTICAL,53703.1831,53703.20382,40.0,POLYGON 10.55596404 -71.06756598 10.45354063 -71.02310853 10.32032253 -71.06103644 10.42873662 -71.10572606 10.55596404 -71.06756598 10.55596404 -71.06756598
31,ACS,WFC,10396,SMC-FIELD-NE,10.45,-71.0625,F555W,CLEAR2L,Gallagher,20,2005-11-29,j96114fjq,ACS/10396_SMC-FIELD-NE/j96114fjq_flc.fits,J96114040,ACS/WFC,F555W,OPTICAL,53703.20568,53703.25152,1984.0,POLYGON 10.55596404 -71.06756598 10.45354063 -71.02310853 10.32032253 -71.06103644 10.42873662 -71.10572606 10.55596404 -71.06756598 10.55596404 -71.06756598
32,ACS,WFC,10396,SMC-FIELD-NE,10.45,-71.0625,F555W,CLEAR2L,Gallagher,496,2005-11-29,j96114fkq,ACS/10396_SMC-FIELD-NE/j96114fkq_flc.fits,J96114010,ACS/WFC,F814W,OPTICAL,53703.12443,53703.13034,20.0,POLYGON 10.55596404 -71.06756598 10.45354063 -71.02310853 10.32032253 -71.06103644 10.42873662 -71.10572606 10.55596404 -71.06756598 10.55596404 -71.06756598
33,ACS,WFC,10396,SMC-FIELD-NE,10.45,-71.0625,F555W,CLEAR2L,Gallagher,496,2005-11-29,j96114fkq,ACS/10396_SMC-FIELD-NE/j96114fkq_flc.fits,J96114020,ACS/WFC,F814W,OPTICAL,53703.1322,53703.17701,1896.0,POLYGON 10.55596404 -71.06756598 10.45354063 -71.02310853 10.32032253 -71.06103644 10.42873662 -71.10572606 10.55596404 -71.06756598 10.55596404 -71.06756598
34,ACS,WFC,10396,SMC-FIELD-NE,10.45,-71.0625,F555W,CLEAR2L,Gallagher,496,2005-11-29,j96114fkq,ACS/10396_SMC-FIELD-NE/j96114fkq_flc.fits,J96114030,ACS/WFC,F555W,OPTICAL,53703.1831,53703.20382,40.0,POLYGON 10.55596404 -71.06756598 10.45354063 -71.02310853 10.32032253 -71.06103644 10.42873662 -71.10572606 10.55596404 -71.06756598 10.55596404 -71.06756598
35,ACS,WFC,10396,SMC-FIELD-NE,10.45,-71.0625,F555W,CLEAR2L,Gallagher,496,2005-11-29,j96114fkq,ACS/10396_SMC-FIELD-NE/j96114fkq_flc.fits,J96114040,ACS/WFC,F555W,OPTICAL,53703.20568,53703.25152,1984.0,POLYGON 10.55596404 -71.06756598 10.45354063 -71.02310853 10.32032253 -71.06103644 10.42873662 -71.10572606 10.55596404 -71.06756598 10.55596404 -71.06756598
36,ACS,WFC,10396,SMC-FIELD-NE,10.45,-71.0625,F555W,CLEAR2L,Gallagher,496,2005-11-29,j96114fmq,ACS/10396_SMC-FIELD-NE/j96114fmq_flc.fits,J96114010,ACS/WFC,F814W,OPTICAL,53703.12443,53703.13034,20.0,POLYGON 10.55596404 -71.06756598 10.45354063 -71.02310853 10.32032253 -71.06103644 10.42873662 -71.10572606 10.55596404 -71.06756598 10.55596404 -71.06756598
37,ACS,WFC,10396,SMC-FIELD-NE,10.45,-71.0625,F555W,CLEAR2L,Gallagher,496,2005-11-29,j96114fmq,ACS/10396_SMC-FIELD-NE/j96114fmq_flc.fits,J96114020,ACS/WFC,F814W,OPTICAL,53703.1322,53703.17701,1896.0,POLYGON 10.55596404 -71.06756598 10.45354063 -71.02310853 10.32032253 -71.06103644 10.42873662 -71.10572606 10.55596404 -71.06756598 10.55596404 -71.06756598
38,ACS,WFC,10396,SMC-FIELD-NE,10.45,-71.0625,F555W,CLEAR2L,Gallagher,496,2005-11-29,j96114fmq,ACS/10396_SMC-FIELD-NE/j96114fmq_flc.fits,J96114030,ACS/WFC,F555W,OPTICAL,53703.1831,53703.20382,40.0,POLYGON 10.55596404 -71.06756598 10.45354063 -71.02310853 10.32032253 -71.06103644 10.42873662 -71.10572606 10.55596404 -71.06756598 10.55596404 -71.06756598
39,ACS,WFC,10396,SMC-FIELD-NE,10.45,-71.0625,F555W,CLEAR2L,Gallagher,496,2005-11-29,j96114fmq,ACS/10396_SMC-FIELD-NE/j96114fmq_flc.fits,J96114040,ACS/WFC,F555W,OPTICAL,53703.20568,53703.25152,1984.0,POLYGON 10.55596404 -71.06756598 10.45354063 -71.02310853 10.32032253 -71.06103644 10.42873662 -71.10572606 10.55596404 -71.06756598 10.55596404 -71.06756598
40,ACS,WFC,10396,SMC-FIELD-NE,10.45,-71.0625,F555W,CLEAR2L,Gallagher,496,2005-11-29,j96114foq,ACS/10396_SMC-FIELD-NE/j96114foq_flc.fits,J96114010,ACS/WFC,F814W,OPTICAL,53703.12443,53703.13034,20.0,POLYGON 10.55596404 -71.06756598 10.45354063 -71.02310853 10.32032253 -71.06103644 10.42873662 -71.10572606 10.55596404 -71.06756598 10.55596404 -71.06756598
41,ACS,WFC,10396,SMC-FIELD-NE,10.45,-71.0625,F555W,CLEAR2L,Gallagher,496,2005-11-29,j96114foq,ACS/10396_SMC-FIELD-NE/j96114foq_flc.fits,J96114020,ACS/WFC,F814W,OPTICAL,53703.1322,53703.17701,1896.0,POLYGON 10.55596404 -71.06756598 10.45354063 -71.02310853 10.32032253 -71.06103644 10.42873662 -71.10572606 10.55596404 -71.06756598 10.55596404 -71.06756598
42,ACS,WFC,10396,SMC-FIELD-NE,10.45,-71.0625,F555W,CLEAR2L,Gallagher,496,2005-11-29,j96114foq,ACS/10396_SMC-FIELD-NE/j96114foq_flc.fits,J96114030,ACS/WFC,F555W,OPTICAL,53703.1831,53703.20382,40.0,POLYGON 10.55596404 -71.06756598 10.45354063 -71.02310853 10.32032253 -71.06103644 10.42873662 -71.10572606 10.55596404 -71.06756598 10.55596404 -71.06756598
43,ACS,WFC,10396,SMC-FIELD-NE,10.45,-71.0625,F555W,CLEAR2L,Gallagher,496,2005-11-29,j96114foq,ACS/10396_SMC-FIELD-NE/j96114foq_flc.fits,J96114040,ACS/WFC,F555W,OPTICAL,53703.20568,53703.25152,1984.0,POLYGON 10.55596404 -71.06756598 10.45354063 -71.02310853 10.32032253 -71.06103644 10.42873662 -71.10572606 10.55596404 -71.06756598 10.55596404 -71.06756598
44,ACS,WFC,10396,SMC-FIELD-NE,10.45,-71.0625,F555W,CLEAR2L,Gallagher,496,2005-11-29,j96114fqq,ACS/10396_SMC-FIELD-NE/j96114fqq_flc.fits,J96114010,ACS/WFC,F814W,OPTICAL,53703.12443,53703.13034,20.0,POLYGON 10.55596404 -71.06756598 10.45354063 -71.02310853 10.32032253 -71.06103644 10.42873662 -71.10572606 10.55596404 -71.06756598 10.55596404 -71.06756598
45,ACS,WFC,10396,SMC-FIELD-NE,10.45,-71.0625,F555W,CLEAR2L,Gallagher,496,2005-11-29,j96114fqq,ACS/10396_SMC-FIELD-NE/j96114fqq_flc.fits,J96114020,ACS/WFC,F814W,OPTICAL,53703.1322,53703.17701,1896.0,POLYGON 10.55596404 -71.06756598 10.45354063 -71.02310853 10.32032253 -71.06103644 10.42873662 -71.10572606 10.55596404 -71.06756598 10.55596404 -71.06756598
46,ACS,WFC,10396,SMC-FIELD-NE,10.45,-71.0625,F555W,CLEAR2L,Gallagher,496,2005-11-29,j96114fqq,ACS/10396_SMC-FIELD-NE/j96114fqq_flc.fits,J96114030,ACS/WFC,F555W,OPTICAL,53703.1831,53703.20382,40.0,POLYGON 10.55596404 -71.06756598 10.45354063 -71.02310853 10.32032253 -71.06103644 10.42873662 -71.10572606 10.55596404 -71.06756598 10.55596404 -71.06756598
47,ACS,WFC,10396,SMC-FIELD-NE,10.45,-71.0625,F555W,CLEAR2L,Gallagher,496,2005-11-29,j96114fqq,ACS/10396_SMC-FIELD-NE/j96114fqq_flc.fits,J96114040,ACS/WFC,F555W,OPTICAL,53703.20568,53703.25152,1984.0,POLYGON 10.55596404 -71.06756598 10.45354063 -71.02310853 10.32032253 -71.06103644 10.42873662 -71.10572606 10.55596404 -71.06756598 10.55596404 -71.06756598
48,WFC3,UVIS,13282,LMC-FIELD-E,73.63125,-67.2162,F555W,...,Chu,350,2014-10-15,icco09aqq,WFC3/13282_LMC-FIELD-E/icco09aqq_flc.fits,ICCO09ANQ,WFC3/UVIS,F475W,OPTICAL,56945.68968,56945.68991,20.0,POLYGON ICRS  73.56436921 -67.19556601  73.68133004 -67.19198525  73.69707231 -67.23737073  73.58114805 -67.24040393  73.56436921 -67.19556601
49,WFC3,UVIS,13282,LMC-FIELD-E,73.63125,-67.2162,F555W,...,Chu,350,2014-10-15,icco09aqq,WFC3/13282_LMC-FIELD-E/icco09aqq_flc.fits,ICCO09B0Q,WFC3/UVIS,F555W,OPTICAL,56945.72696,56945.72719,20.0,POLYGON ICRS  73.56436921 -67.19556601  73.68133004 -67.19198525  73.69707231 -67.23737073  73.58114805 -67.24040393  73.56436921 -67.19556601
50,WFC3,UVIS,13282,LMC-FIELD-E,73.63125,-67.2162,F555W,...,Chu,350,2014-10-15,icco09aqq,WFC3/13282_LMC-FIELD-E/icco09aqq_flc.fits,ICCO09BDQ,WFC3/UVIS,F814W,OPTICAL,56945.78632,56945.78655,20.0,POLYGON ICRS  73.56436921 -67.19556601  73.68133004 -67.19198525  73.69707231 -67.23737073  73.58114805 -67.24040393  73.56436921 -67.19556601
51,WFC3,UVIS,13282,LMC-FIELD-E,73.63125,-67.2162,F555W,...,Chu,350,2014-10-15,icco09aqq,WFC3/13282_LMC-FIELD-E/icco09aqq_flc.fits,ICCO09010,WFC3/UVIS,F475W,OPTICAL,56945.69149,56945.71883,1050.0,POLYGON 73.68133004 -67.19198525 73.56436921 -67.19556601 73.58114805 -67.24040393 73.69707231 -67.23737073 73.68133004 -67.19198525 73.68133004 -67.19198525
52,WFC3,UVIS,13282,LMC-FIELD-E,73.63125,-67.2162,F555W,...,Chu,350,2014-10-15,icco09aqq,WFC3/13282_LMC-FIELD-E/icco09aqq_flc.fits,ICCO09020,WFC3/UVIS,F555W,OPTICAL,56945.69734,56945.72545,1117.0,POLYGON 73.68133038 -67.19198535 73.5643695 -67.19556587 73.58114773 -67.24040382 73.69707202 -67.23737086 73.68133038 -67.19198535 73.68133038 -67.19198535
53,WFC3,UVIS,13282,LMC-FIELD-E,73.63125,-67.2162,F555W,...,Chu,350,2014-10-15,icco09aqq,WFC3/13282_LMC-FIELD-E/icco09aqq_flc.fits,ICCO09030,WFC3/UVIS,F656N,OPTICAL,56945.74785,56945.77882,1350.0,POLYGON 73.68133038 -67.19198535 73.5643695 -67.19556587 73.58114773 -67.24040382 73.69707202 -67.23737086 73.68133038 -67.19198535 73.68133038 -67.19198535
54,WFC3,UVIS,13282,LMC-FIELD-E,73.63125,-67.2162,F555W,...,Chu,350,2014-10-15,icco09aqq,WFC3/13282_LMC-FIELD-E/icco09aqq_flc.fits,ICCO09040,WFC3/UVIS,F814W,OPTICAL,56945.75495,56945.78477,1050.0,POLYGON 73.68133004 -67.19198525 73.56436921 -67.19556601 73.58114805 -67.24040393 73.69707231 -67.23737073 73.68133004 -67.19198525 73.68133004 -67.19198525
55,WFC3,UVIS,13282,LMC-FIELD-E,73.63125,-67.2162,F555W,...,Chu,350,2014-10-15,icco09auq,WFC3/13282_LMC-FIELD-E/icco09auq_flc.fits,ICCO09ANQ,WFC3/UVIS,F475W,OPTICAL,56945.68968,56945.68991,20.0,POLYGON ICRS  73.56436921 -67.19556601  73.68133004 -67.19198525  73.69707231 -67.23737073  73.58114805 -67.24040393  73.56436921 -67.19556601
56,WFC3,UVIS,13282,LMC-FIELD-E,73.63125,-67.2162,F555W,...,Chu,350,2014-10-15,icco09auq,WFC3/13282_LMC-FIELD-E/icco09auq_flc.fits,ICCO09B0Q,WFC3/UVIS,F555W,OPTICAL,56945.72696,56945.72719,20.0,POLYGON ICRS  73.56436921 -67.19556601  73.68133004 -67.19198525  73.69707231 -67.23737073  73.58114805 -67.24040393  73.56436921 -67.19556601
57,WFC3,UVIS,13282,LMC-FIELD-E,73.63125,-67.2162,F555W,...,Chu,350,2014-10-15,icco09auq,WFC3/13282_LMC-FIELD-E/icco09auq_flc.fits,ICCO09BDQ,WFC3/UVIS,F814W,OPTICAL,56945.78632,56945.78655,20.0,POLYGON ICRS  73.56436921 -67.19556601  73.68133004 -67.19198525  73.69707231 -67.23737073  73.58114805 -67.24040393  73.56436921 -67.19556601
58,WFC3,UVIS,13282,LMC-FIELD-E,73.63125,-67.2162,F555W,...,Chu,350,2014-10-15,icco09auq,WFC3/13282_LMC-FIELD-E/icco09auq_flc.fits,ICCO09010,WFC3/UVIS,F475W,OPTICAL,56945.69149,56945.71883,1050.0,POLYGON 73.68133004 -67.19198525 73.56436921 -67.19556601 73.58114805 -67.24040393 73.69707231 -67.23737073 73.68133004 -67.19198525 73.68133004 -67.19198525
59,WFC3,UVIS,13282,LMC-FIELD-E,73.63125,-67.2162,F555W,...,Chu,350,2014-10-15,icco09auq,WFC3/13282_LMC-FIELD-E/icco09auq_flc.fits,ICCO09020,WFC3/UVIS,F555W,OPTICAL,56945.69734,56945.72545,1117.0,POLYGON 73.68133038 -67.19198535 73.5643695 -67.19556587 73.58114773 -67.24040382 73.69707202 -67.23737086 73.68133038 -67.19198535 73.68133038 -67.19198535
60,WFC3,UVIS,13282,LMC-FIELD-E,73.63125,-67.2162,F555W,...,Chu,350,2014-10-15,icco09auq,WFC3/13282_LMC-FIELD-E/icco09auq_flc.fits,ICCO09030,WFC3/UVIS,F656N,OPTICAL,56945.74785,56945.77882,1350.0,POLYGON 73.68133038 -67.19198535 73.5643695 -67.19556587 73.58114773 -67.24040382 73.69707202 -67.23737086 73.68133038 -67.19198535 73.68133038 -67.19198535
61,WFC3,UVIS,13282,LMC-FIELD-E,73.63125,-67.2162,F555W,...,Chu,350,2014-10-15,icco09auq,WFC3/13282_LMC-FIELD-E/icco09auq_flc.fits,ICCO09040,WFC3/UVIS,F814W,OPTICAL,56945.75495,56945.78477,1050.0,POLYGON 73.68133004 -67.19198525 73.56436921 -67.19556601 73.58114805 -67.24040393 73.69707231 -67.23737073 73.68133004 -67.19198525 73.68133004 -67.19198525
62,WFC3,UVIS,13282,LMC-FIELD-E,73.63125,-67.2162,F555W,...,Chu,417,2014-10-15,icco09ayq,WFC3/13282_LMC-FIELD-E/icco09ayq_flc.fits,ICCO09ANQ,WFC3/UVIS,F475W,OPTICAL,56945.68968,56945.68991,20.0,POLYGON ICRS  73.56436921 -67.19556601  73.68133004 -67.19198525  73.69707231 -67.23737073  73.58114805 -67.24040393  73.56436921 -67.19556601
63,WFC3,UVIS,13282,LMC-FIELD-E,73.63125,-67.2162,F555W,...,Chu,417,2014-10-15,icco09ayq,WFC3/13282_LMC-FIELD-E/icco09ayq_flc.fits,ICCO09B0Q,WFC3/UVIS,F555W,OPTICAL,56945.72696,56945.72719,20.0,POLYGON ICRS  73.56436921 -67.19556601  73.68133004 -67.19198525  73.69707231 -67.23737073  73.58114805 -67.24040393  73.56436921 -67.19556601
64,WFC3,UVIS,13282,LMC-FIELD-E,73.63125,-67.2162,F555W,...,Chu,417,2014-10-15,icco09ayq,WFC3/13282_LMC-FIELD-E/icco09ayq_flc.fits,ICCO09BDQ,WFC3/UVIS,F814W,OPTICAL,56945.78632,56945.78655,20.0,POLYGON ICRS  73.56436921 -67.19556601  73.68133004 -67.19198525  73.69707231 -67.23737073  73.58114805 -67.24040393  73.56436921 -67.19556601
65,WFC3,UVIS,13282,LMC-FIELD-E,73.63125,-67.2162,F555W,...,Chu,417,2014-10-15,icco09ayq,WFC3/13282_LMC-FIELD-E/icco09ayq_flc.fits,ICCO09010,WFC3/UVIS,F475W,OPTICAL,56945.69149,56945.71883,1050.0,POLYGON 73.68133004 -67.19198525 73.56436921 -67.19556601 73.58114805 -67.24040393 73.69707231 -67.23737073 73.68133004 -67.19198525 73.68133004 -67.19198525
66,WFC3,UVIS,13282,LMC-FIELD-E,73.63125,-67.2162,F555W,...,Chu,417,2014-10-15,icco09ayq,WFC3/13282_LMC-FIELD-E/icco09ayq_flc.fits,ICCO09020,WFC3/UVIS,F555W,OPTICAL,56945.69734,56945.72545,1117.0,POLYGON 73.68133038 -67.19198535 73.5643695 -67.19556587 73.58114773 -67.24040382 73.69707202 -67.23737086 73.68133038 -67.19198535 73.68133038 -67.19198535
67,WFC3,UVIS,13282,LMC-FIELD-E,73.63125,-67.2162,F555W,...,Chu,417,2014-10-15,icco09ayq,WFC3/13282_LMC-FIELD-E/icco09ayq_flc.fits,ICCO09030,WFC3/UVIS,F656N,OPTICAL,56945.74785,56945.77882,1350.0,POLYGON 73.68133038 -67.19198535 73.5643695 -67.19556587 73.58114773 -67.24040382 73.69707202 -67.23737086 73.68133038 -67.19198535 73.68133038 -67.19198535
68,WFC3,UVIS,13282,LMC-FIELD-E,73.63125,-67.2162,F555W,...,Chu,417,2014-10-15,icco09ayq,WFC3/13282_LMC-FIELD-E/icco09ayq_flc.fits,ICCO09040,WFC3/UVIS,F814W,OPTICAL,56945.75495,56945.78477,1050.0,POLYGON 73.68133004 -67.19198525 73.56436921 -67.19556601 73.58114805 -67.24040393 73.69707231 -67.23737073 73.68133004 -67.19198525 73.68133004 -67.19198525
69,WFC3,UVIS,13282,LMC-FIELD-E,73.63125,-67.2162,F555W,...,Chu,20,2014-10-15,icco09b0q,WFC3/13282_LMC-FIELD-E/icco09b0q_flc.fits,ICCO09ANQ,WFC3/UVIS,F475W,OPTICAL,56945.68968,56945.68991,20.0,POLYGON ICRS  73.56436921 -67.19556601  73.68133004 -67.19198525  73.69707231 -67.23737073  73.58114805 -67.24040393  73.56436921 -67.19556601
70,WFC3,UVIS,13282,LMC-FIELD-E,73.63125,-67.2162,F555W,...,Chu,20,2014-10-15,icco09b0q,WFC3/13282_LMC-FIELD-E/icco09b0q_flc.fits,ICCO09B0Q,WFC3/UVIS,F555W,OPTICAL,56945.72696,56945.72719,20.0,POLYGON ICRS  73.56436921 -67.19556601  73.68133004 -67.19198525  73.69707231 -67.23737073  73.58114805 -67.24040393  73.56436921 -67.19556601
71,WFC3,UVIS,13282,LMC-FIELD-E,73.63125,-67.2162,F555W,...,Chu,20,2014-10-15,icco09b0q,WFC3/13282_LMC-FIELD-E/icco09b0q_flc.fits,ICCO09BDQ,WFC3/UVIS,F814W,OPTICAL,56945.78632,56945.78655,20.0,POLYGON ICRS  73.56436921 -67.19556601  73.68133004 -67.19198525  73.69707231 -67.23737073  73.58114805 -67.24040393  73.56436921 -67.19556601
72,WFC3,UVIS,13282,LMC-FIELD-E,73.63125,-67.2162,F555W,...,Chu,20,2014-10-15,icco09b0q,WFC3/13282_LMC-FIELD-E/icco09b0q_flc.fits,ICCO09010,WFC3/UVIS,F475W,OPTICAL,56945.69149,56945.71883,1050.0,POLYGON 73.68133004 -67.19198525 73.56436921 -67.19556601 73.58114805 -67.24040393 73.69707231 -67.23737073 73.68133004 -67.19198525 73.68133004 -67.19198525
73,WFC3,UVIS,13282,LMC-FIELD-E,73.63125,-67.2162,F555W,...,Chu,20,2014-10-15,icco09b0q,WFC3/13282_LMC-FIELD-E/icco09b0q_flc.fits,ICCO09020,WFC3/UVIS,F555W,OPTICAL,56945.69734,56945.72545,1117.0,POLYGON 73.68133038 -67.19198535 73.5643695 -67.19556587 73.58114773 -67.24040382 73.69707202 -67.23737086 73.68133038 -67.19198535 73.68133038 -67.19198535
74,WFC3,UVIS,13282,LMC-FIELD-E,73.63125,-67.2162,F555W,...,Chu,20,2014-10-15,icco09b0q,WFC3/13282_LMC-FIELD-E/icco09b0q_flc.fits,ICCO09030,WFC3/UVIS,F656N,OPTICAL,56945.74785,56945.77882,1350.0,POLYGON 73.68133038 -67.19198535 73.5643695 -67.19556587 73.58114773 -67.24040382 73.69707202 -67.23737086 73.68133038 -67.19198535 73.68133038 -67.19198535
75,WFC3,UVIS,13282,LMC-FIELD-E,73.63125,-67.2162,F555W,...,Chu,20,2014-10-15,icco09b0q,WFC3/13282_LMC-FIELD-E/icco09b0q_flc.fits,ICCO09040,WFC3/UVIS,F814W,OPTICAL,56945.75495,56945.78477,1050.0,POLYGON 73.68133004 -67.19198525 73.56436921 -67.19556601 73.58114805 -67.24040393 73.69707231 -67.23737073 73.68133004 -67.19198525 73.68133004 -67.19198525
76,WFC3,UVIS,13282,LMC-FIELD-E,73.63125,-67.2162,F814W,...,Chu,350,2014-10-15,icco09b3q,WFC3/13282_LMC-FIELD-E/icco09b3q_flc.fits,ICCO09ANQ,WFC3/UVIS,F475W,OPTICAL,56945.68968,56945.68991,20.0,POLYGON ICRS  73.56436921 -67.19556601  73.68133004 -67.19198525  73.69707231 -67.23737073  73.58114805 -67.24040393  73.56436921 -67.19556601
77,WFC3,UVIS,13282,LMC-FIELD-E,73.63125,-67.2162,F814W,...,Chu,350,2014-10-15,icco09b3q,WFC3/13282_LMC-FIELD-E/icco09b3q_flc.fits,ICCO09B0Q,WFC3/UVIS,F555W,OPTICAL,56945.72696,56945.72719,20.0,POLYGON ICRS  73.56436921 -67.19556601  73.68133004 -67.19198525  73.69707231 -67.23737073  73.58114805 -67.24040393  73.56436921 -67.19556601
78,WFC3,UVIS,13282,LMC-FIELD-E,73.63125,-67.2162,F814W,...,Chu,350,2014-10-15,icco09b3q,WFC3/13282_LMC-FIELD-E/icco09b3q_flc.fits,ICCO09BDQ,WFC3/UVIS,F814W,OPTICAL,56945.78632,56945.78655,20.0,POLYGON ICRS  73.56436921 -67.19556601  73.68133004 -67.19198525  73.69707231 -67.23737073  73.58114805 -67.24040393  73.56436921 -67.19556601
79,WFC3,UVIS,13282,LMC-FIELD-E,73.63125,-67.2162,F814W,...,Chu,350,2014-10-15,icco09b3q,WFC3/13282_LMC-FIELD-E/icco09b3q_flc.fits,ICCO09010,WFC3/UVIS,F475W,OPTICAL,56945.69149,56945.71883,1050.0,POLYGON 73.68133004 -67.19198525 73.56436921 -67.19556601 73.58114805 -67.24040393 73.69707231 -67.23737073 73.68133004 -67.19198525 73.68133004 -67.19198525
80,WFC3,UVIS,13282,LMC-FIELD-E,73.63125,-67.2162,F814W,...,Chu,350,2014-10-15,icco09b3q,WFC3/13282_LMC-FIELD-E/icco09b3q_flc.fits,ICCO09020,WFC3/UVIS,F555W,OPTICAL,56945.69734,56945.72545,1117.0,POLYGON 73.68133038 -67.19198535 73.5643695 -67.19556587 73.58114773 -67.24040382 73.69707202 -67.23737086 73.68133038 -67.19198535 73.68133038 -67.19198535
81,WFC3,UVIS,13282,LMC-FIELD-E,73.63125,-67.2162,F814W,...,Chu,350,2014-10-15,icco09b3q,WFC3/13282_LMC-FIELD-E/icco09b3q_flc.fits,ICCO09030,WFC3/UVIS,F656N,OPTICAL,56945.74785,56945.77882,1350.0,POLYGON 73.68133038 -67.19198535 73.5643695 -67.19556587 73.58114773 -67.24040382 73.69707202 -67.23737086 73.68133038 -67.19198535 73.68133038 -67.19198535
82,WFC3,UVIS,13282,LMC-FIELD-E,73.63125,-67.2162,F814W,...,Chu,350,2014-10-15,icco09b3q,WFC3/13282_LMC-FIELD-E/icco09b3q_flc.fits,ICCO09040,WFC3/UVIS,F814W,OPTICAL,56945.75495,56945.78477,1050.0,POLYGON 73.68133004 -67.19198525 73.56436921 -67.19556601 73.58114805 -67.24040393 73.69707231 -67.23737073 73.68133004 -67.19198525 73.68133004 -67.19198525
83,WFC3,UVIS,13282,LMC-FIELD-E,73.63125,-67.2162,F814W,...,Chu,350,2014-10-15,icco09b7q,WFC3/13282_LMC-FIELD-E/icco09b7q_flc.fits,ICCO09ANQ,WFC3/UVIS,F475W,OPTICAL,56945.68968,56945.68991,20.0,POLYGON ICRS  73.56436921 -67.19556601  73.68133004 -67.19198525  73.69707231 -67.23737073  73.58114805 -67.24040393  73.56436921 -67.19556601
84,WFC3,UVIS,13282,LMC-FIELD-E,73.63125,-67.2162,F814W,...,Chu,350,2014-10-15,icco09b7q,WFC3/13282_LMC-FIELD-E/icco09b7q_flc.fits,ICCO09B0Q,WFC3/UVIS,F555W,OPTICAL,56945.72696,56945.72719,20.0,POLYGON ICRS  73.56436921 -67.19556601  73.68133004 -67.19198525  73.69707231 -67.23737073  73.58114805 -67.24040393  73.56436921 -67.19556601
85,WFC3,UVIS,13282,LMC-FIELD-E,73.63125,-67.2162,F814W,...,Chu,350,2014-10-15,icco09b7q,WFC3/13282_LMC-FIELD-E/icco09b7q_flc.fits,ICCO09BDQ,WFC3/UVIS,F814W,OPTICAL,56945.78632,56945.78655,20.0,POLYGON ICRS  73.56436921 -67.19556601  73.68133004 -67.19198525  73.69707231 -67.23737073  73.58114805 -67.24040393  73.56436921 -67.19556601
86,WFC3,UVIS,13282,LMC-FIELD-E,73.63125,-67.2162,F814W,...,Chu,350,2014-10-15,icco09b7q,WFC3/13282_LMC-FIELD-E/icco09b7q_flc.fits,ICCO09010,WFC3/UVIS,F475W,OPTICAL,56945.69149,56945.71883,1050.0,POLYGON 73.68133004 -67.19198525 73.56436921 -67.19556601 73.58114805 -67.24040393 73.69707231 -67.23737073 73.68133004 -67.19198525 73.68133004 -67.19198525
87,WFC3,UVIS,13282,LMC-FIELD-E,73.63125,-67.2162,F814W,...,Chu,350,2014-10-15,icco09b7q,WFC3/13282_LMC-FIELD-E/icco09b7q_flc.fits,ICCO09020,WFC3/UVIS,F555W,OPTICAL,56945.69734,56945.72545,1117.0,POLYGON 73.68133038 -67.19198535 73.5643695 -67.19556587 73.58114773 -67.24040382 73.69707202 -67.23737086 73.68133038 -67.19198535 73.68133038 -67.19198535
88,WFC3,UVIS,13282,LMC-FIELD-E,73.63125,-67.2162,F814W,...,Chu,350,2014-10-15,icco09b7q,WFC3/13282_LMC-FIELD-E/icco09b7q_flc.fits,ICCO09030,WFC3/UVIS,F656N,OPTICAL,56945.74785,56945.77882,1350.0,POLYGON 73.68133038 -67.19198535 73.5643695 -67.19556587 73.58114773 -67.24040382 73.69707202 -67.23737086 73.68133038 -67.19198535 73.68133038 -67.19198535
89,WFC3,UVIS,13282,LMC-FIELD-E,73.63125,-67.2162,F814W,...,Chu,350,2014-10-15,icco09b7q,WFC3/13282_LMC-FIELD-E/icco09b7q_flc.fits,ICCO09040,WFC3/UVIS,F814W,OPTICAL,56945.75495,56945.78477,1050.0,POLYGON 73.68133004 -67.19198525 73.56436921 -67.19556601 73.58114805 -67.24040393 73.69707231 -67.23737073 73.68133004 -67.19198525 73.68133004 -67.19198525
90,WFC3,UVIS,13282,LMC-FIELD-E,73.63125,-67.2162,F814W,...,Chu,350,2014-10-15,icco09bbq,WFC3/13282_LMC-FIELD-E/icco09bbq_flc.fits,ICCO09ANQ,WFC3/UVIS,F475W,OPTICAL,56945.68968,56945.68991,20.0,POLYGON ICRS  73.56436921 -67.19556601  73.68133004 -67.19198525  73.69707231 -67.23737073  73.58114805 -67.24040393  73.56436921 -67.19556601
91,WFC3,UVIS,13282,LMC-FIELD-E,73.63125,-67.2162,F814W,...,Chu,350,2014-10-15,icco09bbq,WFC3/13282_LMC-FIELD-E/icco09bbq_flc.fits,ICCO09B0Q,WFC3/UVIS,F555W,OPTICAL,56945.72696,56945.72719,20.0,POLYGON ICRS  73.56436921 -67.19556601  73.68133004 -67.19198525  73.69707231 -67.23737073  73.58114805 -67.24040393  73.56436921 -67.19556601
92,WFC3,UVIS,13282,LMC-FIELD-E,73.63125,-67.2162,F814W,...,Chu,350,2014-10-15,icco09bbq,WFC3/13282_LMC-FIELD-E/icco09bbq_flc.fits,ICCO09BDQ,WFC3/UVIS,F814W,OPTICAL,56945.78632,56945.78655,20.0,POLYGON ICRS  73.56436921 -67.19556601  73.68133004 -67.19198525  73.69707231 -67.23737073  73.58114805 -67.24040393  73.56436921 -67.19556601
93,WFC3,UVIS,13282,LMC-FIELD-E,73.63125,-67.2162,F814W,...,Chu,350,2014-10-15,icco09bbq,WFC3/13282_LMC-FIELD-E/icco09bbq_flc.fits,ICCO09010,WFC3/UVIS,F475W,OPTICAL,56945.69149,56945.71883,1050.0,POLYGON 73.68133004 -67.19198525 73.56436921 -67.19556601 73.58114805 -67.24040393 73.69707231 -67.23737073 73.68133004 -67.19198525 73.68133004 -67.19198525
94,WFC3,UVIS,13282,LMC-FIELD-E,73.63125,-67.2162,F814W,...,Chu,350,2014-10-15,icco09bbq,WFC3/13282_LMC-FIELD-E/icco09bbq_flc.fits,ICCO09020,WFC3/UVIS,F555W,OPTICAL,56945.69734,56945.72545,1117.0,POLYGON 73.68133038 -67.19198535 73.5643695 -67.19556587 73.58114773 -67.24040382 73.69707202 -67.23737086 73.68133038 -67.19198535 73.68133038 -67.19198535
95,WFC3,UVIS,13282,LMC-FIELD-E,73.63125,-67.2162,F814W,...,Chu,350,2014-10-15,icco09bbq,WFC3/13282_LMC-FIELD-E/icco09bbq_flc.fits,ICCO09030,WFC3/UVIS,F656N,OPTICAL,56945.74785,56945.77882,1350.0,POLYGON 73.68133038 -67.19198535 73.5643695 -67.19556587 73.58114773 -67.24040382 73.69707202 -67.23737086 73.68133038 -67.19198535 73.68133038 -67.19198535
96,WFC3,UVIS,13282,LMC-FIELD-E,73.63125,-67.2162,F814W,...,Chu,350,2014-10-15,icco09bbq,WFC3/13282_LMC-FIELD-E/icco09bbq_flc.fits,ICCO09040,WFC3/UVIS,F814W,OPTICAL,56945.75495,56945.78477,1050.0,POLYGON 73.68133004 -67.19198525 73.56436921 -67.19556601 73.58114805 -67.24040393 73.69707231 -67.23737073 73.68133004 -67.19198525 73.68133004 -67.19198525
97,WFC3,UVIS,13282,LMC-FIELD-E,73.63125,-67.2162,F814W,...,Chu,20,2014-10-15,icco09bdq,WFC3/13282_LMC-FIELD-E/icco09bdq_flc.fits,ICCO09ANQ,WFC3/UVIS,F475W,OPTICAL,56945.68968,56945.68991,20.0,POLYGON ICRS  73.56436921 -67.19556601  73.68133004 -67.19198525  73.69707231 -67.23737073  73.58114805 -67.24040393  73.56436921 -67.19556601
98,WFC3,UVIS,13282,LMC-FIELD-E,73.63125,-67.2162,F814W,...,Chu,20,2014-10-15,icco09bdq,WFC3/13282_LMC-FIELD-E/icco09bdq_flc.fits,ICCO09B0Q,WFC3/UVIS,F555W,OPTICAL,56945.72696,56945.72719,20.0,POLYGON ICRS  73.56436921 -67.19556601  73.68133004 -67.19198525  73.69707231 -67.23737073  73.58114805 -67.24040393  73.56436921 -67.19556601
99,WFC3,UVIS,13282,LMC-FIELD-E,73.63125,-67.2162,F814W,...,Chu,20,2014-10-15,icco09bdq,WFC3/13282_LMC-FIELD-E/icco09bdq_flc.fits,ICCO09BDQ,WFC3/UVIS,F814W,OPTICAL,56945.78632,56945.78655,20.0,POLYGON ICRS  73.56436921 -67.19556601  73.68133004 -67.19198525  73.69707231 -67.23737073  73.58114805 -67.24040393  73.56436921 -67.19556601
100,WFC3,UVIS,13282,LMC-FIELD-E,73.63125,-67.2162,F814W,...,Chu,20,2014-10-15,icco09bdq,WFC3/13282_LMC-FIELD-E/icco09bdq_flc.fits,ICCO09010,WFC3/UVIS,F475W,OPTICAL,56945.69149,56945.71883,1050.0,POLYGON 73.68133004 -67.19198525 73.56436921 -67.19556601 73.58114805 -67.24040393 73.69707231 -67.23737073 73.68133004 -67.19198525 73.68133004 -67.19198525
101,WFC3,UVIS,13282,LMC-FIELD-E,73.63125,-67.2162,F814W,...,Chu,20,2014-10-15,icco09bdq,WFC3/13282_LMC-FIELD-E/icco09bdq_flc.fits,ICCO09020,WFC3/UVIS,F555W,OPTICAL,56945.69734,56945.72545,1117.0,POLYGON 73.68133038 -67.19198535 73.5643695 -67.19556587 73.58114773 -67.24040382 73.69707202 -67.23737086 73.68133038 -67.19198535 73.68133038 -67.19198535
102,WFC3,UVIS,13282,LMC-FIELD-E,73.63125,-67.2162,F814W,...,Chu,20,2014-10-15,icco09bdq,WFC3/13282_LMC-FIELD-E/icco09bdq_flc.fits,ICCO09030,WFC3/UVIS,F656N,OPTICAL,56945.74785,56945.77882,1350.0,POLYGON 73.68133038 -67.19198535 73.5643695 -67.19556587 73.58114773 -67.24040382 73.69707202 -67.23737086 73.68133038 -67.19198535 73.68133038 -67.19198535
103,WFC3,UVIS,13282,LMC-FIELD-E,73.63125,-67.2162,F814W,...,Chu,20,2014-10-15,icco09bdq,WFC3/13282_LMC-FIELD-E/icco09bdq_flc.fits,ICCO09040,WFC3/UVIS,F814W,OPTICAL,56945.75495,56945.78477,1050.0,POLYGON 73.68133004 -67.19198525 73.56436921 -67.19556601 73.58114805 -67.24040393 73.69707231 -67.23737073 73.68133004 -67.19198525 73.68133004 -67.19198525
104,WFC3,UVIS,13282,LMC-FIELD-NE-2,76.42375,-67.87775,F475W,...,Chu,20,2014-03-04,icco04ohq,WFC3/13282_LMC-FIELD-NE-2/icco04ohq_flc.fits,ICCO04OHQ,WFC3/UVIS,F475W,OPTICAL,56720.96999,56720.97022,20.0,POLYGON ICRS  76.48847647 -67.86935578  76.40322680 -67.90122290  76.35859684 -67.88617734  76.44385696 -67.85469225  76.48847647 -67.86935578
105,WFC3,UVIS,13282,LMC-FIELD-NE-2,76.42375,-67.87775,F475W,...,Chu,20,2014-03-04,icco04ohq,WFC3/13282_LMC-FIELD-NE-2/icco04ohq_flc.fits,ICCO04OXQ,WFC3/UVIS,F555W,OPTICAL,56721.00727,56721.0075,20.0,POLYGON ICRS  76.48847647 -67.86935578  76.40322680 -67.90122290  76.35859684 -67.88617734  76.44385696 -67.85469225  76.48847647 -67.86935578
106,WFC3,UVIS,13282,LMC-FIELD-NE-2,76.42375,-67.87775,F475W,...,Chu,20,2014-03-04,icco04ohq,WFC3/13282_LMC-FIELD-NE-2/icco04ohq_flc.fits,ICCO04PIQ,WFC3/UVIS,F814W,OPTICAL,56721.06078,56721.06101,20.0,POLYGON ICRS  76.48847647 -67.86935578  76.40322680 -67.90122290  76.35859684 -67.88617734  76.44385696 -67.85469225  76.48847647 -67.86935578
107,WFC3,UVIS,13282,LMC-FIELD-NE-2,76.42375,-67.87775,F475W,...,Chu,350,2014-03-04,icco04oiq,WFC3/13282_LMC-FIELD-NE-2/icco04oiq_flc.fits,ICCO04OHQ,WFC3/UVIS,F475W,OPTICAL,56720.96999,56720.97022,20.0,POLYGON ICRS  76.48847647 -67.86935578  76.40322680 -67.90122290  76.35859684 -67.88617734  76.44385696 -67.85469225  76.48847647 -67.86935578
108,WFC3,UVIS,13282,LMC-FIELD-NE-2,76.42375,-67.87775,F475W,...,Chu,350,2014-03-04,icco04oiq,WFC3/13282_LMC-FIELD-NE-2/icco04oiq_flc.fits,ICCO04OXQ,WFC3/UVIS,F555W,OPTICAL,56721.00727,56721.0075,20.0,POLYGON ICRS  76.48847647 -67.86935578  76.40322680 -67.90122290  76.35859684 -67.88617734  76.44385696 -67.85469225  76.48847647 -67.86935578
109,WFC3,UVIS,13282,LMC-FIELD-NE-2,76.42375,-67.87775,F475W,...,Chu,350,2014-03-04,icco04oiq,WFC3/13282_LMC-FIELD-NE-2/icco04oiq_flc.fits,ICCO04PIQ,WFC3/UVIS,F814W,OPTICAL,56721.06078,56721.06101,20.0,POLYGON ICRS  76.48847647 -67.86935578  76.40322680 -67.90122290  76.35859684 -67.88617734  76.44385696 -67.85469225  76.48847647 -67.86935578
110,WFC3,UVIS,13282,LMC-FIELD-NE-2,76.42375,-67.87775,F555W,...,Chu,350,2014-03-04,icco04okq,WFC3/13282_LMC-FIELD-NE-2/icco04okq_flc.fits,ICCO04OHQ,WFC3/UVIS,F475W,OPTICAL,56720.96999,56720.97022,20.0,POLYGON ICRS  76.48847647 -67.86935578  76.40322680 -67.90122290  76.35859684 -67.88617734  76.44385696 -67.85469225  76.48847647 -67.86935578
111,WFC3,UVIS,13282,LMC-FIELD-NE-2,76.42375,-67.87775,F555W,...,Chu,350,2014-03-04,icco04okq,WFC3/13282_LMC-FIELD-NE-2/icco04okq_flc.fits,ICCO04OXQ,WFC3/UVIS,F555W,OPTICAL,56721.00727,56721.0075,20.0,POLYGON ICRS  76.48847647 -67.86935578  76.40322680 -67.90122290  76.35859684 -67.88617734  76.44385696 -67.85469225  76.48847647 -67.86935578
112,WFC3,UVIS,13282,LMC-FIELD-NE-2,76.42375,-67.87775,F555W,...,Chu,350,2014-03-04,icco04okq,WFC3/13282_LMC-FIELD-NE-2/icco04okq_flc.fits,ICCO04PIQ,WFC3/UVIS,F814W,OPTICAL,56721.06078,56721.06101,20.0,POLYGON ICRS  76.48847647 -67.86935578  76.40322680 -67.90122290  76.35859684 -67.88617734  76.44385696 -67.85469225  76.48847647 -67.86935578
113,WFC3,UVIS,13282,LMC-FIELD-NE-2,76.42375,-67.87775,F475W,...,Chu,350,2014-03-04,icco04omq,WFC3/13282_LMC-FIELD-NE-2/icco04omq_flc.fits,ICCO04OHQ,WFC3/UVIS,F475W,OPTICAL,56720.96999,56720.97022,20.0,POLYGON ICRS  76.48847647 -67.86935578  76.40322680 -67.90122290  76.35859684 -67.88617734  76.44385696 -67.85469225  76.48847647 -67.86935578
114,WFC3,UVIS,13282,LMC-FIELD-NE-2,76.42375,-67.87775,F475W,...,Chu,350,2014-03-04,icco04omq,WFC3/13282_LMC-FIELD-NE-2/icco04omq_flc.fits,ICCO04OXQ,WFC3/UVIS,F555W,OPTICAL,56721.00727,56721.0075,20.0,POLYGON ICRS  76.48847647 -67.86935578  76.40322680 -67.90122290  76.35859684 -67.88617734  76.44385696 -67.85469225  76.48847647 -67.86935578
115,WFC3,UVIS,13282,LMC-FIELD-NE-2,76.42375,-67.87775,F475W,...,Chu,350,2014-03-04,icco04omq,WFC3/13282_LMC-FIELD-NE-2/icco04omq_flc.fits,ICCO04PIQ,WFC3/UVIS,F814W,OPTICAL,56721.06078,56721.06101,20.0,POLYGON ICRS  76.48847647 -67.86935578  76.40322680 -67.90122290  76.35859684 -67.88617734  76.44385696 -67.85469225  76.48847647 -67.86935578
116,WFC3,UVIS,13282,LMC-FIELD-NE-2,76.42375,-67.87775,F555W,...,Chu,350,2014-03-04,icco04ooq,WFC3/13282_LMC-FIELD-NE-2/icco04ooq_flc.fits,ICCO04OHQ,WFC3/UVIS,F475W,OPTICAL,56720.96999,56720.97022,20.0,POLYGON ICRS  76.48847647 -67.86935578  76.40322680 -67.90122290  76.35859684 -67.88617734  76.44385696 -67.85469225  76.48847647 -67.86935578
117,WFC3,UVIS,13282,LMC-FIELD-NE-2,76.42375,-67.87775,F555W,...,Chu,350,2014-03-04,icco04ooq,WFC3/13282_LMC-FIELD-NE-2/icco04ooq_flc.fits,ICCO04OXQ,WFC3/UVIS,F555W,OPTICAL,56721.00727,56721.0075,20.0,POLYGON ICRS  76.48847647 -67.86935578  76.40322680 -67.90122290  76.35859684 -67.88617734  76.44385696 -67.85469225  76.48847647 -67.86935578
118,WFC3,UVIS,13282,LMC-FIELD-NE-2,76.42375,-67.87775,F555W,...,Chu,350,2014-03-04,icco04ooq,WFC3/13282_LMC-FIELD-NE-2/icco04ooq_flc.fits,ICCO04PIQ,WFC3/UVIS,F814W,OPTICAL,56721.06078,56721.06101,20.0,POLYGON ICRS  76.48847647 -67.86935578  76.40322680 -67.90122290  76.35859684 -67.88617734  76.44385696 -67.85469225  76.48847647 -67.86935578
119,WFC3,UVIS,13282,LMC-FIELD-NE-2,76.42375,-67.87775,F475W,...,Chu,350,2014-03-04,icco04oqq,WFC3/13282_LMC-FIELD-NE-2/icco04oqq_flc.fits,ICCO04OHQ,WFC3/UVIS,F475W,OPTICAL,56720.96999,56720.97022,20.0,POLYGON ICRS  76.48847647 -67.86935578  76.40322680 -67.90122290  76.35859684 -67.88617734  76.44385696 -67.85469225  76.48847647 -67.86935578
120,WFC3,UVIS,13282,LMC-FIELD-NE-2,76.42375,-67.87775,F475W,...,Chu,350,2014-03-04,icco04oqq,WFC3/13282_LMC-FIELD-NE-2/icco04oqq_flc.fits,ICCO04OXQ,WFC3/UVIS,F555W,OPTICAL,56721.00727,56721.0075,20.0,POLYGON ICRS  76.48847647 -67.86935578  76.40322680 -67.90122290  76.35859684 -67.88617734  76.44385696 -67.85469225  76.48847647 -67.86935578
121,WFC3,UVIS,13282,LMC-FIELD-NE-2,76.42375,-67.87775,F475W,...,Chu,350,2014-03-04,icco04oqq,WFC3/13282_LMC-FIELD-NE-2/icco04oqq_flc.fits,ICCO04PIQ,WFC3/UVIS,F814W,OPTICAL,56721.06078,56721.06101,20.0,POLYGON ICRS  76.48847647 -67.86935578  76.40322680 -67.90122290  76.35859684 -67.88617734  76.44385696 -67.85469225  76.48847647 -67.86935578
122,WFC3,UVIS,13282,LMC-FIELD-NE-2,76.42375,-67.87775,F555W,...,Chu,417,2014-03-05,icco04ovq,WFC3/13282_LMC-FIELD-NE-2/icco04ovq_flc.fits,ICCO04OHQ,WFC3/UVIS,F475W,OPTICAL,56720.96999,56720.97022,20.0,POLYGON ICRS  76.48847647 -67.86935578  76.40322680 -67.90122290  76.35859684 -67.88617734  76.44385696 -67.85469225  76.48847647 -67.86935578
123,WFC3,UVIS,13282,LMC-FIELD-NE-2,76.42375,-67.87775,F555W,...,Chu,417,2014-03-05,icco04ovq,WFC3/13282_LMC-FIELD-NE-2/icco04ovq_flc.fits,ICCO04OXQ,WFC3/UVIS,F555W,OPTICAL,56721.00727,56721.0075,20.0,POLYGON ICRS  76.48847647 -67.86935578  76.40322680 -67.90122290  76.35859684 -67.88617734  76.44385696 -67.85469225  76.48847647 -67.86935578
124,WFC3,UVIS,13282,LMC-FIELD-NE-2,76.42375,-67.87775,F555W,...,Chu,417,2014-03-05,icco04ovq,WFC3/13282_LMC-FIELD-NE-2/icco04ovq_flc.fits,ICCO04PIQ,WFC3/UVIS,F814W,OPTICAL,56721.06078,56721.06101,20.0,POLYGON ICRS  76.48847647 -67.86935578  76.40322680 -67.90122290  76.35859684 -67.88617734  76.44385696 -67.85469225  76.48847647 -67.86935578
125,WFC3,UVIS,13282,LMC-FIELD-NE-2,76.42375,-67.87775,F555W,...,Chu,20,2014-03-05,icco04oxq,WFC3/13282_LMC-FIELD-NE-2/icco04oxq_flc.fits,ICCO04OHQ,WFC3/UVIS,F475W,OPTICAL,56720.96999,56720.97022,20.0,POLYGON ICRS  76.48847647 -67.86935578  76.40322680 -67.90122290  76.35859684 -67.88617734  76.44385696 -67.85469225  76.48847647 -67.86935578
126,WFC3,UVIS,13282,LMC-FIELD-NE-2,76.42375,-67.87775,F555W,...,Chu,20,2014-03-05,icco04oxq,WFC3/13282_LMC-FIELD-NE-2/icco04oxq_flc.fits,ICCO04OXQ,WFC3/UVIS,F555W,OPTICAL,56721.00727,56721.0075,20.0,POLYGON ICRS  76.48847647 -67.86935578  76.40322680 -67.90122290  76.35859684 -67.88617734  76.44385696 -67.85469225  76.48847647 -67.86935578
127,WFC3,UVIS,13282,LMC-FIELD-NE-2,76.42375,-67.87775,F555W,...,Chu,20,2014-03-05,icco04oxq,WFC3/13282_LMC-FIELD-NE-2/icco04oxq_flc.fits,ICCO04PIQ,WFC3/UVIS,F814W,OPTICAL,56721.06078,56721.06101,20.0,POLYGON ICRS  76.48847647 -67.86935578  76.40322680 -67.90122290  76.35859684 -67.88617734  76.44385696 -67.85469225  76.48847647 -67.86935578
128,WFC3,UVIS,13282,LMC-FIELD-NE-2,76.42375,-67.87775,F814W,...,Chu,350,2014-03-05,icco04p7q,WFC3/13282_LMC-FIELD-NE-2/icco04p7q_flc.fits,ICCO04OHQ,WFC3/UVIS,F475W,OPTICAL,56720.96999,56720.97022,20.0,POLYGON ICRS  76.48847647 -67.86935578  76.40322680 -67.90122290  76.35859684 -67.88617734  76.44385696 -67.85469225  76.48847647 -67.86935578
129,WFC3,UVIS,13282,LMC-FIELD-NE-2,76.42375,-67.87775,F814W,...,Chu,350,2014-03-05,icco04p7q,WFC3/13282_LMC-FIELD-NE-2/icco04p7q_flc.fits,ICCO04OXQ,WFC3/UVIS,F555W,OPTICAL,56721.00727,56721.0075,20.0,POLYGON ICRS  76.48847647 -67.86935578  76.40322680 -67.90122290  76.35859684 -67.88617734  76.44385696 -67.85469225  76.48847647 -67.86935578
130,WFC3,UVIS,13282,LMC-FIELD-NE-2,76.42375,-67.87775,F814W,...,Chu,350,2014-03-05,icco04p7q,WFC3/13282_LMC-FIELD-NE-2/icco04p7q_flc.fits,ICCO04PIQ,WFC3/UVIS,F814W,OPTICAL,56721.06078,56721.06101,20.0,POLYGON ICRS  76.48847647 -67.86935578  76.40322680 -67.90122290  76.35859684 -67.88617734  76.44385696 -67.85469225  76.48847647 -67.86935578
131,WFC3,UVIS,13282,LMC-FIELD-NE-2,76.42375,-67.87775,F814W,...,Chu,350,2014-03-05,icco04pcq,WFC3/13282_LMC-FIELD-NE-2/icco04pcq_flc.fits,ICCO04OHQ,WFC3/UVIS,F475W,OPTICAL,56720.96999,56720.97022,20.0,POLYGON ICRS  76.48847647 -67.86935578  76.40322680 -67.90122290  76.35859684 -67.88617734  76.44385696 -67.85469225  76.48847647 -67.86935578
132,WFC3,UVIS,13282,LMC-FIELD-NE-2,76.42375,-67.87775,F814W,...,Chu,350,2014-03-05,icco04pcq,WFC3/13282_LMC-FIELD-NE-2/icco04pcq_flc.fits,ICCO04OXQ,WFC3/UVIS,F555W,OPTICAL,56721.00727,56721.0075,20.0,POLYGON ICRS  76.48847647 -67.86935578  76.40322680 -67.90122290  76.35859684 -67.88617734  76.44385696 -67.85469225  76.48847647 -67.86935578
133,WFC3,UVIS,13282,LMC-FIELD-NE-2,76.42375,-67.87775,F814W,...,Chu,350,2014-03-05,icco04pcq,WFC3/13282_LMC-FIELD-NE-2/icco04pcq_flc.fits,ICCO04PIQ,WFC3/UVIS,F814W,OPTICAL,56721.06078,56721.06101,20.0,POLYGON ICRS  76.48847647 -67.86935578  76.40322680 -67.90122290  76.35859684 -67.88617734  76.44385696 -67.85469225  76.48847647 -67.86935578
134,WFC3,UVIS,13282,LMC-FIELD-NE-2,76.42375,-67.87775,F814W,...,Chu,350,2014-03-05,icco04pgq,WFC3/13282_LMC-FIELD-NE-2/icco04pgq_flc.fits,ICCO04OHQ,WFC3/UVIS,F475W,OPTICAL,56720.96999,56720.97022,20.0,POLYGON ICRS  76.48847647 -67.86935578  76.40322680 -67.90122290  76.35859684 -67.88617734  76.44385696 -67.85469225  76.48847647 -67.86935578
135,WFC3,UVIS,13282,LMC-FIELD-NE-2,76.42375,-67.87775,F814W,...,Chu,350,2014-03-05,icco04pgq,WFC3/13282_LMC-FIELD-NE-2/icco04pgq_flc.fits,ICCO04OXQ,WFC3/UVIS,F555W,OPTICAL,56721.00727,56721.0075,20.0,POLYGON ICRS  76.48847647 -67.86935578  76.40322680 -67.90122290  76.35859684 -67.88617734  76.44385696 -67.85469225  76.48847647 -67.86935578
136,WFC3,UVIS,13282,LMC-FIELD-NE-2,76.42375,-67.87775,F814W,...,Chu,350,2014-03-05,icco04pgq,WFC3/13282_LMC-FIELD-NE-2/icco04pgq_flc.fits,ICCO04PIQ,WFC3/UVIS,F814W,OPTICAL,56721.06078,56721.06101,20.0,POLYGON ICRS  76.48847647 -67.86935578  76.40322680 -67.90122290  76.35859684 -67.88617734  76.44385696 -67.85469225  76.48847647 -67.86935578
137,WFC3,UVIS,13282,LMC-FIELD-NE-2,76.42375,-67.87775,F814W,...,Chu,20,2014-03-05,icco04piq,WFC3/13282_LMC-FIELD-NE-2/icco04piq_flc.fits,ICCO04OHQ,WFC3/UVIS,F475W,OPTICAL,56720.96999,56720.97022,20.0,POLYGON ICRS  76.48847647 -67.86935578  76.40322680 -67.90122290  76.35859684 -67.88617734  76.44385696 -67.85469225  76.48847647 -67.86935578
138,WFC3,UVIS,13282,LMC-FIELD-NE-2,76.42375,-67.87775,F814W,...,Chu,20,2014-03-05,icco04piq,WFC3/13282_LMC-FIELD-NE-2/icco04piq_flc.fits,ICCO04OXQ,WFC3/UVIS,F555W,OPTICAL,56721.00727,56721.0075,20.0,POLYGON ICRS  76.48847647 -67.86935578  76.40322680 -67.90122290  76.35859684 -67.88617734  76.44385696 -67.85469225  76.48847647 -67.86935578
139,WFC3,UVIS,13282,LMC-FIELD-NE-2,76.42375,-67.87775,F814W,...,Chu,20,2014-03-05,icco04piq,WFC3/13282_LMC-FIELD-NE-2/icco04piq_flc.fits,ICCO04PIQ,WFC3/UVIS,F814W,OPTICAL,56721.06078,56721.06101,20.0,POLYGON ICRS  76.48847647 -67.86935578  76.40322680 -67.90122290  76.35859684 -67.88617734  76.44385696 -67.85469225  76.48847647 -67.86935578
140,WFC3,UVIS,13901,LMC-FIELD-NE-3,80.35375,-66.07025,F555W,...,Stephens,400,2012-10-29,ic2o04f2q,multiband//13901_LMC-FIELD-NE-3/ic2o04f2q_flc.fits,IC2O04040,WFC3/UVIS,F555W,OPTICAL,56229.6976,56229.77167,1193.0,POLYGON 80.41024249 -66.04578487 80.29844821 -66.04290629 80.29858424 -66.08825123 80.40922375 -66.09161751 80.41024249 -66.04578487 80.41024249 -66.04578487
141,WFC3,UVIS,13901,LMC-FIELD-NE-3,80.35375,-66.07025,F555W,...,Stephens,400,2012-10-29,ic2o04f2q,multiband//13901_LMC-FIELD-NE-3/ic2o04f2q_flc.fits,IC2O04050,WFC3/UVIS,F656N,OPTICAL,56229.70388,56229.79244,1470.0,POLYGON 80.41024258 -66.04578491 80.2984483 -66.04290625 80.29858416 -66.08825119 80.40922366 -66.09161754 80.41024258 -66.04578491 80.41024258 -66.04578491
142,WFC3,UVIS,13901,LMC-FIELD-NE-3,80.35375,-66.07025,F555W,...,Stephens,400,2012-10-29,ic2o04f2q,multiband//13901_LMC-FIELD-NE-3/ic2o04f2q_flc.fits,IC2O04060,WFC3/UVIS,F814W,OPTICAL,56229.7104,56229.79062,2666.0,POLYGON 80.41024258 -66.04578491 80.2984483 -66.04290625 80.29858416 -66.08825119 80.40922366 -66.09161754 80.41024258 -66.04578491 80.41024258 -66.04578491
143,WFC3,UVIS,13901,LMC-FIELD-NE-3,80.35375,-66.07025,F555W,...,Stephens,400,2012-10-29,ic2o04f2q,multiband//13901_LMC-FIELD-NE-3/ic2o04f2q_flc.fits,IC2O04070,WFC3/IR,F110W,INFRARED,56229.81059,56229.8352,897.693786,POLYGON 80.40219873 -66.05130877 80.30938022 -66.05115988 80.30808458 -66.08522571 80.40335818 -66.08537505 80.40219873 -66.05130877 80.40219873 -66.05130877
144,WFC3,UVIS,13901,LMC-FIELD-NE-3,80.35375,-66.07025,F555W,...,Stephens,400,2012-10-29,ic2o04f2q,multiband//13901_LMC-FIELD-NE-3/ic2o04f2q_flc.fits,IC2O04080,WFC3/IR,F160W,INFRARED,56229.81441,56229.84133,1497.695619,POLYGON 80.40219873 -66.05130877 80.30938022 -66.05115988 80.30808458 -66.08522571 80.40335818 -66.08537505 80.40219873 -66.05130877 80.40219873 -66.05130877
145,WFC3,UVIS,13901,LMC-FIELD-NE-3,80.35375,-66.07025,F814W,...,Stephens,1000,2012-10-29,ic2o04f5q,multiband//13901_LMC-FIELD-NE-3/ic2o04f5q_flc.fits,IC2O04040,WFC3/UVIS,F555W,OPTICAL,56229.6976,56229.77167,1193.0,POLYGON 80.41024249 -66.04578487 80.29844821 -66.04290629 80.29858424 -66.08825123 80.40922375 -66.09161751 80.41024249 -66.04578487 80.41024249 -66.04578487
146,WFC3,UVIS,13901,LMC-FIELD-NE-3,80.35375,-66.07025,F814W,...,Stephens,1000,2012-10-29,ic2o04f5q,multiband//13901_LMC-FIELD-NE-3/ic2o04f5q_flc.fits,IC2O04050,WFC3/UVIS,F656N,OPTICAL,56229.70388,56229.79244,1470.0,POLYGON 80.41024258 -66.04578491 80.2984483 -66.04290625 80.29858416 -66.08825119 80.40922366 -66.09161754 80.41024258 -66.04578491 80.41024258 -66.04578491
147,WFC3,UVIS,13901,LMC-FIELD-NE-3,80.35375,-66.07025,F814W,...,Stephens,1000,2012-10-29,ic2o04f5q,multiband//13901_LMC-FIELD-NE-3/ic2o04f5q_flc.fits,IC2O04060,WFC3/UVIS,F814W,OPTICAL,56229.7104,56229.79062,2666.0,POLYGON 80.41024258 -66.04578491 80.2984483 -66.04290625 80.29858416 -66.08825119 80.40922366 -66.09161754 80.41024258 -66.04578491 80.41024258 -66.04578491
148,WFC3,UVIS,13901,LMC-FIELD-NE-3,80.35375,-66.07025,F814W,...,Stephens,1000,2012-10-29,ic2o04f5q,multiband//13901_LMC-FIELD-NE-3/ic2o04f5q_flc.fits,IC2O04070,WFC3/IR,F110W,INFRARED,56229.81059,56229.8352,897.693786,POLYGON 80.40219873 -66.05130877 80.30938022 -66.05115988 80.30808458 -66.08522571 80.40335818 -66.08537505 80.40219873 -66.05130877 80.40219873 -66.05130877
149,WFC3,UVIS,13901,LMC-FIELD-NE-3,80.35375,-66.07025,F814W,...,Stephens,1000,2012-10-29,ic2o04f5q,multiband//13901_LMC-FIELD-NE-3/ic2o04f5q_flc.fits,IC2O04080,WFC3/IR,F160W,INFRARED,56229.81441,56229.84133,1497.695619,POLYGON 80.40219873 -66.05130877 80.30938022 -66.05115988 80.30808458 -66.08522571 80.40335818 -66.08537505 80.40219873 -66.05130877 80.40219873 -66.05130877
150,WFC3,UVIS,13901,LMC-FIELD-NE-3,80.35375,-66.07025,F555W,...,Stephens,393,2012-10-29,ic2o04fbq,multiband//13901_LMC-FIELD-NE-3/ic2o04fbq_flc.fits,IC2O04040,WFC3/UVIS,F555W,OPTICAL,56229.6976,56229.77167,1193.0,POLYGON 80.41024249 -66.04578487 80.29844821 -66.04290629 80.29858424 -66.08825123 80.40922375 -66.09161751 80.41024249 -66.04578487 80.41024249 -66.04578487
151,WFC3,UVIS,13901,LMC-FIELD-NE-3,80.35375,-66.07025,F555W,...,Stephens,393,2012-10-29,ic2o04fbq,multiband//13901_LMC-FIELD-NE-3/ic2o04fbq_flc.fits,IC2O04050,WFC3/UVIS,F656N,OPTICAL,56229.70388,56229.79244,1470.0,POLYGON 80.41024258 -66.04578491 80.2984483 -66.04290625 80.29858416 -66.08825119 80.40922366 -66.09161754 80.41024258 -66.04578491 80.41024258 -66.04578491
152,WFC3,UVIS,13901,LMC-FIELD-NE-3,80.35375,-66.07025,F555W,...,Stephens,393,2012-10-29,ic2o04fbq,multiband//13901_LMC-FIELD-NE-3/ic2o04fbq_flc.fits,IC2O04060,WFC3/UVIS,F814W,OPTICAL,56229.7104,56229.79062,2666.0,POLYGON 80.41024258 -66.04578491 80.2984483 -66.04290625 80.29858416 -66.08825119 80.40922366 -66.09161754 80.41024258 -66.04578491 80.41024258 -66.04578491
153,WFC3,UVIS,13901,LMC-FIELD-NE-3,80.35375,-66.07025,F555W,...,Stephens,393,2012-10-29,ic2o04fbq,multiband//13901_LMC-FIELD-NE-3/ic2o04fbq_flc.fits,IC2O04070,WFC3/IR,F110W,INFRARED,56229.81059,56229.8352,897.693786,POLYGON 80.40219873 -66.05130877 80.30938022 -66.05115988 80.30808458 -66.08522571 80.40335818 -66.08537505 80.40219873 -66.05130877 80.40219873 -66.05130877
154,WFC3,UVIS,13901,LMC-FIELD-NE-3,80.35375,-66.07025,F555W,...,Stephens,393,2012-10-29,ic2o04fbq,multiband//13901_LMC-FIELD-NE-3/ic2o04fbq_flc.fits,IC2O04080,WFC3/IR,F160W,INFRARED,56229.81441,56229.84133,1497.695619,POLYGON 80.40219873 -66.05130877 80.30938022 -66.05115988 80.30808458 -66.08522571 80.40335818 -66.08537505 80.40219873 -66.05130877 80.40219873 -66.05130877
155,WFC3,UVIS,13901,LMC-FIELD-NE-3,80.35375,-66.07025,F814W,...,Stephens,1000,2012-10-29,ic2o04fcq,multiband//13901_LMC-FIELD-NE-3/ic2o04fcq_flc.fits,IC2O04040,WFC3/UVIS,F555W,OPTICAL,56229.6976,56229.77167,1193.0,POLYGON 80.41024249 -66.04578487 80.29844821 -66.04290629 80.29858424 -66.08825123 80.40922375 -66.09161751 80.41024249 -66.04578487 80.41024249 -66.04578487
156,WFC3,UVIS,13901,LMC-FIELD-NE-3,80.35375,-66.07025,F814W,...,Stephens,1000,2012-10-29,ic2o04fcq,multiband//13901_LMC-FIELD-NE-3/ic2o04fcq_flc.fits,IC2O04050,WFC3/UVIS,F656N,OPTICAL,56229.70388,56229.79244,1470.0,POLYGON 80.41024258 -66.04578491 80.2984483 -66.04290625 80.29858416 -66.08825119 80.40922366 -66.09161754 80.41024258 -66.04578491 80.41024258 -66.04578491
157,WFC3,UVIS,13901,LMC-FIELD-NE-3,80.35375,-66.07025,F814W,...,Stephens,1000,2012-10-29,ic2o04fcq,multiband//13901_LMC-FIELD-NE-3/ic2o04fcq_flc.fits,IC2O04060,WFC3/UVIS,F814W,OPTICAL,56229.7104,56229.79062,2666.0,POLYGON 80.41024258 -66.04578491 80.2984483 -66.04290625 80.29858416 -66.08825119 80.40922366 -66.09161754 80.41024258 -66.04578491 80.41024258 -66.04578491
158,WFC3,UVIS,13901,LMC-FIELD-NE-3,80.35375,-66.07025,F814W,...,Stephens,1000,2012-10-29,ic2o04fcq,multiband//13901_LMC-FIELD-NE-3/ic2o04fcq_flc.fits,IC2O04070,WFC3/IR,F110W,INFRARED,56229.81059,56229.8352,897.693786,POLYGON 80.40219873 -66.05130877 80.30938022 -66.05115988 80.30808458 -66.08522571 80.40335818 -66.08537505 80.40219873 -66.05130877 80.40219873 -66.05130877
159,WFC3,UVIS,13901,LMC-FIELD-NE-3,80.35375,-66.07025,F814W,...,Stephens,1000,2012-10-29,ic2o04fcq,multiband//13901_LMC-FIELD-NE-3/ic2o04fcq_flc.fits,IC2O04080,WFC3/IR,F160W,INFRARED,56229.81441,56229.84133,1497.695619,POLYGON 80.40219873 -66.05130877 80.30938022 -66.05115988 80.30808458 -66.08522571 80.40335818 -66.08537505 80.40219873 -66.05130877 80.40219873 -66.05130877
160,WFC3,UVIS,13901,LMC-FIELD-NE-3,80.35375,-66.07025,F555W,...,Stephens,400,2012-10-29,ic2o04fgq,multiband//13901_LMC-FIELD-NE-3/ic2o04fgq_flc.fits,IC2O04040,WFC3/UVIS,F555W,OPTICAL,56229.6976,56229.77167,1193.0,POLYGON 80.41024249 -66.04578487 80.29844821 -66.04290629 80.29858424 -66.08825123 80.40922375 -66.09161751 80.41024249 -66.04578487 80.41024249 -66.04578487
161,WFC3,UVIS,13901,LMC-FIELD-NE-3,80.35375,-66.07025,F555W,...,Stephens,400,2012-10-29,ic2o04fgq,multiband//13901_LMC-FIELD-NE-3/ic2o04fgq_flc.fits,IC2O04050,WFC3/UVIS,F656N,OPTICAL,56229.70388,56229.79244,1470.0,POLYGON 80.41024258 -66.04578491 80.2984483 -66.04290625 80.29858416 -66.08825119 80.40922366 -66.09161754 80.41024258 -66.04578491 80.41024258 -66.04578491
162,WFC3,UVIS,13901,LMC-FIELD-NE-3,80.35375,-66.07025,F555W,...,Stephens,400,2012-10-29,ic2o04fgq,multiband//13901_LMC-FIELD-NE-3/ic2o04fgq_flc.fits,IC2O04060,WFC3/UVIS,F814W,OPTICAL,56229.7104,56229.79062,2666.0,POLYGON 80.41024258 -66.04578491 80.2984483 -66.04290625 80.29858416 -66.08825119 80.40922366 -66.09161754 80.41024258 -66.04578491 80.41024258 -66.04578491
163,WFC3,UVIS,13901,LMC-FIELD-NE-3,80.35375,-66.07025,F555W,...,Stephens,400,2012-10-29,ic2o04fgq,multiband//13901_LMC-FIELD-NE-3/ic2o04fgq_flc.fits,IC2O04070,WFC3/IR,F110W,INFRARED,56229.81059,56229.8352,897.693786,POLYGON 80.40219873 -66.05130877 80.30938022 -66.05115988 80.30808458 -66.08522571 80.40335818 -66.08537505 80.40219873 -66.05130877 80.40219873 -66.05130877
164,WFC3,UVIS,13901,LMC-FIELD-NE-3,80.35375,-66.07025,F555W,...,Stephens,400,2012-10-29,ic2o04fgq,multiband//13901_LMC-FIELD-NE-3/ic2o04fgq_flc.fits,IC2O04080,WFC3/IR,F160W,INFRARED,56229.81441,56229.84133,1497.695619,POLYGON 80.40219873 -66.05130877 80.30938022 -66.05115988 80.30808458 -66.08522571 80.40335818 -66.08537505 80.40219873 -66.05130877 80.40219873 -66.05130877
165,WFC3,UVIS,13901,LMC-FIELD-NE-3,80.35375,-66.07025,F814W,...,Stephens,666,2012-10-29,ic2o04flq,multiband//13901_LMC-FIELD-NE-3/ic2o04flq_flc.fits,IC2O04040,WFC3/UVIS,F555W,OPTICAL,56229.6976,56229.77167,1193.0,POLYGON 80.41024249 -66.04578487 80.29844821 -66.04290629 80.29858424 -66.08825123 80.40922375 -66.09161751 80.41024249 -66.04578487 80.41024249 -66.04578487
166,WFC3,UVIS,13901,LMC-FIELD-NE-3,80.35375,-66.07025,F814W,...,Stephens,666,2012-10-29,ic2o04flq,multiband//13901_LMC-FIELD-NE-3/ic2o04flq_flc.fits,IC2O04050,WFC3/UVIS,F656N,OPTICAL,56229.70388,56229.79244,1470.0,POLYGON 80.41024258 -66.04578491 80.2984483 -66.04290625 80.29858416 -66.08825119 80.40922366 -66.09161754 80.41024258 -66.04578491 80.41024258 -66.04578491
167,WFC3,UVIS,13901,LMC-FIELD-NE-3,80.35375,-66.07025,F814W,...,Stephens,666,2012-10-29,ic2o04flq,multiband//13901_LMC-FIELD-NE-3/ic2o04flq_flc.fits,IC2O04060,WFC3/UVIS,F814W,OPTICAL,56229.7104,56229.79062,2666.0,POLYGON 80.41024258 -66.04578491 80.2984483 -66.04290625 80.29858416 -66.08825119 80.40922366 -66.09161754 80.41024258 -66.04578491 80.41024258 -66.04578491
168,WFC3,UVIS,13901,LMC-FIELD-NE-3,80.35375,-66.07025,F814W,...,Stephens,666,2012-10-29,ic2o04flq,multiband//13901_LMC-FIELD-NE-3/ic2o04flq_flc.fits,IC2O04070,WFC3/IR,F110W,INFRARED,56229.81059,56229.8352,897.693786,POLYGON 80.40219873 -66.05130877 80.30938022 -66.05115988 80.30808458 -66.08522571 80.40335818 -66.08537505 80.40219873 -66.05130877 80.40219873 -66.05130877
169,WFC3,UVIS,13901,LMC-FIELD-NE-3,80.35375,-66.07025,F814W,...,Stephens,666,2012-10-29,ic2o04flq,multiband//13901_LMC-FIELD-NE-3/ic2o04flq_flc.fits,IC2O04080,WFC3/IR,F160W,INFRARED,56229.81441,56229.84133,1497.695619,POLYGON 80.40219873 -66.05130877 80.30938022 -66.05115988 80.30808458 -66.08522571 80.40335818 -66.08537505 80.40219873 -66.05130877 80.40219873 -66.05130877
170,WFC3,UVIS,13901,NGC376,16.01918,-72.831,F656N,...,De Marchi,700,2013-08-01,ibyy91agq,multiband//13901_NGC376/ibyy91agq_flc.fits,IBYY91020,WFC3/UVIS,F656N,OPTICAL,56505.8341,56505.91272,2389.0,POLYGON 16.12313393 -72.84350545 16.05713707 -72.80206727 15.91447702 -72.8191158 15.98120246 -72.85992099 16.12313393 -72.84350545 16.12313393 -72.84350545
171,WFC3,UVIS,13901,NGC376,16.01918,-72.831,F656N,...,De Marchi,707,2013-08-01,ibyy91akq,multiband//13901_NGC376/ibyy91akq_flc.fits,IBYY91020,WFC3/UVIS,F656N,OPTICAL,56505.8341,56505.91272,2389.0,POLYGON 16.12313393 -72.84350545 16.05713707 -72.80206727 15.91447702 -72.8191158 15.98120246 -72.85992099 16.12313393 -72.84350545 16.12313393 -72.84350545
172,WFC3,UVIS,13901,NGC376,16.01918,-72.831,F656N,...,De Marchi,982,2013-08-01,ibyy91aoq,multiband//13901_NGC376/ibyy91aoq_flc.fits,IBYY91020,WFC3/UVIS,F656N,OPTICAL,56505.8341,56505.91272,2389.0,POLYGON 16.12313393 -72.84350545 16.05713707 -72.80206727 15.91447702 -72.8191158 15.98120246 -72.85992099 16.12313393 -72.84350545 16.12313393 -72.84350545
